"STATION","NAME","DATE","TAVG"
"USW00094823","PITTSBURGH ASOS, PA US","2015-01-01","25"
"USW00094823","PITTSBURGH ASOS, PA US","2015-01-02","31"
"USW00094823","PITTSBURGH ASOS, PA US","2015-01-03","32"
"USW00094823","PITTSBURGH ASOS, PA US","2015-01-04","53"
"USW00094823","PITTSBURGH ASOS, PA US","2015-01-05","24"
"USW00094823","PITTSBURGH ASOS, PA US","2015-01-06","15"
"USW00094823","PITTSBURGH ASOS, PA US","2015-01-07","12"
"USW00094823","PITTSBURGH ASOS, PA US","2015-01-08","4"
"USW00094823","PITTSBURGH ASOS, PA US","2015-01-09","17"
"USW00094823","PITTSBURGH ASOS, PA US","2015-01-10","7"
"USW00094823","PITTSBURGH ASOS, PA US","2015-01-11","21"
"USW00094823","PITTSBURGH ASOS, PA US","2015-01-12","34"
"USW00094823","PITTSBURGH ASOS, PA US","2015-01-13","22"
"USW00094823","PITTSBURGH ASOS, PA US","2015-01-14","18"
"USW00094823","PITTSBURGH ASOS, PA US","2015-01-15","22"
"USW00094823","PITTSBURGH ASOS, PA US","2015-01-16","29"
"USW00094823","PITTSBURGH ASOS, PA US","2015-01-17","29"
"USW00094823","PITTSBURGH ASOS, PA US","2015-01-18","42"
"USW00094823","PITTSBURGH ASOS, PA US","2015-01-19","35"
"USW00094823","PITTSBURGH ASOS, PA US","2015-01-20","32"
"USW00094823","PITTSBURGH ASOS, PA US","2015-01-21","32"
"USW00094823","PITTSBURGH ASOS, PA US","2015-01-22","32"
"USW00094823","PITTSBURGH ASOS, PA US","2015-01-23","30"
"USW00094823","PITTSBURGH ASOS, PA US","2015-01-24","29"
"USW00094823","PITTSBURGH ASOS, PA US","2015-01-25","33"
"USW00094823","PITTSBURGH ASOS, PA US","2015-01-26","28"
"USW00094823","PITTSBURGH ASOS, PA US","2015-01-27","20"
"USW00094823","PITTSBURGH ASOS, PA US","2015-01-28","17"
"USW00094823","PITTSBURGH ASOS, PA US","2015-01-29","25"
"USW00094823","PITTSBURGH ASOS, PA US","2015-01-30","26"
"USW00094823","PITTSBURGH ASOS, PA US","2015-01-31","15"
"USW00094823","PITTSBURGH ASOS, PA US","2015-02-01","29"
"USW00094823","PITTSBURGH ASOS, PA US","2015-02-02","29"
"USW00094823","PITTSBURGH ASOS, PA US","2015-02-03","16"
"USW00094823","PITTSBURGH ASOS, PA US","2015-02-04","32"
"USW00094823","PITTSBURGH ASOS, PA US","2015-02-05","20"
"USW00094823","PITTSBURGH ASOS, PA US","2015-02-06","15"
"USW00094823","PITTSBURGH ASOS, PA US","2015-02-07","32"
"USW00094823","PITTSBURGH ASOS, PA US","2015-02-08","46"
"USW00094823","PITTSBURGH ASOS, PA US","2015-02-09","34"
"USW00094823","PITTSBURGH ASOS, PA US","2015-02-10","23"
"USW00094823","PITTSBURGH ASOS, PA US","2015-02-11","25"
"USW00094823","PITTSBURGH ASOS, PA US","2015-02-12","26"
"USW00094823","PITTSBURGH ASOS, PA US","2015-02-13","9"
"USW00094823","PITTSBURGH ASOS, PA US","2015-02-14","21"
"USW00094823","PITTSBURGH ASOS, PA US","2015-02-15","2"
"USW00094823","PITTSBURGH ASOS, PA US","2015-02-16","0"
"USW00094823","PITTSBURGH ASOS, PA US","2015-02-17","10"
"USW00094823","PITTSBURGH ASOS, PA US","2015-02-18","17"
"USW00094823","PITTSBURGH ASOS, PA US","2015-02-19","5"
"USW00094823","PITTSBURGH ASOS, PA US","2015-02-20","0"
"USW00094823","PITTSBURGH ASOS, PA US","2015-02-21","18"
"USW00094823","PITTSBURGH ASOS, PA US","2015-02-22","30"
"USW00094823","PITTSBURGH ASOS, PA US","2015-02-23","15"
"USW00094823","PITTSBURGH ASOS, PA US","2015-02-24","7"
"USW00094823","PITTSBURGH ASOS, PA US","2015-02-25","26"
"USW00094823","PITTSBURGH ASOS, PA US","2015-02-26","20"
"USW00094823","PITTSBURGH ASOS, PA US","2015-02-27","10"
"USW00094823","PITTSBURGH ASOS, PA US","2015-02-28","11"
"USW00094823","PITTSBURGH ASOS, PA US","2015-03-01","27"
"USW00094823","PITTSBURGH ASOS, PA US","2015-03-02","28"
"USW00094823","PITTSBURGH ASOS, PA US","2015-03-03","25"
"USW00094823","PITTSBURGH ASOS, PA US","2015-03-04","38"
"USW00094823","PITTSBURGH ASOS, PA US","2015-03-05","21"
"USW00094823","PITTSBURGH ASOS, PA US","2015-03-06","9"
"USW00094823","PITTSBURGH ASOS, PA US","2015-03-07","24"
"USW00094823","PITTSBURGH ASOS, PA US","2015-03-08","39"
"USW00094823","PITTSBURGH ASOS, PA US","2015-03-09","43"
"USW00094823","PITTSBURGH ASOS, PA US","2015-03-10","40"
"USW00094823","PITTSBURGH ASOS, PA US","2015-03-11","42"
"USW00094823","PITTSBURGH ASOS, PA US","2015-03-12","37"
"USW00094823","PITTSBURGH ASOS, PA US","2015-03-13","44"
"USW00094823","PITTSBURGH ASOS, PA US","2015-03-14","47"
"USW00094823","PITTSBURGH ASOS, PA US","2015-03-15","40"
"USW00094823","PITTSBURGH ASOS, PA US","2015-03-16","46"
"USW00094823","PITTSBURGH ASOS, PA US","2015-03-17","50"
"USW00094823","PITTSBURGH ASOS, PA US","2015-03-18","32"
"USW00094823","PITTSBURGH ASOS, PA US","2015-03-19","36"
"USW00094823","PITTSBURGH ASOS, PA US","2015-03-20","39"
"USW00094823","PITTSBURGH ASOS, PA US","2015-03-21","44"
"USW00094823","PITTSBURGH ASOS, PA US","2015-03-22","34"
"USW00094823","PITTSBURGH ASOS, PA US","2015-03-23","29"
"USW00094823","PITTSBURGH ASOS, PA US","2015-03-24","35"
"USW00094823","PITTSBURGH ASOS, PA US","2015-03-25","44"
"USW00094823","PITTSBURGH ASOS, PA US","2015-03-26","47"
"USW00094823","PITTSBURGH ASOS, PA US","2015-03-27","34"
"USW00094823","PITTSBURGH ASOS, PA US","2015-03-28","22"
"USW00094823","PITTSBURGH ASOS, PA US","2015-03-29","27"
"USW00094823","PITTSBURGH ASOS, PA US","2015-03-30","43"
"USW00094823","PITTSBURGH ASOS, PA US","2015-03-31","47"
"USW00094823","PITTSBURGH ASOS, PA US","2015-04-01","40"
"USW00094823","PITTSBURGH ASOS, PA US","2015-04-02","51"
"USW00094823","PITTSBURGH ASOS, PA US","2015-04-03","59"
"USW00094823","PITTSBURGH ASOS, PA US","2015-04-04","43"
"USW00094823","PITTSBURGH ASOS, PA US","2015-04-05","50"
"USW00094823","PITTSBURGH ASOS, PA US","2015-04-06","54"
"USW00094823","PITTSBURGH ASOS, PA US","2015-04-07","57"
"USW00094823","PITTSBURGH ASOS, PA US","2015-04-08","62"
"USW00094823","PITTSBURGH ASOS, PA US","2015-04-09","63"
"USW00094823","PITTSBURGH ASOS, PA US","2015-04-10","62"
"USW00094823","PITTSBURGH ASOS, PA US","2015-04-11","51"
"USW00094823","PITTSBURGH ASOS, PA US","2015-04-12","51"
"USW00094823","PITTSBURGH ASOS, PA US","2015-04-13","65"
"USW00094823","PITTSBURGH ASOS, PA US","2015-04-14","60"
"USW00094823","PITTSBURGH ASOS, PA US","2015-04-15","55"
"USW00094823","PITTSBURGH ASOS, PA US","2015-04-16","54"
"USW00094823","PITTSBURGH ASOS, PA US","2015-04-17","60"
"USW00094823","PITTSBURGH ASOS, PA US","2015-04-18","62"
"USW00094823","PITTSBURGH ASOS, PA US","2015-04-19","62"
"USW00094823","PITTSBURGH ASOS, PA US","2015-04-20","59"
"USW00094823","PITTSBURGH ASOS, PA US","2015-04-21","52"
"USW00094823","PITTSBURGH ASOS, PA US","2015-04-22","46"
"USW00094823","PITTSBURGH ASOS, PA US","2015-04-23","40"
"USW00094823","PITTSBURGH ASOS, PA US","2015-04-24","41"
"USW00094823","PITTSBURGH ASOS, PA US","2015-04-25","43"
"USW00094823","PITTSBURGH ASOS, PA US","2015-04-26","50"
"USW00094823","PITTSBURGH ASOS, PA US","2015-04-27","44"
"USW00094823","PITTSBURGH ASOS, PA US","2015-04-28","49"
"USW00094823","PITTSBURGH ASOS, PA US","2015-04-29","55"
"USW00094823","PITTSBURGH ASOS, PA US","2015-04-30","55"
"USW00094823","PITTSBURGH ASOS, PA US","2015-05-01","54"
"USW00094823","PITTSBURGH ASOS, PA US","2015-05-02","59"
"USW00094823","PITTSBURGH ASOS, PA US","2015-05-03","63"
"USW00094823","PITTSBURGH ASOS, PA US","2015-05-04","67"
"USW00094823","PITTSBURGH ASOS, PA US","2015-05-05","65"
"USW00094823","PITTSBURGH ASOS, PA US","2015-05-06","69"
"USW00094823","PITTSBURGH ASOS, PA US","2015-05-07","72"
"USW00094823","PITTSBURGH ASOS, PA US","2015-05-08","74"
"USW00094823","PITTSBURGH ASOS, PA US","2015-05-09","77"
"USW00094823","PITTSBURGH ASOS, PA US","2015-05-10","77"
"USW00094823","PITTSBURGH ASOS, PA US","2015-05-11","77"
"USW00094823","PITTSBURGH ASOS, PA US","2015-05-12","69"
"USW00094823","PITTSBURGH ASOS, PA US","2015-05-13","51"
"USW00094823","PITTSBURGH ASOS, PA US","2015-05-14","52"
"USW00094823","PITTSBURGH ASOS, PA US","2015-05-15","66"
"USW00094823","PITTSBURGH ASOS, PA US","2015-05-16","71"
"USW00094823","PITTSBURGH ASOS, PA US","2015-05-17","70"
"USW00094823","PITTSBURGH ASOS, PA US","2015-05-18","73"
"USW00094823","PITTSBURGH ASOS, PA US","2015-05-19","70"
"USW00094823","PITTSBURGH ASOS, PA US","2015-05-20","52"
"USW00094823","PITTSBURGH ASOS, PA US","2015-05-21","51"
"USW00094823","PITTSBURGH ASOS, PA US","2015-05-22","54"
"USW00094823","PITTSBURGH ASOS, PA US","2015-05-23","55"
"USW00094823","PITTSBURGH ASOS, PA US","2015-05-24","65"
"USW00094823","PITTSBURGH ASOS, PA US","2015-05-25","72"
"USW00094823","PITTSBURGH ASOS, PA US","2015-05-26","74"
"USW00094823","PITTSBURGH ASOS, PA US","2015-05-27","73"
"USW00094823","PITTSBURGH ASOS, PA US","2015-05-28","72"
"USW00094823","PITTSBURGH ASOS, PA US","2015-05-29","73"
"USW00094823","PITTSBURGH ASOS, PA US","2015-05-30","74"
"USW00094823","PITTSBURGH ASOS, PA US","2015-05-31","74"
"USW00094823","PITTSBURGH ASOS, PA US","2015-06-01","55"
"USW00094823","PITTSBURGH ASOS, PA US","2015-06-02","57"
"USW00094823","PITTSBURGH ASOS, PA US","2015-06-03","61"
"USW00094823","PITTSBURGH ASOS, PA US","2015-06-04","66"
"USW00094823","PITTSBURGH ASOS, PA US","2015-06-05","70"
"USW00094823","PITTSBURGH ASOS, PA US","2015-06-06","68"
"USW00094823","PITTSBURGH ASOS, PA US","2015-06-07","69"
"USW00094823","PITTSBURGH ASOS, PA US","2015-06-08","76"
"USW00094823","PITTSBURGH ASOS, PA US","2015-06-09","67"
"USW00094823","PITTSBURGH ASOS, PA US","2015-06-10","71"
"USW00094823","PITTSBURGH ASOS, PA US","2015-06-11","80"
"USW00094823","PITTSBURGH ASOS, PA US","2015-06-12","79"
"USW00094823","PITTSBURGH ASOS, PA US","2015-06-13","74"
"USW00094823","PITTSBURGH ASOS, PA US","2015-06-14","74"
"USW00094823","PITTSBURGH ASOS, PA US","2015-06-15","75"
"USW00094823","PITTSBURGH ASOS, PA US","2015-06-16","75"
"USW00094823","PITTSBURGH ASOS, PA US","2015-06-17","67"
"USW00094823","PITTSBURGH ASOS, PA US","2015-06-18","73"
"USW00094823","PITTSBURGH ASOS, PA US","2015-06-19","71"
"USW00094823","PITTSBURGH ASOS, PA US","2015-06-20","70"
"USW00094823","PITTSBURGH ASOS, PA US","2015-06-21","75"
"USW00094823","PITTSBURGH ASOS, PA US","2015-06-22","76"
"USW00094823","PITTSBURGH ASOS, PA US","2015-06-23","79"
"USW00094823","PITTSBURGH ASOS, PA US","2015-06-24","70"
"USW00094823","PITTSBURGH ASOS, PA US","2015-06-25","69"
"USW00094823","PITTSBURGH ASOS, PA US","2015-06-26","69"
"USW00094823","PITTSBURGH ASOS, PA US","2015-06-27","70"
"USW00094823","PITTSBURGH ASOS, PA US","2015-06-28","63"
"USW00094823","PITTSBURGH ASOS, PA US","2015-06-29","63"
"USW00094823","PITTSBURGH ASOS, PA US","2015-06-30","67"
"USW00094823","PITTSBURGH ASOS, PA US","2015-07-01","66"
"USW00094823","PITTSBURGH ASOS, PA US","2015-07-02","68"
"USW00094823","PITTSBURGH ASOS, PA US","2015-07-03","69"
"USW00094823","PITTSBURGH ASOS, PA US","2015-07-04","71"
"USW00094823","PITTSBURGH ASOS, PA US","2015-07-05","70"
"USW00094823","PITTSBURGH ASOS, PA US","2015-07-06","75"
"USW00094823","PITTSBURGH ASOS, PA US","2015-07-07","75"
"USW00094823","PITTSBURGH ASOS, PA US","2015-07-08","70"
"USW00094823","PITTSBURGH ASOS, PA US","2015-07-09","72"
"USW00094823","PITTSBURGH ASOS, PA US","2015-07-10","68"
"USW00094823","PITTSBURGH ASOS, PA US","2015-07-11","72"
"USW00094823","PITTSBURGH ASOS, PA US","2015-07-12","71"
"USW00094823","PITTSBURGH ASOS, PA US","2015-07-13","72"
"USW00094823","PITTSBURGH ASOS, PA US","2015-07-14","73"
"USW00094823","PITTSBURGH ASOS, PA US","2015-07-15","71"
"USW00094823","PITTSBURGH ASOS, PA US","2015-07-16","67"
"USW00094823","PITTSBURGH ASOS, PA US","2015-07-17","71"
"USW00094823","PITTSBURGH ASOS, PA US","2015-07-18","80"
"USW00094823","PITTSBURGH ASOS, PA US","2015-07-19","81"
"USW00094823","PITTSBURGH ASOS, PA US","2015-07-20","76"
"USW00094823","PITTSBURGH ASOS, PA US","2015-07-21","76"
"USW00094823","PITTSBURGH ASOS, PA US","2015-07-22","69"
"USW00094823","PITTSBURGH ASOS, PA US","2015-07-23","70"
"USW00094823","PITTSBURGH ASOS, PA US","2015-07-24","71"
"USW00094823","PITTSBURGH ASOS, PA US","2015-07-25","75"
"USW00094823","PITTSBURGH ASOS, PA US","2015-07-26","77"
"USW00094823","PITTSBURGH ASOS, PA US","2015-07-27","77"
"USW00094823","PITTSBURGH ASOS, PA US","2015-07-28","80"
"USW00094823","PITTSBURGH ASOS, PA US","2015-07-29","81"
"USW00094823","PITTSBURGH ASOS, PA US","2015-07-30","81"
"USW00094823","PITTSBURGH ASOS, PA US","2015-07-31","75"
"USW00094823","PITTSBURGH ASOS, PA US","2015-08-01","75"
"USW00094823","PITTSBURGH ASOS, PA US","2015-08-02","74"
"USW00094823","PITTSBURGH ASOS, PA US","2015-08-03","74"
"USW00094823","PITTSBURGH ASOS, PA US","2015-08-04","71"
"USW00094823","PITTSBURGH ASOS, PA US","2015-08-05","71"
"USW00094823","PITTSBURGH ASOS, PA US","2015-08-06","67"
"USW00094823","PITTSBURGH ASOS, PA US","2015-08-07","68"
"USW00094823","PITTSBURGH ASOS, PA US","2015-08-08","73"
"USW00094823","PITTSBURGH ASOS, PA US","2015-08-09","77"
"USW00094823","PITTSBURGH ASOS, PA US","2015-08-10","76"
"USW00094823","PITTSBURGH ASOS, PA US","2015-08-11","75"
"USW00094823","PITTSBURGH ASOS, PA US","2015-08-12","70"
"USW00094823","PITTSBURGH ASOS, PA US","2015-08-13","66"
"USW00094823","PITTSBURGH ASOS, PA US","2015-08-14","72"
"USW00094823","PITTSBURGH ASOS, PA US","2015-08-15","76"
"USW00094823","PITTSBURGH ASOS, PA US","2015-08-16","77"
"USW00094823","PITTSBURGH ASOS, PA US","2015-08-17","79"
"USW00094823","PITTSBURGH ASOS, PA US","2015-08-18","75"
"USW00094823","PITTSBURGH ASOS, PA US","2015-08-19","76"
"USW00094823","PITTSBURGH ASOS, PA US","2015-08-20","77"
"USW00094823","PITTSBURGH ASOS, PA US","2015-08-21","68"
"USW00094823","PITTSBURGH ASOS, PA US","2015-08-22","68"
"USW00094823","PITTSBURGH ASOS, PA US","2015-08-23","69"
"USW00094823","PITTSBURGH ASOS, PA US","2015-08-24","72"
"USW00094823","PITTSBURGH ASOS, PA US","2015-08-25","65"
"USW00094823","PITTSBURGH ASOS, PA US","2015-08-26","62"
"USW00094823","PITTSBURGH ASOS, PA US","2015-08-27","64"
"USW00094823","PITTSBURGH ASOS, PA US","2015-08-28","67"
"USW00094823","PITTSBURGH ASOS, PA US","2015-08-29","69"
"USW00094823","PITTSBURGH ASOS, PA US","2015-08-30","75"
"USW00094823","PITTSBURGH ASOS, PA US","2015-08-31","76"
"USW00094823","PITTSBURGH ASOS, PA US","2015-09-01","78"
"USW00094823","PITTSBURGH ASOS, PA US","2015-09-02","79"
"USW00094823","PITTSBURGH ASOS, PA US","2015-09-03","78"
"USW00094823","PITTSBURGH ASOS, PA US","2015-09-04","76"
"USW00094823","PITTSBURGH ASOS, PA US","2015-09-05","76"
"USW00094823","PITTSBURGH ASOS, PA US","2015-09-06","76"
"USW00094823","PITTSBURGH ASOS, PA US","2015-09-07","79"
"USW00094823","PITTSBURGH ASOS, PA US","2015-09-08","79"
"USW00094823","PITTSBURGH ASOS, PA US","2015-09-09","78"
"USW00094823","PITTSBURGH ASOS, PA US","2015-09-10","69"
"USW00094823","PITTSBURGH ASOS, PA US","2015-09-11","67"
"USW00094823","PITTSBURGH ASOS, PA US","2015-09-12","63"
"USW00094823","PITTSBURGH ASOS, PA US","2015-09-13","57"
"USW00094823","PITTSBURGH ASOS, PA US","2015-09-14","60"
"USW00094823","PITTSBURGH ASOS, PA US","2015-09-15","64"
"USW00094823","PITTSBURGH ASOS, PA US","2015-09-16","68"
"USW00094823","PITTSBURGH ASOS, PA US","2015-09-17","69"
"USW00094823","PITTSBURGH ASOS, PA US","2015-09-18","70"
"USW00094823","PITTSBURGH ASOS, PA US","2015-09-19","73"
"USW00094823","PITTSBURGH ASOS, PA US","2015-09-20","62"
"USW00094823","PITTSBURGH ASOS, PA US","2015-09-21","62"
"USW00094823","PITTSBURGH ASOS, PA US","2015-09-22","65"
"USW00094823","PITTSBURGH ASOS, PA US","2015-09-23","66"
"USW00094823","PITTSBURGH ASOS, PA US","2015-09-24","67"
"USW00094823","PITTSBURGH ASOS, PA US","2015-09-25","67"
"USW00094823","PITTSBURGH ASOS, PA US","2015-09-26","66"
"USW00094823","PITTSBURGH ASOS, PA US","2015-09-27","67"
"USW00094823","PITTSBURGH ASOS, PA US","2015-09-28","66"
"USW00094823","PITTSBURGH ASOS, PA US","2015-09-29","69"
"USW00094823","PITTSBURGH ASOS, PA US","2015-09-30","63"
"USW00094823","PITTSBURGH ASOS, PA US","2015-10-01","58"
"USW00094823","PITTSBURGH ASOS, PA US","2015-10-02","53"
"USW00094823","PITTSBURGH ASOS, PA US","2015-10-03","47"
"USW00094823","PITTSBURGH ASOS, PA US","2015-10-04","55"
"USW00094823","PITTSBURGH ASOS, PA US","2015-10-05","58"
"USW00094823","PITTSBURGH ASOS, PA US","2015-10-06","62"
"USW00094823","PITTSBURGH ASOS, PA US","2015-10-07","65"
"USW00094823","PITTSBURGH ASOS, PA US","2015-10-08","63"
"USW00094823","PITTSBURGH ASOS, PA US","2015-10-09","65"
"USW00094823","PITTSBURGH ASOS, PA US","2015-10-10","56"
"USW00094823","PITTSBURGH ASOS, PA US","2015-10-11","53"
"USW00094823","PITTSBURGH ASOS, PA US","2015-10-12","59"
"USW00094823","PITTSBURGH ASOS, PA US","2015-10-13","61"
"USW00094823","PITTSBURGH ASOS, PA US","2015-10-14","54"
"USW00094823","PITTSBURGH ASOS, PA US","2015-10-15","51"
"USW00094823","PITTSBURGH ASOS, PA US","2015-10-16","51"
"USW00094823","PITTSBURGH ASOS, PA US","2015-10-17","43"
"USW00094823","PITTSBURGH ASOS, PA US","2015-10-18","38"
"USW00094823","PITTSBURGH ASOS, PA US","2015-10-19","41"
"USW00094823","PITTSBURGH ASOS, PA US","2015-10-20","57"
"USW00094823","PITTSBURGH ASOS, PA US","2015-10-21","57"
"USW00094823","PITTSBURGH ASOS, PA US","2015-10-22","63"
"USW00094823","PITTSBURGH ASOS, PA US","2015-10-23","54"
"USW00094823","PITTSBURGH ASOS, PA US","2015-10-24","56"
"USW00094823","PITTSBURGH ASOS, PA US","2015-10-25","58"
"USW00094823","PITTSBURGH ASOS, PA US","2015-10-26","47"
"USW00094823","PITTSBURGH ASOS, PA US","2015-10-27","48"
"USW00094823","PITTSBURGH ASOS, PA US","2015-10-28","56"
"USW00094823","PITTSBURGH ASOS, PA US","2015-10-29","56"
"USW00094823","PITTSBURGH ASOS, PA US","2015-10-30","45"
"USW00094823","PITTSBURGH ASOS, PA US","2015-10-31","48"
"USW00094823","PITTSBURGH ASOS, PA US","2015-11-01","57"
"USW00094823","PITTSBURGH ASOS, PA US","2015-11-02","56"
"USW00094823","PITTSBURGH ASOS, PA US","2015-11-03","55"
"USW00094823","PITTSBURGH ASOS, PA US","2015-11-04","60"
"USW00094823","PITTSBURGH ASOS, PA US","2015-11-05","66"
"USW00094823","PITTSBURGH ASOS, PA US","2015-11-06","66"
"USW00094823","PITTSBURGH ASOS, PA US","2015-11-07","51"
"USW00094823","PITTSBURGH ASOS, PA US","2015-11-08","43"
"USW00094823","PITTSBURGH ASOS, PA US","2015-11-09","42"
"USW00094823","PITTSBURGH ASOS, PA US","2015-11-10","52"
"USW00094823","PITTSBURGH ASOS, PA US","2015-11-11","47"
"USW00094823","PITTSBURGH ASOS, PA US","2015-11-12","49"
"USW00094823","PITTSBURGH ASOS, PA US","2015-11-13","46"
"USW00094823","PITTSBURGH ASOS, PA US","2015-11-14","42"
"USW00094823","PITTSBURGH ASOS, PA US","2015-11-15","47"
"USW00094823","PITTSBURGH ASOS, PA US","2015-11-16","50"
"USW00094823","PITTSBURGH ASOS, PA US","2015-11-17","52"
"USW00094823","PITTSBURGH ASOS, PA US","2015-11-18","58"
"USW00094823","PITTSBURGH ASOS, PA US","2015-11-19","60"
"USW00094823","PITTSBURGH ASOS, PA US","2015-11-20","43"
"USW00094823","PITTSBURGH ASOS, PA US","2015-11-21","41"
"USW00094823","PITTSBURGH ASOS, PA US","2015-11-22","37"
"USW00094823","PITTSBURGH ASOS, PA US","2015-11-23","28"
"USW00094823","PITTSBURGH ASOS, PA US","2015-11-24","37"
"USW00094823","PITTSBURGH ASOS, PA US","2015-11-25","40"
"USW00094823","PITTSBURGH ASOS, PA US","2015-11-26","51"
"USW00094823","PITTSBURGH ASOS, PA US","2015-11-27","56"
"USW00094823","PITTSBURGH ASOS, PA US","2015-11-28","51"
"USW00094823","PITTSBURGH ASOS, PA US","2015-11-29","39"
"USW00094823","PITTSBURGH ASOS, PA US","2015-11-30","37"
"USW00094823","PITTSBURGH ASOS, PA US","2015-12-01","47"
"USW00094823","PITTSBURGH ASOS, PA US","2015-12-02","48"
"USW00094823","PITTSBURGH ASOS, PA US","2015-12-03","37"
"USW00094823","PITTSBURGH ASOS, PA US","2015-12-04","39"
"USW00094823","PITTSBURGH ASOS, PA US","2015-12-05","33"
"USW00094823","PITTSBURGH ASOS, PA US","2015-12-06","34"
"USW00094823","PITTSBURGH ASOS, PA US","2015-12-07","35"
"USW00094823","PITTSBURGH ASOS, PA US","2015-12-08","37"
"USW00094823","PITTSBURGH ASOS, PA US","2015-12-09","42"
"USW00094823","PITTSBURGH ASOS, PA US","2015-12-10","48"
"USW00094823","PITTSBURGH ASOS, PA US","2015-12-11","52"
"USW00094823","PITTSBURGH ASOS, PA US","2015-12-12","58"
"USW00094823","PITTSBURGH ASOS, PA US","2015-12-13","61"
"USW00094823","PITTSBURGH ASOS, PA US","2015-12-14","56"
"USW00094823","PITTSBURGH ASOS, PA US","2015-12-15","48"
"USW00094823","PITTSBURGH ASOS, PA US","2015-12-16","46"
"USW00094823","PITTSBURGH ASOS, PA US","2015-12-17","49"
"USW00094823","PITTSBURGH ASOS, PA US","2015-12-18","32"
"USW00094823","PITTSBURGH ASOS, PA US","2015-12-19","29"
"USW00094823","PITTSBURGH ASOS, PA US","2015-12-20","29"
"USW00094823","PITTSBURGH ASOS, PA US","2015-12-21","43"
"USW00094823","PITTSBURGH ASOS, PA US","2015-12-22","54"
"USW00094823","PITTSBURGH ASOS, PA US","2015-12-23","54"
"USW00094823","PITTSBURGH ASOS, PA US","2015-12-24","59"
"USW00094823","PITTSBURGH ASOS, PA US","2015-12-25","49"
"USW00094823","PITTSBURGH ASOS, PA US","2015-12-26","49"
"USW00094823","PITTSBURGH ASOS, PA US","2015-12-27","56"
"USW00094823","PITTSBURGH ASOS, PA US","2015-12-28","37"
"USW00094823","PITTSBURGH ASOS, PA US","2015-12-29","45"
"USW00094823","PITTSBURGH ASOS, PA US","2015-12-30","43"
"USW00094823","PITTSBURGH ASOS, PA US","2015-12-31","37"
"USW00094823","PITTSBURGH ASOS, PA US","2016-01-01","31"
"USW00094823","PITTSBURGH ASOS, PA US","2016-01-02","30"
"USW00094823","PITTSBURGH ASOS, PA US","2016-01-03","32"
"USW00094823","PITTSBURGH ASOS, PA US","2016-01-04","26"
"USW00094823","PITTSBURGH ASOS, PA US","2016-01-05","15"
"USW00094823","PITTSBURGH ASOS, PA US","2016-01-06","23"
"USW00094823","PITTSBURGH ASOS, PA US","2016-01-07","29"
"USW00094823","PITTSBURGH ASOS, PA US","2016-01-08","30"
"USW00094823","PITTSBURGH ASOS, PA US","2016-01-09","45"
"USW00094823","PITTSBURGH ASOS, PA US","2016-01-10","42"
"USW00094823","PITTSBURGH ASOS, PA US","2016-01-11","19"
"USW00094823","PITTSBURGH ASOS, PA US","2016-01-12","24"
"USW00094823","PITTSBURGH ASOS, PA US","2016-01-13","11"
"USW00094823","PITTSBURGH ASOS, PA US","2016-01-14","28"
"USW00094823","PITTSBURGH ASOS, PA US","2016-01-15","42"
"USW00094823","PITTSBURGH ASOS, PA US","2016-01-16","38"
"USW00094823","PITTSBURGH ASOS, PA US","2016-01-17","29"
"USW00094823","PITTSBURGH ASOS, PA US","2016-01-18","10"
"USW00094823","PITTSBURGH ASOS, PA US","2016-01-19","10"
"USW00094823","PITTSBURGH ASOS, PA US","2016-01-20","12"
"USW00094823","PITTSBURGH ASOS, PA US","2016-01-21","16"
"USW00094823","PITTSBURGH ASOS, PA US","2016-01-22","17"
"USW00094823","PITTSBURGH ASOS, PA US","2016-01-23","21"
"USW00094823","PITTSBURGH ASOS, PA US","2016-01-24","17"
"USW00094823","PITTSBURGH ASOS, PA US","2016-01-25","27"
"USW00094823","PITTSBURGH ASOS, PA US","2016-01-26","43"
"USW00094823","PITTSBURGH ASOS, PA US","2016-01-27","31"
"USW00094823","PITTSBURGH ASOS, PA US","2016-01-28","28"
"USW00094823","PITTSBURGH ASOS, PA US","2016-01-29","32"
"USW00094823","PITTSBURGH ASOS, PA US","2016-01-30","32"
"USW00094823","PITTSBURGH ASOS, PA US","2016-01-31","53"
"USW00094823","PITTSBURGH ASOS, PA US","2016-02-01","49"
"USW00094823","PITTSBURGH ASOS, PA US","2016-02-02","35"
"USW00094823","PITTSBURGH ASOS, PA US","2016-02-03","52"
"USW00094823","PITTSBURGH ASOS, PA US","2016-02-04","40"
"USW00094823","PITTSBURGH ASOS, PA US","2016-02-05","30"
"USW00094823","PITTSBURGH ASOS, PA US","2016-02-06","33"
"USW00094823","PITTSBURGH ASOS, PA US","2016-02-07","35"
"USW00094823","PITTSBURGH ASOS, PA US","2016-02-08","37"
"USW00094823","PITTSBURGH ASOS, PA US","2016-02-09","31"
"USW00094823","PITTSBURGH ASOS, PA US","2016-02-10","22"
"USW00094823","PITTSBURGH ASOS, PA US","2016-02-11","15"
"USW00094823","PITTSBURGH ASOS, PA US","2016-02-12","12"
"USW00094823","PITTSBURGH ASOS, PA US","2016-02-13","12"
"USW00094823","PITTSBURGH ASOS, PA US","2016-02-14","7"
"USW00094823","PITTSBURGH ASOS, PA US","2016-02-15","24"
"USW00094823","PITTSBURGH ASOS, PA US","2016-02-16","33"
"USW00094823","PITTSBURGH ASOS, PA US","2016-02-17","31"
"USW00094823","PITTSBURGH ASOS, PA US","2016-02-18","24"
"USW00094823","PITTSBURGH ASOS, PA US","2016-02-19","36"
"USW00094823","PITTSBURGH ASOS, PA US","2016-02-20","58"
"USW00094823","PITTSBURGH ASOS, PA US","2016-02-21","48"
"USW00094823","PITTSBURGH ASOS, PA US","2016-02-22","38"
"USW00094823","PITTSBURGH ASOS, PA US","2016-02-23","41"
"USW00094823","PITTSBURGH ASOS, PA US","2016-02-24","45"
"USW00094823","PITTSBURGH ASOS, PA US","2016-02-25","38"
"USW00094823","PITTSBURGH ASOS, PA US","2016-02-26","27"
"USW00094823","PITTSBURGH ASOS, PA US","2016-02-27","30"
"USW00094823","PITTSBURGH ASOS, PA US","2016-02-28","46"
"USW00094823","PITTSBURGH ASOS, PA US","2016-02-29","49"
"USW00094823","PITTSBURGH ASOS, PA US","2016-03-01","46"
"USW00094823","PITTSBURGH ASOS, PA US","2016-03-02","33"
"USW00094823","PITTSBURGH ASOS, PA US","2016-03-03","27"
"USW00094823","PITTSBURGH ASOS, PA US","2016-03-04","31"
"USW00094823","PITTSBURGH ASOS, PA US","2016-03-05","33"
"USW00094823","PITTSBURGH ASOS, PA US","2016-03-06","36"
"USW00094823","PITTSBURGH ASOS, PA US","2016-03-07","44"
"USW00094823","PITTSBURGH ASOS, PA US","2016-03-08","59"
"USW00094823","PITTSBURGH ASOS, PA US","2016-03-09","62"
"USW00094823","PITTSBURGH ASOS, PA US","2016-03-10","62"
"USW00094823","PITTSBURGH ASOS, PA US","2016-03-11","50"
"USW00094823","PITTSBURGH ASOS, PA US","2016-03-12","49"
"USW00094823","PITTSBURGH ASOS, PA US","2016-03-13","55"
"USW00094823","PITTSBURGH ASOS, PA US","2016-03-14","58"
"USW00094823","PITTSBURGH ASOS, PA US","2016-03-15","54"
"USW00094823","PITTSBURGH ASOS, PA US","2016-03-16","57"
"USW00094823","PITTSBURGH ASOS, PA US","2016-03-17","54"
"USW00094823","PITTSBURGH ASOS, PA US","2016-03-18","48"
"USW00094823","PITTSBURGH ASOS, PA US","2016-03-19","37"
"USW00094823","PITTSBURGH ASOS, PA US","2016-03-20","36"
"USW00094823","PITTSBURGH ASOS, PA US","2016-03-21","34"
"USW00094823","PITTSBURGH ASOS, PA US","2016-03-22","42"
"USW00094823","PITTSBURGH ASOS, PA US","2016-03-23","60"
"USW00094823","PITTSBURGH ASOS, PA US","2016-03-24","62"
"USW00094823","PITTSBURGH ASOS, PA US","2016-03-25","49"
"USW00094823","PITTSBURGH ASOS, PA US","2016-03-26","41"
"USW00094823","PITTSBURGH ASOS, PA US","2016-03-27","53"
"USW00094823","PITTSBURGH ASOS, PA US","2016-03-28","54"
"USW00094823","PITTSBURGH ASOS, PA US","2016-03-29","43"
"USW00094823","PITTSBURGH ASOS, PA US","2016-03-30","47"
"USW00094823","PITTSBURGH ASOS, PA US","2016-03-31","65"
"USW00094823","PITTSBURGH ASOS, PA US","2016-04-01","62"
"USW00094823","PITTSBURGH ASOS, PA US","2016-04-02","46"
"USW00094823","PITTSBURGH ASOS, PA US","2016-04-03","34"
"USW00094823","PITTSBURGH ASOS, PA US","2016-04-04","47"
"USW00094823","PITTSBURGH ASOS, PA US","2016-04-05","31"
"USW00094823","PITTSBURGH ASOS, PA US","2016-04-06","42"
"USW00094823","PITTSBURGH ASOS, PA US","2016-04-07","49"
"USW00094823","PITTSBURGH ASOS, PA US","2016-04-08","38"
"USW00094823","PITTSBURGH ASOS, PA US","2016-04-09","34"
"USW00094823","PITTSBURGH ASOS, PA US","2016-04-10","29"
"USW00094823","PITTSBURGH ASOS, PA US","2016-04-11","53"
"USW00094823","PITTSBURGH ASOS, PA US","2016-04-12","46"
"USW00094823","PITTSBURGH ASOS, PA US","2016-04-13","42"
"USW00094823","PITTSBURGH ASOS, PA US","2016-04-14","51"
"USW00094823","PITTSBURGH ASOS, PA US","2016-04-15","57"
"USW00094823","PITTSBURGH ASOS, PA US","2016-04-16","60"
"USW00094823","PITTSBURGH ASOS, PA US","2016-04-17","64"
"USW00094823","PITTSBURGH ASOS, PA US","2016-04-18","67"
"USW00094823","PITTSBURGH ASOS, PA US","2016-04-19","65"
"USW00094823","PITTSBURGH ASOS, PA US","2016-04-20","59"
"USW00094823","PITTSBURGH ASOS, PA US","2016-04-21","66"
"USW00094823","PITTSBURGH ASOS, PA US","2016-04-22","62"
"USW00094823","PITTSBURGH ASOS, PA US","2016-04-23","55"
"USW00094823","PITTSBURGH ASOS, PA US","2016-04-24","53"
"USW00094823","PITTSBURGH ASOS, PA US","2016-04-25","62"
"USW00094823","PITTSBURGH ASOS, PA US","2016-04-26","70"
"USW00094823","PITTSBURGH ASOS, PA US","2016-04-27","54"
"USW00094823","PITTSBURGH ASOS, PA US","2016-04-28","53"
"USW00094823","PITTSBURGH ASOS, PA US","2016-04-29","49"
"USW00094823","PITTSBURGH ASOS, PA US","2016-04-30","54"
"USW00094823","PITTSBURGH ASOS, PA US","2016-05-01","61"
"USW00094823","PITTSBURGH ASOS, PA US","2016-05-02","60"
"USW00094823","PITTSBURGH ASOS, PA US","2016-05-03","54"
"USW00094823","PITTSBURGH ASOS, PA US","2016-05-04","56"
"USW00094823","PITTSBURGH ASOS, PA US","2016-05-05","54"
"USW00094823","PITTSBURGH ASOS, PA US","2016-05-06","57"
"USW00094823","PITTSBURGH ASOS, PA US","2016-05-07","58"
"USW00094823","PITTSBURGH ASOS, PA US","2016-05-08","58"
"USW00094823","PITTSBURGH ASOS, PA US","2016-05-09","54"
"USW00094823","PITTSBURGH ASOS, PA US","2016-05-10","56"
"USW00094823","PITTSBURGH ASOS, PA US","2016-05-11","63"
"USW00094823","PITTSBURGH ASOS, PA US","2016-05-12","65"
"USW00094823","PITTSBURGH ASOS, PA US","2016-05-13","65"
"USW00094823","PITTSBURGH ASOS, PA US","2016-05-14","54"
"USW00094823","PITTSBURGH ASOS, PA US","2016-05-15","44"
"USW00094823","PITTSBURGH ASOS, PA US","2016-05-16","48"
"USW00094823","PITTSBURGH ASOS, PA US","2016-05-17","56"
"USW00094823","PITTSBURGH ASOS, PA US","2016-05-18","55"
"USW00094823","PITTSBURGH ASOS, PA US","2016-05-19","55"
"USW00094823","PITTSBURGH ASOS, PA US","2016-05-20","60"
"USW00094823","PITTSBURGH ASOS, PA US","2016-05-21","59"
"USW00094823","PITTSBURGH ASOS, PA US","2016-05-22","55"
"USW00094823","PITTSBURGH ASOS, PA US","2016-05-23","61"
"USW00094823","PITTSBURGH ASOS, PA US","2016-05-24","66"
"USW00094823","PITTSBURGH ASOS, PA US","2016-05-25","71"
"USW00094823","PITTSBURGH ASOS, PA US","2016-05-26","74"
"USW00094823","PITTSBURGH ASOS, PA US","2016-05-27","76"
"USW00094823","PITTSBURGH ASOS, PA US","2016-05-28","78"
"USW00094823","PITTSBURGH ASOS, PA US","2016-05-29","76"
"USW00094823","PITTSBURGH ASOS, PA US","2016-05-30","71"
"USW00094823","PITTSBURGH ASOS, PA US","2016-05-31","74"
"USW00094823","PITTSBURGH ASOS, PA US","2016-06-01","76"
"USW00094823","PITTSBURGH ASOS, PA US","2016-06-02","76"
"USW00094823","PITTSBURGH ASOS, PA US","2016-06-03","74"
"USW00094823","PITTSBURGH ASOS, PA US","2016-06-04","74"
"USW00094823","PITTSBURGH ASOS, PA US","2016-06-05","71"
"USW00094823","PITTSBURGH ASOS, PA US","2016-06-06","69"
"USW00094823","PITTSBURGH ASOS, PA US","2016-06-07","65"
"USW00094823","PITTSBURGH ASOS, PA US","2016-06-08","59"
"USW00094823","PITTSBURGH ASOS, PA US","2016-06-09","60"
"USW00094823","PITTSBURGH ASOS, PA US","2016-06-10","68"
"USW00094823","PITTSBURGH ASOS, PA US","2016-06-11","78"
"USW00094823","PITTSBURGH ASOS, PA US","2016-06-12","76"
"USW00094823","PITTSBURGH ASOS, PA US","2016-06-13","64"
"USW00094823","PITTSBURGH ASOS, PA US","2016-06-14","67"
"USW00094823","PITTSBURGH ASOS, PA US","2016-06-15","74"
"USW00094823","PITTSBURGH ASOS, PA US","2016-06-16","72"
"USW00094823","PITTSBURGH ASOS, PA US","2016-06-17","71"
"USW00094823","PITTSBURGH ASOS, PA US","2016-06-18","74"
"USW00094823","PITTSBURGH ASOS, PA US","2016-06-19","75"
"USW00094823","PITTSBURGH ASOS, PA US","2016-06-20","76"
"USW00094823","PITTSBURGH ASOS, PA US","2016-06-21","79"
"USW00094823","PITTSBURGH ASOS, PA US","2016-06-22","71"
"USW00094823","PITTSBURGH ASOS, PA US","2016-06-23","70"
"USW00094823","PITTSBURGH ASOS, PA US","2016-06-24","73"
"USW00094823","PITTSBURGH ASOS, PA US","2016-06-25","75"
"USW00094823","PITTSBURGH ASOS, PA US","2016-06-26","79"
"USW00094823","PITTSBURGH ASOS, PA US","2016-06-27","79"
"USW00094823","PITTSBURGH ASOS, PA US","2016-06-28","76"
"USW00094823","PITTSBURGH ASOS, PA US","2016-06-29","65"
"USW00094823","PITTSBURGH ASOS, PA US","2016-06-30","68"
"USW00094823","PITTSBURGH ASOS, PA US","2016-07-01","70"
"USW00094823","PITTSBURGH ASOS, PA US","2016-07-02","65"
"USW00094823","PITTSBURGH ASOS, PA US","2016-07-03","65"
"USW00094823","PITTSBURGH ASOS, PA US","2016-07-04","69"
"USW00094823","PITTSBURGH ASOS, PA US","2016-07-05","74"
"USW00094823","PITTSBURGH ASOS, PA US","2016-07-06","78"
"USW00094823","PITTSBURGH ASOS, PA US","2016-07-07","76"
"USW00094823","PITTSBURGH ASOS, PA US","2016-07-08","76"
"USW00094823","PITTSBURGH ASOS, PA US","2016-07-09","77"
"USW00094823","PITTSBURGH ASOS, PA US","2016-07-10","72"
"USW00094823","PITTSBURGH ASOS, PA US","2016-07-11","74"
"USW00094823","PITTSBURGH ASOS, PA US","2016-07-12","78"
"USW00094823","PITTSBURGH ASOS, PA US","2016-07-13","79"
"USW00094823","PITTSBURGH ASOS, PA US","2016-07-14","78"
"USW00094823","PITTSBURGH ASOS, PA US","2016-07-15","76"
"USW00094823","PITTSBURGH ASOS, PA US","2016-07-16","75"
"USW00094823","PITTSBURGH ASOS, PA US","2016-07-17","74"
"USW00094823","PITTSBURGH ASOS, PA US","2016-07-18","79"
"USW00094823","PITTSBURGH ASOS, PA US","2016-07-19","78"
"USW00094823","PITTSBURGH ASOS, PA US","2016-07-20","74"
"USW00094823","PITTSBURGH ASOS, PA US","2016-07-21","75"
"USW00094823","PITTSBURGH ASOS, PA US","2016-07-22","79"
"USW00094823","PITTSBURGH ASOS, PA US","2016-07-23","80"
"USW00094823","PITTSBURGH ASOS, PA US","2016-07-24","78"
"USW00094823","PITTSBURGH ASOS, PA US","2016-07-25","80"
"USW00094823","PITTSBURGH ASOS, PA US","2016-07-26","79"
"USW00094823","PITTSBURGH ASOS, PA US","2016-07-27","78"
"USW00094823","PITTSBURGH ASOS, PA US","2016-07-28","74"
"USW00094823","PITTSBURGH ASOS, PA US","2016-07-29","72"
"USW00094823","PITTSBURGH ASOS, PA US","2016-07-30","73"
"USW00094823","PITTSBURGH ASOS, PA US","2016-07-31","72"
"USW00094823","PITTSBURGH ASOS, PA US","2016-08-01","76"
"USW00094823","PITTSBURGH ASOS, PA US","2016-08-02","75"
"USW00094823","PITTSBURGH ASOS, PA US","2016-08-03","77"
"USW00094823","PITTSBURGH ASOS, PA US","2016-08-04","76"
"USW00094823","PITTSBURGH ASOS, PA US","2016-08-05","77"
"USW00094823","PITTSBURGH ASOS, PA US","2016-08-06","78"
"USW00094823","PITTSBURGH ASOS, PA US","2016-08-07","72"
"USW00094823","PITTSBURGH ASOS, PA US","2016-08-08","74"
"USW00094823","PITTSBURGH ASOS, PA US","2016-08-09","77"
"USW00094823","PITTSBURGH ASOS, PA US","2016-08-10","80"
"USW00094823","PITTSBURGH ASOS, PA US","2016-08-11","80"
"USW00094823","PITTSBURGH ASOS, PA US","2016-08-12","80"
"USW00094823","PITTSBURGH ASOS, PA US","2016-08-13","81"
"USW00094823","PITTSBURGH ASOS, PA US","2016-08-14","76"
"USW00094823","PITTSBURGH ASOS, PA US","2016-08-15","73"
"USW00094823","PITTSBURGH ASOS, PA US","2016-08-16","78"
"USW00094823","PITTSBURGH ASOS, PA US","2016-08-17","73"
"USW00094823","PITTSBURGH ASOS, PA US","2016-08-18","74"
"USW00094823","PITTSBURGH ASOS, PA US","2016-08-19","74"
"USW00094823","PITTSBURGH ASOS, PA US","2016-08-20","77"
"USW00094823","PITTSBURGH ASOS, PA US","2016-08-21","75"
"USW00094823","PITTSBURGH ASOS, PA US","2016-08-22","68"
"USW00094823","PITTSBURGH ASOS, PA US","2016-08-23","69"
"USW00094823","PITTSBURGH ASOS, PA US","2016-08-24","72"
"USW00094823","PITTSBURGH ASOS, PA US","2016-08-25","78"
"USW00094823","PITTSBURGH ASOS, PA US","2016-08-26","79"
"USW00094823","PITTSBURGH ASOS, PA US","2016-08-27","77"
"USW00094823","PITTSBURGH ASOS, PA US","2016-08-28","80"
"USW00094823","PITTSBURGH ASOS, PA US","2016-08-29","75"
"USW00094823","PITTSBURGH ASOS, PA US","2016-08-30","74"
"USW00094823","PITTSBURGH ASOS, PA US","2016-08-31","73"
"USW00094823","PITTSBURGH ASOS, PA US","2016-09-01","70"
"USW00094823","PITTSBURGH ASOS, PA US","2016-09-02","66"
"USW00094823","PITTSBURGH ASOS, PA US","2016-09-03","68"
"USW00094823","PITTSBURGH ASOS, PA US","2016-09-04","68"
"USW00094823","PITTSBURGH ASOS, PA US","2016-09-05","71"
"USW00094823","PITTSBURGH ASOS, PA US","2016-09-06","74"
"USW00094823","PITTSBURGH ASOS, PA US","2016-09-07","78"
"USW00094823","PITTSBURGH ASOS, PA US","2016-09-08","80"
"USW00094823","PITTSBURGH ASOS, PA US","2016-09-09","75"
"USW00094823","PITTSBURGH ASOS, PA US","2016-09-10","78"
"USW00094823","PITTSBURGH ASOS, PA US","2016-09-11","68"
"USW00094823","PITTSBURGH ASOS, PA US","2016-09-12","66"
"USW00094823","PITTSBURGH ASOS, PA US","2016-09-13","71"
"USW00094823","PITTSBURGH ASOS, PA US","2016-09-14","68"
"USW00094823","PITTSBURGH ASOS, PA US","2016-09-15","65"
"USW00094823","PITTSBURGH ASOS, PA US","2016-09-16","67"
"USW00094823","PITTSBURGH ASOS, PA US","2016-09-17","72"
"USW00094823","PITTSBURGH ASOS, PA US","2016-09-18","72"
"USW00094823","PITTSBURGH ASOS, PA US","2016-09-19","71"
"USW00094823","PITTSBURGH ASOS, PA US","2016-09-20","71"
"USW00094823","PITTSBURGH ASOS, PA US","2016-09-21","72"
"USW00094823","PITTSBURGH ASOS, PA US","2016-09-22","72"
"USW00094823","PITTSBURGH ASOS, PA US","2016-09-23","73"
"USW00094823","PITTSBURGH ASOS, PA US","2016-09-24","70"
"USW00094823","PITTSBURGH ASOS, PA US","2016-09-25","62"
"USW00094823","PITTSBURGH ASOS, PA US","2016-09-26","63"
"USW00094823","PITTSBURGH ASOS, PA US","2016-09-27","61"
"USW00094823","PITTSBURGH ASOS, PA US","2016-09-28","61"
"USW00094823","PITTSBURGH ASOS, PA US","2016-09-29","61"
"USW00094823","PITTSBURGH ASOS, PA US","2016-09-30","59"
"USW00094823","PITTSBURGH ASOS, PA US","2016-10-01","61"
"USW00094823","PITTSBURGH ASOS, PA US","2016-10-02","61"
"USW00094823","PITTSBURGH ASOS, PA US","2016-10-03","59"
"USW00094823","PITTSBURGH ASOS, PA US","2016-10-04","60"
"USW00094823","PITTSBURGH ASOS, PA US","2016-10-05","62"
"USW00094823","PITTSBURGH ASOS, PA US","2016-10-06","61"
"USW00094823","PITTSBURGH ASOS, PA US","2016-10-07","62"
"USW00094823","PITTSBURGH ASOS, PA US","2016-10-08","62"
"USW00094823","PITTSBURGH ASOS, PA US","2016-10-09","51"
"USW00094823","PITTSBURGH ASOS, PA US","2016-10-10","50"
"USW00094823","PITTSBURGH ASOS, PA US","2016-10-11","50"
"USW00094823","PITTSBURGH ASOS, PA US","2016-10-12","58"
"USW00094823","PITTSBURGH ASOS, PA US","2016-10-13","59"
"USW00094823","PITTSBURGH ASOS, PA US","2016-10-14","47"
"USW00094823","PITTSBURGH ASOS, PA US","2016-10-15","53"
"USW00094823","PITTSBURGH ASOS, PA US","2016-10-16","66"
"USW00094823","PITTSBURGH ASOS, PA US","2016-10-17","68"
"USW00094823","PITTSBURGH ASOS, PA US","2016-10-18","70"
"USW00094823","PITTSBURGH ASOS, PA US","2016-10-19","71"
"USW00094823","PITTSBURGH ASOS, PA US","2016-10-20","67"
"USW00094823","PITTSBURGH ASOS, PA US","2016-10-21","55"
"USW00094823","PITTSBURGH ASOS, PA US","2016-10-22","45"
"USW00094823","PITTSBURGH ASOS, PA US","2016-10-23","49"
"USW00094823","PITTSBURGH ASOS, PA US","2016-10-24","55"
"USW00094823","PITTSBURGH ASOS, PA US","2016-10-25","46"
"USW00094823","PITTSBURGH ASOS, PA US","2016-10-26","40"
"USW00094823","PITTSBURGH ASOS, PA US","2016-10-27","51"
"USW00094823","PITTSBURGH ASOS, PA US","2016-10-28","46"
"USW00094823","PITTSBURGH ASOS, PA US","2016-10-29","56"
"USW00094823","PITTSBURGH ASOS, PA US","2016-10-30","65"
"USW00094823","PITTSBURGH ASOS, PA US","2016-10-31","47"
"USW00094823","PITTSBURGH ASOS, PA US","2016-11-01","53"
"USW00094823","PITTSBURGH ASOS, PA US","2016-11-02","68"
"USW00094823","PITTSBURGH ASOS, PA US","2016-11-03","65"
"USW00094823","PITTSBURGH ASOS, PA US","2016-11-04","51"
"USW00094823","PITTSBURGH ASOS, PA US","2016-11-05","48"
"USW00094823","PITTSBURGH ASOS, PA US","2016-11-06","52"
"USW00094823","PITTSBURGH ASOS, PA US","2016-11-07","51"
"USW00094823","PITTSBURGH ASOS, PA US","2016-11-08","51"
"USW00094823","PITTSBURGH ASOS, PA US","2016-11-09","51"
"USW00094823","PITTSBURGH ASOS, PA US","2016-11-10","46"
"USW00094823","PITTSBURGH ASOS, PA US","2016-11-11","50"
"USW00094823","PITTSBURGH ASOS, PA US","2016-11-12","39"
"USW00094823","PITTSBURGH ASOS, PA US","2016-11-13","41"
"USW00094823","PITTSBURGH ASOS, PA US","2016-11-14","43"
"USW00094823","PITTSBURGH ASOS, PA US","2016-11-15","45"
"USW00094823","PITTSBURGH ASOS, PA US","2016-11-16","49"
"USW00094823","PITTSBURGH ASOS, PA US","2016-11-17","44"
"USW00094823","PITTSBURGH ASOS, PA US","2016-11-18","54"
"USW00094823","PITTSBURGH ASOS, PA US","2016-11-19","51"
"USW00094823","PITTSBURGH ASOS, PA US","2016-11-20","33"
"USW00094823","PITTSBURGH ASOS, PA US","2016-11-21","31"
"USW00094823","PITTSBURGH ASOS, PA US","2016-11-22","31"
"USW00094823","PITTSBURGH ASOS, PA US","2016-11-23","33"
"USW00094823","PITTSBURGH ASOS, PA US","2016-11-24","46"
"USW00094823","PITTSBURGH ASOS, PA US","2016-11-25","45"
"USW00094823","PITTSBURGH ASOS, PA US","2016-11-26","39"
"USW00094823","PITTSBURGH ASOS, PA US","2016-11-27","40"
"USW00094823","PITTSBURGH ASOS, PA US","2016-11-28","40"
"USW00094823","PITTSBURGH ASOS, PA US","2016-11-29","54"
"USW00094823","PITTSBURGH ASOS, PA US","2016-11-30","53"
"USW00094823","PITTSBURGH ASOS, PA US","2016-12-01","44"
"USW00094823","PITTSBURGH ASOS, PA US","2016-12-02","38"
"USW00094823","PITTSBURGH ASOS, PA US","2016-12-03","38"
"USW00094823","PITTSBURGH ASOS, PA US","2016-12-04","37"
"USW00094823","PITTSBURGH ASOS, PA US","2016-12-05","41"
"USW00094823","PITTSBURGH ASOS, PA US","2016-12-06","37"
"USW00094823","PITTSBURGH ASOS, PA US","2016-12-07","39"
"USW00094823","PITTSBURGH ASOS, PA US","2016-12-08","33"
"USW00094823","PITTSBURGH ASOS, PA US","2016-12-09","25"
"USW00094823","PITTSBURGH ASOS, PA US","2016-12-10","26"
"USW00094823","PITTSBURGH ASOS, PA US","2016-12-11","26"
"USW00094823","PITTSBURGH ASOS, PA US","2016-12-12","38"
"USW00094823","PITTSBURGH ASOS, PA US","2016-12-13","30"
"USW00094823","PITTSBURGH ASOS, PA US","2016-12-14","26"
"USW00094823","PITTSBURGH ASOS, PA US","2016-12-15","15"
"USW00094823","PITTSBURGH ASOS, PA US","2016-12-16","10"
"USW00094823","PITTSBURGH ASOS, PA US","2016-12-17","31"
"USW00094823","PITTSBURGH ASOS, PA US","2016-12-18","42"
"USW00094823","PITTSBURGH ASOS, PA US","2016-12-19","23"
"USW00094823","PITTSBURGH ASOS, PA US","2016-12-20","23"
"USW00094823","PITTSBURGH ASOS, PA US","2016-12-21","31"
"USW00094823","PITTSBURGH ASOS, PA US","2016-12-22","36"
"USW00094823","PITTSBURGH ASOS, PA US","2016-12-23","34"
"USW00094823","PITTSBURGH ASOS, PA US","2016-12-24","42"
"USW00094823","PITTSBURGH ASOS, PA US","2016-12-25","36"
"USW00094823","PITTSBURGH ASOS, PA US","2016-12-26","44"
"USW00094823","PITTSBURGH ASOS, PA US","2016-12-27","51"
"USW00094823","PITTSBURGH ASOS, PA US","2016-12-28","36"
"USW00094823","PITTSBURGH ASOS, PA US","2016-12-29","35"
"USW00094823","PITTSBURGH ASOS, PA US","2016-12-30","30"
"USW00094823","PITTSBURGH ASOS, PA US","2016-12-31","31"
"USW00094823","PITTSBURGH ASOS, PA US","2017-01-01","37"
"USW00094823","PITTSBURGH ASOS, PA US","2017-01-02","41"
"USW00094823","PITTSBURGH ASOS, PA US","2017-01-03","45"
"USW00094823","PITTSBURGH ASOS, PA US","2017-01-04","39"
"USW00094823","PITTSBURGH ASOS, PA US","2017-01-05","21"
"USW00094823","PITTSBURGH ASOS, PA US","2017-01-06","14"
"USW00094823","PITTSBURGH ASOS, PA US","2017-01-07","10"
"USW00094823","PITTSBURGH ASOS, PA US","2017-01-08","11"
"USW00094823","PITTSBURGH ASOS, PA US","2017-01-09","14"
"USW00094823","PITTSBURGH ASOS, PA US","2017-01-10","30"
"USW00094823","PITTSBURGH ASOS, PA US","2017-01-11","48"
"USW00094823","PITTSBURGH ASOS, PA US","2017-01-12","59"
"USW00094823","PITTSBURGH ASOS, PA US","2017-01-13","36"
"USW00094823","PITTSBURGH ASOS, PA US","2017-01-14","30"
"USW00094823","PITTSBURGH ASOS, PA US","2017-01-15","30"
"USW00094823","PITTSBURGH ASOS, PA US","2017-01-16","30"
"USW00094823","PITTSBURGH ASOS, PA US","2017-01-17","46"
"USW00094823","PITTSBURGH ASOS, PA US","2017-01-18","45"
"USW00094823","PITTSBURGH ASOS, PA US","2017-01-19","39"
"USW00094823","PITTSBURGH ASOS, PA US","2017-01-20","41"
"USW00094823","PITTSBURGH ASOS, PA US","2017-01-21","52"
"USW00094823","PITTSBURGH ASOS, PA US","2017-01-22","54"
"USW00094823","PITTSBURGH ASOS, PA US","2017-01-23","48"
"USW00094823","PITTSBURGH ASOS, PA US","2017-01-24","37"
"USW00094823","PITTSBURGH ASOS, PA US","2017-01-25","42"
"USW00094823","PITTSBURGH ASOS, PA US","2017-01-26","41"
"USW00094823","PITTSBURGH ASOS, PA US","2017-01-27","31"
"USW00094823","PITTSBURGH ASOS, PA US","2017-01-28","29"
"USW00094823","PITTSBURGH ASOS, PA US","2017-01-29","30"
"USW00094823","PITTSBURGH ASOS, PA US","2017-01-30","26"
"USW00094823","PITTSBURGH ASOS, PA US","2017-01-31","30"
"USW00094823","PITTSBURGH ASOS, PA US","2017-02-01","37"
"USW00094823","PITTSBURGH ASOS, PA US","2017-02-02","33"
"USW00094823","PITTSBURGH ASOS, PA US","2017-02-03","22"
"USW00094823","PITTSBURGH ASOS, PA US","2017-02-04","21"
"USW00094823","PITTSBURGH ASOS, PA US","2017-02-05","34"
"USW00094823","PITTSBURGH ASOS, PA US","2017-02-06","39"
"USW00094823","PITTSBURGH ASOS, PA US","2017-02-07","52"
"USW00094823","PITTSBURGH ASOS, PA US","2017-02-08","48"
"USW00094823","PITTSBURGH ASOS, PA US","2017-02-09","26"
"USW00094823","PITTSBURGH ASOS, PA US","2017-02-10","19"
"USW00094823","PITTSBURGH ASOS, PA US","2017-02-11","42"
"USW00094823","PITTSBURGH ASOS, PA US","2017-02-12","48"
"USW00094823","PITTSBURGH ASOS, PA US","2017-02-13","35"
"USW00094823","PITTSBURGH ASOS, PA US","2017-02-14","35"
"USW00094823","PITTSBURGH ASOS, PA US","2017-02-15","38"
"USW00094823","PITTSBURGH ASOS, PA US","2017-02-16","26"
"USW00094823","PITTSBURGH ASOS, PA US","2017-02-17","31"
"USW00094823","PITTSBURGH ASOS, PA US","2017-02-18","53"
"USW00094823","PITTSBURGH ASOS, PA US","2017-02-19","54"
"USW00094823","PITTSBURGH ASOS, PA US","2017-02-20","48"
"USW00094823","PITTSBURGH ASOS, PA US","2017-02-21","53"
"USW00094823","PITTSBURGH ASOS, PA US","2017-02-22","58"
"USW00094823","PITTSBURGH ASOS, PA US","2017-02-23","60"
"USW00094823","PITTSBURGH ASOS, PA US","2017-02-24","64"
"USW00094823","PITTSBURGH ASOS, PA US","2017-02-25","54"
"USW00094823","PITTSBURGH ASOS, PA US","2017-02-26","31"
"USW00094823","PITTSBURGH ASOS, PA US","2017-02-27","38"
"USW00094823","PITTSBURGH ASOS, PA US","2017-02-28","45"
"USW00094823","PITTSBURGH ASOS, PA US","2017-03-01","58"
"USW00094823","PITTSBURGH ASOS, PA US","2017-03-02","37"
"USW00094823","PITTSBURGH ASOS, PA US","2017-03-03","27"
"USW00094823","PITTSBURGH ASOS, PA US","2017-03-04","24"
"USW00094823","PITTSBURGH ASOS, PA US","2017-03-05","28"
"USW00094823","PITTSBURGH ASOS, PA US","2017-03-06","45"
"USW00094823","PITTSBURGH ASOS, PA US","2017-03-07","53"
"USW00094823","PITTSBURGH ASOS, PA US","2017-03-08","47"
"USW00094823","PITTSBURGH ASOS, PA US","2017-03-09","49"
"USW00094823","PITTSBURGH ASOS, PA US","2017-03-10","34"
"USW00094823","PITTSBURGH ASOS, PA US","2017-03-11","21"
"USW00094823","PITTSBURGH ASOS, PA US","2017-03-12","22"
"USW00094823","PITTSBURGH ASOS, PA US","2017-03-13","27"
"USW00094823","PITTSBURGH ASOS, PA US","2017-03-14","29"
"USW00094823","PITTSBURGH ASOS, PA US","2017-03-15","19"
"USW00094823","PITTSBURGH ASOS, PA US","2017-03-16","26"
"USW00094823","PITTSBURGH ASOS, PA US","2017-03-17","29"
"USW00094823","PITTSBURGH ASOS, PA US","2017-03-18","36"
"USW00094823","PITTSBURGH ASOS, PA US","2017-03-19","36"
"USW00094823","PITTSBURGH ASOS, PA US","2017-03-20","40"
"USW00094823","PITTSBURGH ASOS, PA US","2017-03-21","50"
"USW00094823","PITTSBURGH ASOS, PA US","2017-03-22","36"
"USW00094823","PITTSBURGH ASOS, PA US","2017-03-23","31"
"USW00094823","PITTSBURGH ASOS, PA US","2017-03-24","52"
"USW00094823","PITTSBURGH ASOS, PA US","2017-03-25","67"
"USW00094823","PITTSBURGH ASOS, PA US","2017-03-26","62"
"USW00094823","PITTSBURGH ASOS, PA US","2017-03-27","58"
"USW00094823","PITTSBURGH ASOS, PA US","2017-03-28","57"
"USW00094823","PITTSBURGH ASOS, PA US","2017-03-29","50"
"USW00094823","PITTSBURGH ASOS, PA US","2017-03-30","49"
"USW00094823","PITTSBURGH ASOS, PA US","2017-03-31","51"
"USW00094823","PITTSBURGH ASOS, PA US","2017-04-01","43"
"USW00094823","PITTSBURGH ASOS, PA US","2017-04-02","43"
"USW00094823","PITTSBURGH ASOS, PA US","2017-04-03","56"
"USW00094823","PITTSBURGH ASOS, PA US","2017-04-04","59"
"USW00094823","PITTSBURGH ASOS, PA US","2017-04-05","54"
"USW00094823","PITTSBURGH ASOS, PA US","2017-04-06","56"
"USW00094823","PITTSBURGH ASOS, PA US","2017-04-07","36"
"USW00094823","PITTSBURGH ASOS, PA US","2017-04-08","41"
"USW00094823","PITTSBURGH ASOS, PA US","2017-04-09","52"
"USW00094823","PITTSBURGH ASOS, PA US","2017-04-10","67"
"USW00094823","PITTSBURGH ASOS, PA US","2017-04-11","66"
"USW00094823","PITTSBURGH ASOS, PA US","2017-04-12","56"
"USW00094823","PITTSBURGH ASOS, PA US","2017-04-13","52"
"USW00094823","PITTSBURGH ASOS, PA US","2017-04-14","58"
"USW00094823","PITTSBURGH ASOS, PA US","2017-04-15","66"
"USW00094823","PITTSBURGH ASOS, PA US","2017-04-16","70"
"USW00094823","PITTSBURGH ASOS, PA US","2017-04-17","62"
"USW00094823","PITTSBURGH ASOS, PA US","2017-04-18","59"
"USW00094823","PITTSBURGH ASOS, PA US","2017-04-19","64"
"USW00094823","PITTSBURGH ASOS, PA US","2017-04-20","67"
"USW00094823","PITTSBURGH ASOS, PA US","2017-04-21","65"
"USW00094823","PITTSBURGH ASOS, PA US","2017-04-22","50"
"USW00094823","PITTSBURGH ASOS, PA US","2017-04-23","53"
"USW00094823","PITTSBURGH ASOS, PA US","2017-04-24","57"
"USW00094823","PITTSBURGH ASOS, PA US","2017-04-25","56"
"USW00094823","PITTSBURGH ASOS, PA US","2017-04-26","61"
"USW00094823","PITTSBURGH ASOS, PA US","2017-04-27","70"
"USW00094823","PITTSBURGH ASOS, PA US","2017-04-28","60"
"USW00094823","PITTSBURGH ASOS, PA US","2017-04-29","63"
"USW00094823","PITTSBURGH ASOS, PA US","2017-04-30","69"
"USW00094823","PITTSBURGH ASOS, PA US","2017-05-01","72"
"USW00094823","PITTSBURGH ASOS, PA US","2017-05-02","56"
"USW00094823","PITTSBURGH ASOS, PA US","2017-05-03","51"
"USW00094823","PITTSBURGH ASOS, PA US","2017-05-04","54"
"USW00094823","PITTSBURGH ASOS, PA US","2017-05-05","58"
"USW00094823","PITTSBURGH ASOS, PA US","2017-05-06","47"
"USW00094823","PITTSBURGH ASOS, PA US","2017-05-07","47"
"USW00094823","PITTSBURGH ASOS, PA US","2017-05-08","47"
"USW00094823","PITTSBURGH ASOS, PA US","2017-05-09","49"
"USW00094823","PITTSBURGH ASOS, PA US","2017-05-10","58"
"USW00094823","PITTSBURGH ASOS, PA US","2017-05-11","56"
"USW00094823","PITTSBURGH ASOS, PA US","2017-05-12","53"
"USW00094823","PITTSBURGH ASOS, PA US","2017-05-13","56"
"USW00094823","PITTSBURGH ASOS, PA US","2017-05-14","60"
"USW00094823","PITTSBURGH ASOS, PA US","2017-05-15","56"
"USW00094823","PITTSBURGH ASOS, PA US","2017-05-16","63"
"USW00094823","PITTSBURGH ASOS, PA US","2017-05-17","76"
"USW00094823","PITTSBURGH ASOS, PA US","2017-05-18","76"
"USW00094823","PITTSBURGH ASOS, PA US","2017-05-19","74"
"USW00094823","PITTSBURGH ASOS, PA US","2017-05-20","63"
"USW00094823","PITTSBURGH ASOS, PA US","2017-05-21","66"
"USW00094823","PITTSBURGH ASOS, PA US","2017-05-22","65"
"USW00094823","PITTSBURGH ASOS, PA US","2017-05-23","60"
"USW00094823","PITTSBURGH ASOS, PA US","2017-05-24","62"
"USW00094823","PITTSBURGH ASOS, PA US","2017-05-25","60"
"USW00094823","PITTSBURGH ASOS, PA US","2017-05-26","60"
"USW00094823","PITTSBURGH ASOS, PA US","2017-05-27","62"
"USW00094823","PITTSBURGH ASOS, PA US","2017-05-28","67"
"USW00094823","PITTSBURGH ASOS, PA US","2017-05-29","70"
"USW00094823","PITTSBURGH ASOS, PA US","2017-05-30","69"
"USW00094823","PITTSBURGH ASOS, PA US","2017-05-31","65"
"USW00094823","PITTSBURGH ASOS, PA US","2017-06-01","63"
"USW00094823","PITTSBURGH ASOS, PA US","2017-06-02","65"
"USW00094823","PITTSBURGH ASOS, PA US","2017-06-03","69"
"USW00094823","PITTSBURGH ASOS, PA US","2017-06-04","68"
"USW00094823","PITTSBURGH ASOS, PA US","2017-06-05","68"
"USW00094823","PITTSBURGH ASOS, PA US","2017-06-06","60"
"USW00094823","PITTSBURGH ASOS, PA US","2017-06-07","59"
"USW00094823","PITTSBURGH ASOS, PA US","2017-06-08","61"
"USW00094823","PITTSBURGH ASOS, PA US","2017-06-09","64"
"USW00094823","PITTSBURGH ASOS, PA US","2017-06-10","72"
"USW00094823","PITTSBURGH ASOS, PA US","2017-06-11","76"
"USW00094823","PITTSBURGH ASOS, PA US","2017-06-12","78"
"USW00094823","PITTSBURGH ASOS, PA US","2017-06-13","80"
"USW00094823","PITTSBURGH ASOS, PA US","2017-06-14","75"
"USW00094823","PITTSBURGH ASOS, PA US","2017-06-15","75"
"USW00094823","PITTSBURGH ASOS, PA US","2017-06-16","73"
"USW00094823","PITTSBURGH ASOS, PA US","2017-06-17","74"
"USW00094823","PITTSBURGH ASOS, PA US","2017-06-18","78"
"USW00094823","PITTSBURGH ASOS, PA US","2017-06-19","72"
"USW00094823","PITTSBURGH ASOS, PA US","2017-06-20","67"
"USW00094823","PITTSBURGH ASOS, PA US","2017-06-21","71"
"USW00094823","PITTSBURGH ASOS, PA US","2017-06-22","75"
"USW00094823","PITTSBURGH ASOS, PA US","2017-06-23","73"
"USW00094823","PITTSBURGH ASOS, PA US","2017-06-24","71"
"USW00094823","PITTSBURGH ASOS, PA US","2017-06-25","68"
"USW00094823","PITTSBURGH ASOS, PA US","2017-06-26","64"
"USW00094823","PITTSBURGH ASOS, PA US","2017-06-27","62"
"USW00094823","PITTSBURGH ASOS, PA US","2017-06-28","63"
"USW00094823","PITTSBURGH ASOS, PA US","2017-06-29","71"
"USW00094823","PITTSBURGH ASOS, PA US","2017-06-30","75"
"USW00094823","PITTSBURGH ASOS, PA US","2017-07-01","76"
"USW00094823","PITTSBURGH ASOS, PA US","2017-07-02","76"
"USW00094823","PITTSBURGH ASOS, PA US","2017-07-03","74"
"USW00094823","PITTSBURGH ASOS, PA US","2017-07-04","75"
"USW00094823","PITTSBURGH ASOS, PA US","2017-07-05","76"
"USW00094823","PITTSBURGH ASOS, PA US","2017-07-06","74"
"USW00094823","PITTSBURGH ASOS, PA US","2017-07-07","71"
"USW00094823","PITTSBURGH ASOS, PA US","2017-07-08","70"
"USW00094823","PITTSBURGH ASOS, PA US","2017-07-09","68"
"USW00094823","PITTSBURGH ASOS, PA US","2017-07-10","68"
"USW00094823","PITTSBURGH ASOS, PA US","2017-07-11","72"
"USW00094823","PITTSBURGH ASOS, PA US","2017-07-12","75"
"USW00094823","PITTSBURGH ASOS, PA US","2017-07-13","76"
"USW00094823","PITTSBURGH ASOS, PA US","2017-07-14","76"
"USW00094823","PITTSBURGH ASOS, PA US","2017-07-15","73"
"USW00094823","PITTSBURGH ASOS, PA US","2017-07-16","71"
"USW00094823","PITTSBURGH ASOS, PA US","2017-07-17","74"
"USW00094823","PITTSBURGH ASOS, PA US","2017-07-18","77"
"USW00094823","PITTSBURGH ASOS, PA US","2017-07-19","80"
"USW00094823","PITTSBURGH ASOS, PA US","2017-07-20","79"
"USW00094823","PITTSBURGH ASOS, PA US","2017-07-21","78"
"USW00094823","PITTSBURGH ASOS, PA US","2017-07-22","75"
"USW00094823","PITTSBURGH ASOS, PA US","2017-07-23","75"
"USW00094823","PITTSBURGH ASOS, PA US","2017-07-24","72"
"USW00094823","PITTSBURGH ASOS, PA US","2017-07-25","67"
"USW00094823","PITTSBURGH ASOS, PA US","2017-07-26","69"
"USW00094823","PITTSBURGH ASOS, PA US","2017-07-27","73"
"USW00094823","PITTSBURGH ASOS, PA US","2017-07-28","74"
"USW00094823","PITTSBURGH ASOS, PA US","2017-07-29","67"
"USW00094823","PITTSBURGH ASOS, PA US","2017-07-30","71"
"USW00094823","PITTSBURGH ASOS, PA US","2017-07-31","74"
"USW00094823","PITTSBURGH ASOS, PA US","2017-08-01","74"
"USW00094823","PITTSBURGH ASOS, PA US","2017-08-02","74"
"USW00094823","PITTSBURGH ASOS, PA US","2017-08-03","75"
"USW00094823","PITTSBURGH ASOS, PA US","2017-08-04","74"
"USW00094823","PITTSBURGH ASOS, PA US","2017-08-05","66"
"USW00094823","PITTSBURGH ASOS, PA US","2017-08-06","67"
"USW00094823","PITTSBURGH ASOS, PA US","2017-08-07","67"
"USW00094823","PITTSBURGH ASOS, PA US","2017-08-08","68"
"USW00094823","PITTSBURGH ASOS, PA US","2017-08-09","67"
"USW00094823","PITTSBURGH ASOS, PA US","2017-08-10","69"
"USW00094823","PITTSBURGH ASOS, PA US","2017-08-11","71"
"USW00094823","PITTSBURGH ASOS, PA US","2017-08-12","69"
"USW00094823","PITTSBURGH ASOS, PA US","2017-08-13","68"
"USW00094823","PITTSBURGH ASOS, PA US","2017-08-14","69"
"USW00094823","PITTSBURGH ASOS, PA US","2017-08-15","74"
"USW00094823","PITTSBURGH ASOS, PA US","2017-08-16","76"
"USW00094823","PITTSBURGH ASOS, PA US","2017-08-17","75"
"USW00094823","PITTSBURGH ASOS, PA US","2017-08-18","76"
"USW00094823","PITTSBURGH ASOS, PA US","2017-08-19","72"
"USW00094823","PITTSBURGH ASOS, PA US","2017-08-20","69"
"USW00094823","PITTSBURGH ASOS, PA US","2017-08-21","76"
"USW00094823","PITTSBURGH ASOS, PA US","2017-08-22","76"
"USW00094823","PITTSBURGH ASOS, PA US","2017-08-23","70"
"USW00094823","PITTSBURGH ASOS, PA US","2017-08-24","66"
"USW00094823","PITTSBURGH ASOS, PA US","2017-08-25","61"
"USW00094823","PITTSBURGH ASOS, PA US","2017-08-26","64"
"USW00094823","PITTSBURGH ASOS, PA US","2017-08-27","67"
"USW00094823","PITTSBURGH ASOS, PA US","2017-08-28","68"
"USW00094823","PITTSBURGH ASOS, PA US","2017-08-29","67"
"USW00094823","PITTSBURGH ASOS, PA US","2017-08-30","66"
"USW00094823","PITTSBURGH ASOS, PA US","2017-08-31","69"
"USW00094823","PITTSBURGH ASOS, PA US","2017-09-01","58"
"USW00094823","PITTSBURGH ASOS, PA US","2017-09-02","58"
"USW00094823","PITTSBURGH ASOS, PA US","2017-09-03","62"
"USW00094823","PITTSBURGH ASOS, PA US","2017-09-04","68"
"USW00094823","PITTSBURGH ASOS, PA US","2017-09-05","71"
"USW00094823","PITTSBURGH ASOS, PA US","2017-09-06","63"
"USW00094823","PITTSBURGH ASOS, PA US","2017-09-07","56"
"USW00094823","PITTSBURGH ASOS, PA US","2017-09-08","58"
"USW00094823","PITTSBURGH ASOS, PA US","2017-09-09","57"
"USW00094823","PITTSBURGH ASOS, PA US","2017-09-10","57"
"USW00094823","PITTSBURGH ASOS, PA US","2017-09-11","60"
"USW00094823","PITTSBURGH ASOS, PA US","2017-09-12","62"
"USW00094823","PITTSBURGH ASOS, PA US","2017-09-13","69"
"USW00094823","PITTSBURGH ASOS, PA US","2017-09-14","65"
"USW00094823","PITTSBURGH ASOS, PA US","2017-09-15","65"
"USW00094823","PITTSBURGH ASOS, PA US","2017-09-16","68"
"USW00094823","PITTSBURGH ASOS, PA US","2017-09-17","70"
"USW00094823","PITTSBURGH ASOS, PA US","2017-09-18","71"
"USW00094823","PITTSBURGH ASOS, PA US","2017-09-19","72"
"USW00094823","PITTSBURGH ASOS, PA US","2017-09-20","72"
"USW00094823","PITTSBURGH ASOS, PA US","2017-09-21","73"
"USW00094823","PITTSBURGH ASOS, PA US","2017-09-22","73"
"USW00094823","PITTSBURGH ASOS, PA US","2017-09-23","73"
"USW00094823","PITTSBURGH ASOS, PA US","2017-09-24","75"
"USW00094823","PITTSBURGH ASOS, PA US","2017-09-25","76"
"USW00094823","PITTSBURGH ASOS, PA US","2017-09-26","76"
"USW00094823","PITTSBURGH ASOS, PA US","2017-09-27","76"
"USW00094823","PITTSBURGH ASOS, PA US","2017-09-28","67"
"USW00094823","PITTSBURGH ASOS, PA US","2017-09-29","58"
"USW00094823","PITTSBURGH ASOS, PA US","2017-09-30","55"
"USW00094823","PITTSBURGH ASOS, PA US","2017-10-01","53"
"USW00094823","PITTSBURGH ASOS, PA US","2017-10-02","57"
"USW00094823","PITTSBURGH ASOS, PA US","2017-10-03","62"
"USW00094823","PITTSBURGH ASOS, PA US","2017-10-04","65"
"USW00094823","PITTSBURGH ASOS, PA US","2017-10-05","68"
"USW00094823","PITTSBURGH ASOS, PA US","2017-10-06","67"
"USW00094823","PITTSBURGH ASOS, PA US","2017-10-07","71"
"USW00094823","PITTSBURGH ASOS, PA US","2017-10-08","70"
"USW00094823","PITTSBURGH ASOS, PA US","2017-10-09","71"
"USW00094823","PITTSBURGH ASOS, PA US","2017-10-10","71"
"USW00094823","PITTSBURGH ASOS, PA US","2017-10-11","69"
"USW00094823","PITTSBURGH ASOS, PA US","2017-10-12","65"
"USW00094823","PITTSBURGH ASOS, PA US","2017-10-13","64"
"USW00094823","PITTSBURGH ASOS, PA US","2017-10-14","64"
"USW00094823","PITTSBURGH ASOS, PA US","2017-10-15","69"
"USW00094823","PITTSBURGH ASOS, PA US","2017-10-16","54"
"USW00094823","PITTSBURGH ASOS, PA US","2017-10-17","48"
"USW00094823","PITTSBURGH ASOS, PA US","2017-10-18","54"
"USW00094823","PITTSBURGH ASOS, PA US","2017-10-19","56"
"USW00094823","PITTSBURGH ASOS, PA US","2017-10-20","60"
"USW00094823","PITTSBURGH ASOS, PA US","2017-10-21","57"
"USW00094823","PITTSBURGH ASOS, PA US","2017-10-22","62"
"USW00094823","PITTSBURGH ASOS, PA US","2017-10-23","62"
"USW00094823","PITTSBURGH ASOS, PA US","2017-10-24","55"
"USW00094823","PITTSBURGH ASOS, PA US","2017-10-25","44"
"USW00094823","PITTSBURGH ASOS, PA US","2017-10-26","42"
"USW00094823","PITTSBURGH ASOS, PA US","2017-10-27","51"
"USW00094823","PITTSBURGH ASOS, PA US","2017-10-28","52"
"USW00094823","PITTSBURGH ASOS, PA US","2017-10-29","39"
"USW00094823","PITTSBURGH ASOS, PA US","2017-10-30","42"
"USW00094823","PITTSBURGH ASOS, PA US","2017-10-31","40"
"USW00094823","PITTSBURGH ASOS, PA US","2017-11-01","38"
"USW00094823","PITTSBURGH ASOS, PA US","2017-11-02","55"
"USW00094823","PITTSBURGH ASOS, PA US","2017-11-03","59"
"USW00094823","PITTSBURGH ASOS, PA US","2017-11-04","47"
"USW00094823","PITTSBURGH ASOS, PA US","2017-11-05","58"
"USW00094823","PITTSBURGH ASOS, PA US","2017-11-06","56"
"USW00094823","PITTSBURGH ASOS, PA US","2017-11-07","39"
"USW00094823","PITTSBURGH ASOS, PA US","2017-11-08","40"
"USW00094823","PITTSBURGH ASOS, PA US","2017-11-09","39"
"USW00094823","PITTSBURGH ASOS, PA US","2017-11-10","34"
"USW00094823","PITTSBURGH ASOS, PA US","2017-11-11","25"
"USW00094823","PITTSBURGH ASOS, PA US","2017-11-12","34"
"USW00094823","PITTSBURGH ASOS, PA US","2017-11-13","40"
"USW00094823","PITTSBURGH ASOS, PA US","2017-11-14","40"
"USW00094823","PITTSBURGH ASOS, PA US","2017-11-15","37"
"USW00094823","PITTSBURGH ASOS, PA US","2017-11-16","43"
"USW00094823","PITTSBURGH ASOS, PA US","2017-11-17","38"
"USW00094823","PITTSBURGH ASOS, PA US","2017-11-18","40"
"USW00094823","PITTSBURGH ASOS, PA US","2017-11-19","42"
"USW00094823","PITTSBURGH ASOS, PA US","2017-11-20","34"
"USW00094823","PITTSBURGH ASOS, PA US","2017-11-21","43"
"USW00094823","PITTSBURGH ASOS, PA US","2017-11-22","39"
"USW00094823","PITTSBURGH ASOS, PA US","2017-11-23","31"
"USW00094823","PITTSBURGH ASOS, PA US","2017-11-24","38"
"USW00094823","PITTSBURGH ASOS, PA US","2017-11-25","48"
"USW00094823","PITTSBURGH ASOS, PA US","2017-11-26","41"
"USW00094823","PITTSBURGH ASOS, PA US","2017-11-27","41"
"USW00094823","PITTSBURGH ASOS, PA US","2017-11-28","47"
"USW00094823","PITTSBURGH ASOS, PA US","2017-11-29","53"
"USW00094823","PITTSBURGH ASOS, PA US","2017-11-30","44"
"USW00094823","PITTSBURGH ASOS, PA US","2017-12-01","40"
"USW00094823","PITTSBURGH ASOS, PA US","2017-12-02","35"
"USW00094823","PITTSBURGH ASOS, PA US","2017-12-03","40"
"USW00094823","PITTSBURGH ASOS, PA US","2017-12-04","42"
"USW00094823","PITTSBURGH ASOS, PA US","2017-12-05","52"
"USW00094823","PITTSBURGH ASOS, PA US","2017-12-06","37"
"USW00094823","PITTSBURGH ASOS, PA US","2017-12-07","36"
"USW00094823","PITTSBURGH ASOS, PA US","2017-12-08","27"
"USW00094823","PITTSBURGH ASOS, PA US","2017-12-09","28"
"USW00094823","PITTSBURGH ASOS, PA US","2017-12-10","31"
"USW00094823","PITTSBURGH ASOS, PA US","2017-12-11","34"
"USW00094823","PITTSBURGH ASOS, PA US","2017-12-12","33"
"USW00094823","PITTSBURGH ASOS, PA US","2017-12-13","19"
"USW00094823","PITTSBURGH ASOS, PA US","2017-12-14","26"
"USW00094823","PITTSBURGH ASOS, PA US","2017-12-15","21"
"USW00094823","PITTSBURGH ASOS, PA US","2017-12-16","33"
"USW00094823","PITTSBURGH ASOS, PA US","2017-12-17","38"
"USW00094823","PITTSBURGH ASOS, PA US","2017-12-18","40"
"USW00094823","PITTSBURGH ASOS, PA US","2017-12-19","47"
"USW00094823","PITTSBURGH ASOS, PA US","2017-12-20","42"
"USW00094823","PITTSBURGH ASOS, PA US","2017-12-21","34"
"USW00094823","PITTSBURGH ASOS, PA US","2017-12-22","47"
"USW00094823","PITTSBURGH ASOS, PA US","2017-12-23","48"
"USW00094823","PITTSBURGH ASOS, PA US","2017-12-24","33"
"USW00094823","PITTSBURGH ASOS, PA US","2017-12-25","25"
"USW00094823","PITTSBURGH ASOS, PA US","2017-12-26","17"
"USW00094823","PITTSBURGH ASOS, PA US","2017-12-27","13"
"USW00094823","PITTSBURGH ASOS, PA US","2017-12-28","7"
"USW00094823","PITTSBURGH ASOS, PA US","2017-12-29","13"
"USW00094823","PITTSBURGH ASOS, PA US","2017-12-30","17"
"USW00094823","PITTSBURGH ASOS, PA US","2017-12-31","7"
