2018-03-30 20:10:17,"b'Hey @AmericanAir, you and your travel partners have made what was supposed to be a great trip miserable going (2 da\xe2\x80\xa6 https://t.co/9QGUV88ZKK'"
2018-03-30 20:08:37,"b'@AmericanAir Gate agents left our student group in JFK last night without any help, now our flight is delayed again\xe2\x80\xa6 https://t.co/HYKoA4Cu5u'"
2018-03-30 19:28:42,b'Rough travel day with #AmericanAirlines out of AUS. Ticket agent Jason Davis is a total jerk and our on board fligh\xe2\x80\xa6 https://t.co/CraHCyibaB'
2018-03-30 19:10:20,b'#AmericanAirlines now crew timed out!! Fun day.'
2018-03-30 19:07:13,"b'With direct flights to MTJ, there are no excuses! Come see us soon! https://t.co/qDBedNK7lM\n.\n.\n.\n#hoteltelluride\xe2\x80\xa6 https://t.co/ouoZ6eRKwY'"
2018-03-30 18:56:43,b'It doesn\xe2\x80\x99t make me feel safe when my flight starts with the flight attendant re-arranges the seating chart to \xe2\x80\x9cbala\xe2\x80\xa6 https://t.co/FHbO9PxiWx'
2018-03-30 18:44:07,b'Trump is a grenade in a room full of rabid dogs. #EasterWeekend2018 #FlashbackFriday #FridayFeeling #Trump\xe2\x80\xa6 https://t.co/7DEceRHLtc'
2018-03-30 18:40:29,b'#AmericanAirlines- not a good day miami to Costa Rica flight 1383- boarded once - waited an hour - plane has an iss\xe2\x80\xa6 https://t.co/s4snUv0MRq'
2018-03-30 18:19:20,"b""Once again.. an #AmericanAirlines flight is delayed. I should've lowered my expectations a long time ago. #stuckinlax"""
2018-03-30 18:14:15,b'The hardest part of giving up on getting my missing bag back from #AmericanAirlines is the $100+ worth of\xe2\x80\xa6 https://t.co/ii6XiHrjyV'
2018-03-30 18:05:12,b'An @AmericanAir @BoeingAirplanes 787-9 #Dreamliner [#N827AN] landing on 18R at Dallas/Fort Worth International Airp\xe2\x80\xa6 https://t.co/2E0gXc7IyI'
2018-03-30 17:44:45,b'@AmericanAir They\xe2\x80\x99ve now moved her gate on her and she has to run over to another one to see if they have room afte\xe2\x80\xa6 https://t.co/Wx0Ar8mQ6f'
2018-03-30 17:14:03,b'RT @azfamily: #AmericanAirlines plane returns to @PHXSkyHarbor after passengers fall ill  https://t.co/F5Vdxxhwfj https://t.co/SyuxRnr5sN'
2018-03-30 17:02:04,b'RT @betsyweber: Hey PHX what\xe2\x80\x99s going with American Airlines plane? Sitting on tarmac with several fire trucks around it? #phx #airport #air\xe2\x80\xa6'
2018-03-30 17:01:29,b'RT @azfamily: #AmericanAirlines plane returns to @PHXSkyHarbor after passengers fall ill  https://t.co/F5Vdxxhwfj https://t.co/SyuxRnr5sN'
2018-03-30 17:00:21,b'@AmericanAir You do not deserve it for keeping your customers in the dark. 3.5 hours to sit and wait is ridiculous.\xe2\x80\xa6 https://t.co/g8B44x8rtH'
2018-03-30 16:57:40,b'#AmericanAirlines plane returns to @PHXSkyHarbor after passengers fall ill  https://t.co/F5Vdxxhwfj https://t.co/SyuxRnr5sN'
2018-03-30 16:54:58,b'Now that I got into PT school which is out of state. I will really need some #buddypasses ; who can help me out?\xe2\x80\xa6 https://t.co/wqNZ8Pm0Eb'
2018-03-30 16:51:09,b'Hey PHX what\xe2\x80\x99s going with American Airlines plane? Sitting on tarmac with several fire trucks around it? #phx\xe2\x80\xa6 https://t.co/RrjtqjVjV4'
2018-03-30 16:49:47,b'My co-worker is flying to FL. Asked what airline and she said #AmericanAirlines because #UnitedAirlines wold kill her dog. Lol. #sad'
2018-03-30 16:48:44,b'@AmericanAir You know what\xe2\x80\x99s even more frustrating than a lack of response from the company twitter account? The la\xe2\x80\xa6 https://t.co/WY42o6I33b'
2018-03-30 16:48:04,b'@AmericanAir This is miserable. Thanks #AmericanAirlines'
2018-03-30 16:37:23,b'Time to head back to Austin! #agencylife #flight #americanairlines #instagay #beard #gaybear\xe2\x80\xa6 https://t.co/TAWEZxA9cO'
2018-03-30 16:24:16,b'@AmericanAir awesome. My 9:55 to Miami from Charlotte was delayed.  Delayed.  Delayed.  Now looks to be cancelled.\xe2\x80\xa6 https://t.co/Rdu5w3iVVK'
2018-03-30 16:08:24,b'@americanair still no eta on when will take off. Almost 3 hours so far. So happy I get to stretch this 4 hour fligh\xe2\x80\xa6 https://t.co/FM9KHuPOLx'
2018-03-30 16:01:25,b'@SouthwestAir Happy to see there is still quality customer service. @americanair you should take notes!\xe2\x80\xa6 https://t.co/T1Ki4k8fOb'
2018-03-30 15:30:46,"b'They told him they don\xe2\x80\x99t give compensation for these types of delays, but then gave me a voucher, so then they cont\xe2\x80\xa6 https://t.co/F01xBGE20e'"
2018-03-30 15:21:06,b'RT @wheninwear: Who leaves with almost half of the first class cabin empty when you know we were just onboard? #americanairlines does'
2018-03-30 15:13:04,b'@ZoeGoldieLocks @AmericanAir thank you Zoe I still have 7 hours and found a fox sweet in my bag hidden there by Mar\xe2\x80\xa6 https://t.co/2q5KfDl4dl'
2018-03-30 15:07:41,"b""today's @AmericanAir flight is sponsored by the #FoxGlacier sweet found in my backpack put there by my big sister\xe2\x80\xa6 https://t.co/gTaXQ70Nqy"""
2018-03-30 15:05:18,"b'RT @_iGuy_: #AmericanAirlines @AmericanAir So, I buy a ticket for my friend and their connecting flight leaves 15 min early and they are fu\xe2\x80\xa6'"
2018-03-30 15:03:36,"b'#AmericanAirlines @AmericanAir So, I buy a ticket for my friend and their connecting flight leaves 15 min early and\xe2\x80\xa6 https://t.co/9Z52Kp3AOD'"
2018-03-30 15:00:19,"b'RT @_iGuy_: #Airport @AmericanAir #americanairlines So, I buy a ticket for my friend and their connecting flight leaves 15 min early and th\xe2\x80\xa6'"
2018-03-30 14:58:15,"b'#Airport @AmericanAir #americanairlines So, I buy a ticket for my friend and their connecting flight leaves 15 min\xe2\x80\xa6 https://t.co/rkmDcPH8Ct'"
2018-03-30 14:48:24,"b'RT @_iGuy_: @AmericanAir #americanairlines So, I buy a ticket for my friend and their connecting flight leaves 15 min early and they are fu\xe2\x80\xa6'"
2018-03-30 14:48:19,"b'@AmericanAir #americanairlines So, I buy a ticket for my friend and their connecting flight leaves 15 min early and\xe2\x80\xa6 https://t.co/lsQRpC1eGo'"
2018-03-30 14:46:36,"b""Flights are expensive. But that aside...it's a long haul flight. I don't get the negligence at all from\xe2\x80\xa6 https://t.co/zrpW8ChPMB"""
2018-03-30 14:45:17,"b""Class shouldn't matter. It's a duty of care in which @AmericanAir #AmericanAirlines have shown absolutely none https://t.co/vAForhrfKD"""
2018-03-30 14:40:31,"b'RT @_iGuy_: @AmericanAir #americanairlines So, I buy a ticket for my friend and their connecting flight leaves 15 min early and they are fu\xe2\x80\xa6'"
2018-03-30 14:40:27,"b'@AmericanAir #americanairlines So, I buy a ticket for my friend and their connecting flight leaves 15 min early and\xe2\x80\xa6 https://t.co/yraoursvO5'"
2018-03-30 14:38:17,"b""@Trannidoll you pay all this money to starve? You can just starve at home, right? I don't get @AmericanAir\xe2\x80\xa6 https://t.co/H2wfFKV71N"""
2018-03-30 14:37:09,b'@Trannidoll how do you follow protocol and still be ignored by @AmericanAir #AmericanAirlines.'
2018-03-30 14:36:24,b'Write that complaint to @AmericanAir when you land. Tweet your experience all the way and hashtag #americanairlines\xe2\x80\xa6 https://t.co/jWU9OfIEpz'
2018-03-30 14:36:09,"b'RT @_iGuy_: @AmericanAir #americanairlines So, now she is in the terminal hoping, praying they can \xe2\x80\x9csqueeze\xe2\x80\x9d her in on a full flight. We\xe2\x80\x99re\xe2\x80\xa6'"
2018-03-30 14:36:02,"b'@AmericanAir #americanairlines So, now she is in the terminal hoping, praying they can \xe2\x80\x9csqueeze\xe2\x80\x9d her in on a full f\xe2\x80\xa6 https://t.co/az0H1XMYFM'"
2018-03-30 14:31:42,"b'RT @_iGuy_: @AmericanAir #americanairlines So, I buy a ticket for my friend and their connecting flight leaves 15 min early and they are fu\xe2\x80\xa6'"
2018-03-30 14:29:10,"b'@AmericanAir #americanairlines So, I buy a ticket for my friend and their connecting flight leaves 15 min early and\xe2\x80\xa6 https://t.co/GevGbrUq2f'"
2018-03-30 13:03:51,b'#ChristieCookie recently formed a partnership with #AmericanAirlines. \xe2\x80\x9cThey were looking to upgrade their domestic\xe2\x80\xa6 https://t.co/dCMstA0WvG'
2018-03-30 12:56:26,"b""When your plane is a death trap and needs two repairs in order to take off. I'll actually take a whole new plane pl\xe2\x80\xa6 https://t.co/iR4kDygQoa"""
2018-03-30 12:23:29,b'@AmericanAir you are garbage ... we have heard 3 different stories from our pilots and have been sitting on the LGA\xe2\x80\xa6 https://t.co/xzbeqOXQb2'
2018-03-30 12:14:09,"b""RT @RexDMundo: Flying #fat and #black is costly on #AmericanAirlines y'all might wanna call @DeltaVacations or @SouthwestAir if you can't g\xe2\x80\xa6"""
2018-03-30 12:11:23,"b""Flying #fat and #black is costly on #AmericanAirlines y'all might wanna call @DeltaVacations or @SouthwestAir if yo\xe2\x80\xa6 https://t.co/AG3bUyj22t"""
2018-03-30 11:48:57,b'@AmericanAir flight AA93 Emergency Landing in LHR a few moments ago. #AmericanAirlines #Heathrow #B767 https://t.co/xyik4cRu2h'
2018-03-30 09:53:41,b'RT @angrynationalis: #auspol   #altright   Best tweets ever! Remember that #terrorist attack at the airport in #Belgium airport &amp; train sta\xe2\x80\xa6'
2018-03-30 09:50:29,b'#auspol   #altright   Best tweets ever! Remember that #terrorist attack at the airport in #Belgium airport &amp; train\xe2\x80\xa6 https://t.co/DIbZBldGGR'
2018-03-30 04:42:05,"b'@AmericanAir missed flights. An accident in Toronto highway, terminal confusion in Chicago etc\nHowever, the messiah\xe2\x80\xa6 https://t.co/HefXSc4lle'"
2018-03-30 03:35:02,b'#AmericanAirlines A group of college students stranded in NYC...other flights leaving. No help!'
2018-03-30 02:58:48,b'Stuck at #jfk waiting on #AmericanAirlines flight to get home to DC #help #sotired #flyingallday'
2018-03-30 02:18:05,"b'Travel Agent WINS $10k trip to L.A., New Orleans and Las Vegas! https://t.co/qNC1JJ4fjv #NewOrleans #TravelAgent\xe2\x80\xa6 https://t.co/j3as0DrBsu'"
2018-03-30 01:28:32,"b'17 college students stranded before Easter weekend missing classes and work, @AmericanAir #AmericanAirlines What ar\xe2\x80\xa6 https://t.co/s9INg8Vrvw'"
2018-03-30 01:13:00,b'#AmericanAirlines worst customer service and Deplaning of all major airlines!!!'
2018-03-30 01:06:10,b'#americanairlines\n8 hour delay at Dallas airport before they could find a working plane.  Customer service was awful.....cant help.'
2018-03-30 01:04:13,b'Done with #AmericanAirlines their customer service is appalling Pay for business class to get rebooked in economy back to the UK!'
2018-03-30 00:46:24,"b'Thank you, @americanairlnes for overbooking my flight, making me the last 1 on the plane w/o a guaranteed seat &amp; gi\xe2\x80\xa6 https://t.co/nSbyx6VAms'"
2018-03-30 00:45:16,b'#AmericanAirlines 2/2 furthest possible terminal within 30 mins. The 3 agents providing the customer svc don\xe2\x80\x99t seem\xe2\x80\xa6 https://t.co/sx9lmR5CHw'
2018-03-30 00:42:28,b'#AmericanAirlines standing in customer svc line in Dallas with 40 other people. after missing a connection due to a\xe2\x80\xa6 https://t.co/VpSo7qYcEJ'
2018-03-29 23:51:45,b'#tbt at americanair !!!\n..\n..\n..\n..\n..\n..\n..\n#americanairlines #americanair #lax #laxairport\xe2\x80\xa6 https://t.co/psQkb5hJVI'
2018-03-29 23:37:28,b'Just held a #fart for 55 minutes. Which was very #uncomfortable You\xe2\x80\x99re welcome #AmericanAirlines flight 1840. #chivalryisnotdead'
2018-03-29 23:30:32,b'Great flight this morning LAX to JFK #AmericanAirlines Flt 0034. Flt Attendant Ren\xc3\xa9e went above and beyond for Shan\xe2\x80\xa6 https://t.co/6OFcFVrJjc'
2018-03-29 22:53:51,"b""https://t.co/IBjnDpHADm\nThis would have scared the shit out of me a few years ago. Now there's #trump and that scar\xe2\x80\xa6 https://t.co/iQ2mDyGN9V"""
2018-03-29 22:51:57,b'Just got to MIAMI .... and the first thing i hate already is #AmericanAirlines what a MESS!'
2018-03-29 22:05:27,b'Good news! The mechanic is here and we are on schedule for our connection #CMH #americanairlines'
2018-03-29 22:05:05,b'Reunited with my MacBook! Thank you #americanairlines Baggage Service staff for the excellent service- even called\xe2\x80\xa6 https://t.co/HIPSpBCx3d'
2018-03-29 21:20:51,b'How many mechanics does it take to fix a plane? Depends on if they ever arrive #AmericanAirlines #cmh'
2018-03-29 20:59:50,"b'@mynameismadison @PSAAirlinesInc We all have the ability to brighten up the day, 1 passenger at a time! Attitudes a\xe2\x80\xa6 https://t.co/jUADsFjk4d'"
2018-03-29 20:54:58,b'RT @KristinHoin: #americanairlines I am being forced to pay $300 to pre-assign seats for two minors traveling alone because your luxury sea\xe2\x80\xa6'
2018-03-29 20:49:47,b'Good afternoon friends! #aa #americanairlines @ Tulsa International Airport https://t.co/y4JDUgdoKF'
2018-03-29 20:32:00,b'#AmericanAirlines Pilot Reported He Saw A UFO Hovering: https://t.co/1m8V3QFjHe'
2018-03-29 20:23:16,"b'One hour already sitting on the plane, no 1st officer, can\xe2\x80\x99t take off, #americanairlines sucks! Whole plane full of\xe2\x80\xa6 https://t.co/TCW6pXR3tf'"
2018-03-29 20:12:22,b'Wishing I could\xe2\x80\x99ve given wings to my boy on his first flight heading to TYS \xf0\x9f\x98\x9eWas informed it was only on mainline.\xe2\x80\xa6 https://t.co/umxQmpBrP5'
2018-03-29 19:40:58,b'Edwin at #AmericanAirlines Baggage Claim is on the case! His compassion and kind words are so appreciated! Stay tuned twitterverse...'
2018-03-29 19:37:39,b'@AmericanAir  Flight 1986 delayed at gate due to missing crew.  Currently a 31 minute delay.    If we are fortunate\xe2\x80\xa6 https://t.co/IUrYJztSyX'
2018-03-29 19:34:21,"b'RT @DanOakes64: So here\xe2\x80\x99s a travel update on the worlds worst airline #AmericanAirlines   They took me for a $1,000 bucks to reschedule my\xe2\x80\xa6'"
2018-03-29 19:22:30,"b'You know for the amount of money the AA charges, you would assume the plane would be nicer. One image show tape the\xe2\x80\xa6 https://t.co/CHugsore4T'"
2018-03-29 18:44:18,"b'So here\xe2\x80\x99s a travel update on the worlds worst airline #AmericanAirlines   They took me for a $1,000 bucks to resche\xe2\x80\xa6 https://t.co/LhfRNziHmJ'"
2018-03-29 18:32:21,"b'Honestly, they should hire someone from Radio City. The Radio City Rockettes would destroy this task. \n\nThese board\xe2\x80\xa6 https://t.co/MrQJO80dQ1'"
2018-03-29 18:31:20,b'A thought on airplane travel: \n\nAirlines/Airports need to bring in Theater Directors/Choreographers as consultants\xe2\x80\xa6 https://t.co/kZiWLXVN7m'
2018-03-29 18:07:32,b'RT @AircraftVideos: An @AmericanAir @BoeingAirplanes 787-9 #Dreamliner [#N825AA] landing on 18R at Dallas/Fort Worth International Airport\xe2\x80\xa6'
2018-03-29 18:07:18,b'RT @AircraftVideos: An @AmericanAir @BoeingAirplanes 787-9 #Dreamliner [#N825AA] landing on 18R at Dallas/Fort Worth International Airport\xe2\x80\xa6'
2018-03-29 18:05:16,b'An @AmericanAir @BoeingAirplanes 787-9 #Dreamliner [#N825AA] landing on 18R at Dallas/Fort Worth International Airp\xe2\x80\xa6 https://t.co/tzjuNXOdmE'
2018-03-29 16:59:17,b'My office for the day a newly renovated Embraer 145 #crewlife #Erj145 #Embraer #EnvoyAir #AmericanAirlines https://t.co/Hcam6QFtVq'
2018-03-29 16:48:39,b'Have plane seats really shrunk \xe2\x80\x93 and which is the worst airline on Earth for legroom? https://t.co/LNlvzOsO91\xe2\x80\xa6 https://t.co/UH8nkOD8in'
2018-03-29 16:35:00,b'#AmericanAirlines adds five #LatinAmerica routes: Travel Weekly https://t.co/nPukdZDHWt'
2018-03-29 16:25:42,b'@AmericanAir In addition to Karen..... Kelly and Lisa are also fabulous flight attendants on AA1025 to SF. Makes up\xe2\x80\xa6 https://t.co/dul1DE0aRY'
2018-03-29 16:15:35,"b'330 THURSDAY! @GeminiJets 1:400-scale @AmericanAir @Airbus A330-200, item GJAAL1549. See a list of global retailers\xe2\x80\xa6 https://t.co/XmE6t93KDw'"
2018-03-29 15:58:49,b'I guess it\xe2\x80\x99s good thing to be away from Tucson right now as there are reports of UFOs flying overhead! #CBSNewsreport #AmericanAirlines'
2018-03-29 15:52:24,b'25F awesomeness! #americanairlines https://t.co/ymXLq3qX5x'
2018-03-29 15:45:28,b'Left my beloved MacBook on AA flight 1870 last night. Filed a lost &amp; found report and came to baggage claim this mo\xe2\x80\xa6 https://t.co/2OZWR6fW2P'
2018-03-29 15:08:48,b'#AmericanAirlines Dont be too cheap. You cancelled our 8 tickets one way ticket from DCA to LAX. We\xe2\x80\x99re stuck with s\xe2\x80\xa6 https://t.co/HgWuGGV0ZP'
2018-03-29 14:39:14,b'#AmericanAirlines #CEO Says Least Important Customers Get the Worst Planes @ChrisMatyszczyk https://t.co/ovkAHpB4W8 via @Inc'
2018-03-29 14:24:58,b'RT @_JasonFalls: American Airlines accidentally promised everyone free seats on #Twitter https://t.co/MCZkypzioA #AmericanAirlines https://\xe2\x80\xa6'
2018-03-29 14:22:20,b'RT @JuanVelasquez13: @AmericanAir . @britishairways . I arrive on Tuesday to Miami from the U.K. my luggage didn\xe2\x80\x99t arrive and I haven\xe2\x80\x99t got\xe2\x80\xa6'
2018-03-29 14:22:10,b'RT @JuanVelasquez13: @AmericanAir . @britishairways . I arrive on Tuesday to Miami from the U.K. my luggage didn\xe2\x80\x99t arrive and I haven\xe2\x80\x99t got\xe2\x80\xa6'
2018-03-29 14:01:15,b'@AmericanAir . @britishairways . I arrive on Tuesday to Miami from the U.K. my luggage didn\xe2\x80\x99t arrive and I haven\xe2\x80\x99t\xe2\x80\xa6 https://t.co/gAbQcftMTT'
2018-03-29 13:39:55,b'@AmericanAir Still on the ground. Vouchers for future travel or food would be the appropriate response for a 2-hour\xe2\x80\xa6 https://t.co/SHjqRUOSeQ'
2018-03-29 13:34:28,"b""Today's Deal !!\n\xe2\x9c\x88\xef\xb8\x8f\xe2\x9c\x88\xef\xb8\x8f Fly with American Airlines fr \xc2\xa3499*\nBooking Period : Today\nTravel Period : 1 May - 31 May 2018\xe2\x80\xa6 https://t.co/IJb647eonT"""
2018-03-29 13:28:58,"b'When you check in for your flight 24 hrs prior, beat everyone else trying to do the same thing and now you\xe2\x80\x99re first\xe2\x80\xa6 https://t.co/aGCGjrbJ59'"
2018-03-29 13:16:27,"b""@AmericanAir I've been up since 4:30am to be prepared and ready. You've been late. #AmericanAirlines"""
2018-03-29 13:09:25,"b""@AmericanAir passengers are voicing their concern and they want to take a vote. NO Food, let's fly! #AmericanAirlines"""
2018-03-29 13:04:04,b'The last time I flew @AmericanAir they brought a broken plane to the gate and we were delayed. Today they brought t\xe2\x80\xa6 https://t.co/P1TyXLaI9q'
2018-03-29 12:58:09,b'@AmericanAir staff said they brought the wrong lol this plane was supposed to go to Boston not San Fran been waitin\xe2\x80\xa6 https://t.co/VYrpHb4h0S'
2018-03-29 12:56:11,"b""How late is too late @AmericanAir? First flight of the day and can't get off the ground. Full flight to San Fran yo\xe2\x80\xa6 https://t.co/z8JH71m3Zq"""
2018-03-29 12:45:17,b'@viktoriamarie @AmericanAir Thanks for sharing our story @viktoriamarie. I never thought getting your foot kicked b\xe2\x80\xa6 https://t.co/BN5WeS6SqD'
2018-03-29 12:35:41,"b'Working on a trip to #PuertoRico and now that #AmericanAirlines (soon) again fly\'s from #SBN - how about some ""Save\xe2\x80\xa6 https://t.co/oVwtnhqsGH'"
2018-03-29 12:13:20,b'4th and 5th customer was Chris and I with a tripod that was strapped to our backpacks and within the size limits. #americanairlines'
2018-03-29 12:12:22,b'You know what\xe2\x80\x99s hilarious? 1st customer they harassed/mocked was an Asian man who was asking them a question about\xe2\x80\xa6 https://t.co/xouFpCqQ2H'
2018-03-29 11:42:34,b'We are not alone : https://t.co/bq1JQioKG5 - #UFO #ufosighting #AmericanAirlines @AmericanAir'
2018-03-29 11:30:42,b'RT @skygoflycom: The first airliner I ever flew:  American DC-10 https://t.co/cbrBthERNv #americanairlines #dc10 https://t.co/BrmMC6O6cD'
2018-03-29 11:30:10,b'American Airlines accidentally promised everyone free seats on #Twitter https://t.co/MCZkypzioA #AmericanAirlines https://t.co/3AUqBsMO0p'
2018-03-29 11:28:14,b'RT @skygoflycom: The first airliner I ever flew:  American DC-10 https://t.co/cbrBthERNv #americanairlines #dc10 https://t.co/BrmMC6O6cD'
2018-03-29 09:03:54,b'#AmericanAirlines Cargo appoints general sales agents in #Croatia and #Slovenia\n#zagreb #ljubljana #unitedstates\xe2\x80\xa6 https://t.co/CMj7JFfWqE'
2018-03-29 06:57:26,b'RT @TimoKiviluoma: American Airlines\xe2\x80\x99 CEO Doug Parker: The Least Important Customers Get the Worst Planes https://t.co/52J4aDJQEO #avgeek #\xe2\x80\xa6'
2018-03-29 06:54:51,b'American Airlines\xe2\x80\x99 CEO Doug Parker: The Least Important Customers Get the Worst Planes https://t.co/52J4aDJQEO #avgeek #americanairlines'
2018-03-29 06:50:08,b'Had to change my flight due to changes at my weightlifting meet next Friday. Wow - it costs a lot to change a fligh\xe2\x80\xa6 https://t.co/P44AOEvoVU'
2018-03-29 06:11:37,b'My cool brother in law and Ron E! #chicago #americanairlines  Go Steve go!! donnalislejohnson\xe2\x80\xa6 https://t.co/sSsSsmpFET'
2018-03-29 05:48:05,"b""@AmericanAir Last 3 flights I've taken home in last 5 weeks have all resulted in me having to spend the night due t\xe2\x80\xa6 https://t.co/GWqrAEuEB0"""
2018-03-29 05:04:26,b'@americanairlnes AmericanAirlines - cancelled flight due to weather and refuse to get me home tomorrow because I ha\xe2\x80\xa6 https://t.co/V6lUUCyC7B'
2018-03-29 04:53:07,b'The original crew of AA546 phlclt on 3/28  was amazing.  Thank you!! #goingforgreat #AmericanAirlines'
2018-03-29 04:12:06,b'RT @patstravelrevu: #FirstClass #dinner and a movie #DarkestHour #AmericanAirlines #A321 #Austin to #LAX https://t.co/QkuQsLWEbY #avgeek #t\xe2\x80\xa6'
2018-03-29 04:10:56,b'RT @patstravelrevu: #FirstClass #dinner and a movie #DarkestHour #AmericanAirlines #A321 #Austin to #LAX https://t.co/QkuQsLWEbY #avgeek #t\xe2\x80\xa6'
2018-03-29 04:10:10,b'#FirstClass #dinner and a movie #DarkestHour #AmericanAirlines #A321 #Austin to #LAX https://t.co/QkuQsLWEbY\xe2\x80\xa6 https://t.co/enmGWQyqvq'
2018-03-29 03:43:54,b'After all those drama happened in airport. A trackable tag will calm your nerve. #chipit #gpstracker\xe2\x80\xa6 https://t.co/GWvzvzFzvK'
2018-03-29 03:14:01,b'@SouthwestAir supports and rewards the #sanctuary state of @VisitCA Time to switch to #Americanairlines #united or\xe2\x80\xa6 https://t.co/SC4zA8jfKB'
2018-03-29 02:43:55,"b'#americanairlines Your tactics are shady and A son is without his mother tonite.  4 hour delay, $800 voucher renegg\xe2\x80\xa6 https://t.co/6Wtfo6zt3F'"
2018-03-29 02:42:53,b'\xe6\x98\xa5\xef\xbc\x81\nSpring has come to Narita\n#naritaairport #americanairlines #\xe8\x8f\x9c\xe3\x81\xae\xe8\x8a\xb1 https://t.co/jIaX2L3kyB'
2018-03-29 02:36:16,b'#AmericanAirlines Is Adding Flights From Florida To #Venezuela. https://t.co/3OXNKmQMJz https://t.co/QX0E2rpu7I'
2018-03-29 01:19:59,b'RT @mandisaofficial: Shout out to @AmericanAir for fixing a problem I was having with my flight today. If I\xe2\x80\x99m gonna get frustrated with bad\xe2\x80\xa6'
2018-03-29 00:54:43,b'I\xe2\x80\x99m good waiting in a que but #dfw has issues. Please fire this guy for making rude gestures to people who are conc\xe2\x80\xa6 https://t.co/HuGRI3WUQf'
2018-03-29 00:49:58,"b'#AmericanAirlines Charlotte Douglas airport sending a huge thank you to Courtney Jones, gate agent, Euguene Bowers,\xe2\x80\xa6 https://t.co/DqdxylhkkA'"
2018-03-29 00:28:00,b'RT @avgeekyyz: Boeing 737-800 - American Airlines\nN822NN @AmericanAir @Otachi13 @avgeekyyz @jmanatol @esquilo67 @AJtheAviator @AvEcuadorRT\xe2\x80\xa6'
2018-03-29 00:23:25,b'Moon over Florida #americanairlines #gaydads #princessnugget @ Orlando International Airport (MCO) https://t.co/9ZLsLx0Run'
2018-03-29 00:07:22,b'way to go #americanairlines messed everything up again and we have five kids at home with a babysitter! don\xe2\x80\x99t ever fly american airlines'
2018-03-28 23:37:46,b'RT @TrinityChurchFM: A huge thank you to @americanair and Bridges Safe House. Your generosity confirms that the children in need around our\xe2\x80\xa6'
2018-03-28 23:37:35,b'A huge thank you to @americanair and Bridges Safe House. Your generosity confirms that the children in need around\xe2\x80\xa6 https://t.co/5k1jml1TOI'
2018-03-28 23:16:17,"b'$25/bag and 5 hours waiting for a plane....and you give chips, pretzels, water and Rice Krispie treats.... now no c\xe2\x80\xa6 https://t.co/AlvxBWrSHH'"
2018-03-28 22:41:23,b'Dear @AmericanAir AA4536 ATL - MIA why do you say to passengers that they can take handluggage on the plane when ev\xe2\x80\xa6 https://t.co/hKU5kBWHiu'
2018-03-28 22:31:33,b'@clived03 Not quite #AmericanAirlines left my checked bag in Dallas'
2018-03-28 22:28:13,b'A very crowded #AmericanAirlines #AdmiralsClub @AUStinAirport https://t.co/QkuQsLF3kq #AvGeek #Aviation #travel\xe2\x80\xa6 https://t.co/fqq4kxSUo1'
2018-03-28 22:26:23,b'Needless to say we will never fly #AmericanAirlines again... if we could have changed our return tickets to a diffe\xe2\x80\xa6 https://t.co/vz9K5yF6tW'
2018-03-28 22:24:37,b'The staff in Hsv airport for #americanairlines GM Bob and Csr Crystal treated my mother a retired veteran like crap\xe2\x80\xa6 https://t.co/VH0MWPpaeF'
2018-03-28 22:22:52,b'Travel Monkey with his first good bourbon since leaving for China. #aa #americanairlines\xe2\x80\xa6 https://t.co/ljE3kcL2Wm'
2018-03-28 22:16:57,b'So you mean to tell me that you have a military discount for luggage but you can only use it if you are active duty\xe2\x80\xa6 https://t.co/J0lY4RrZXw'
2018-03-28 22:06:57,"b'Hey @AmericanAir, I have a flight from ORD to SYR today, departs @ 950p. Another flight to SYR departs @ 630ish and\xe2\x80\xa6 https://t.co/O3McWhMSau'"
2018-03-28 21:57:04,b'Flight 18 of 2018. On time departure to the Lala land. #ORD \xe2\x9c\x88\xef\xb8\x8f #LAX. On time record so far 10/18. #AmericanAirlines\xe2\x80\xa6 https://t.co/1Gkc880hYm'
2018-03-28 21:52:24,b'American Airlines Will Soon Fly To More Places In ... - https://t.co/rZCOUBiXnB #Airline #AmericanAirlines\xe2\x80\xa6 https://t.co/fDarOyQasY'
2018-03-28 21:02:30,b'#AmericanAirlines Will Soon Fly To More Places In Mexico and South America https://t.co/pA2KqeR839 https://t.co/PsN9CIel2y'
2018-03-28 20:30:01,"b'Argentina, Mexico, Guyana, and Colombia are all getting new flights-https://t.co/vDLrEFZDI5   #AmericanAirlines #SouthAmerica #Travel'"
2018-03-28 20:11:05,b'RT @avgeekyyz: Boeing 737-800 - American Airlines\nN822NN @AmericanAir @Otachi13 @avgeekyyz @jmanatol @esquilo67 @AJtheAviator @AvEcuadorRT\xe2\x80\xa6'
2018-03-28 20:01:31,b'... that one time I set up my credential office @ LAX... #shoots #vip #americanairlines\xe2\x80\xa6 https://t.co/PKv25nCZAE'
2018-03-28 20:00:14,"b""American Airlines Pilot Reports UFO With 'Big Reflection' 40,000 Feet Over Arizona #pilot #americanairlines #ufo\xe2\x80\xa6 https://t.co/qGr39tpflB"""
2018-03-28 19:57:49,b'Boeing 737-800 - American Airlines\nN822NN @AmericanAir @Otachi13 @avgeekyyz @jmanatol @esquilo67 @AJtheAviator\xe2\x80\xa6 https://t.co/ZgMjgMqV7S'
2018-03-28 19:27:00,b'You know you\xe2\x80\x99re getting old when you turn down complimentary cocktails.. and opt for another cookie instead. #thisis30 #americanairlines'
2018-03-28 19:24:46,b'I love when airlines ask how they can help and do nothing. Awesome #AmericanAirlines is the worst Major airline https://t.co/Q6qJwDNskM'
2018-03-28 19:19:14,b'#AmericanAirlines you almost moved up to number two on my airlines list until today. #getyourshittogether'
2018-03-28 19:07:11,b'#AmericanAirlines nothing like landing at your scheduled time at SNA and having to wait 25 mins for a gate. Really? #get yourshittogether'
2018-03-28 18:38:29,b'Check out 1972 World Of #TomJones Official Souvenir Tour Program Book #AmericanAirlines   https://t.co/N98K3sopd2 via @eBay'
2018-03-28 18:14:48,b'@jonbonjovi You need this picture. Amazing show! \xf0\x9f\x96\xa4\xf0\x9f\x96\xa4\xf0\x9f\x96\xa4 #Dallas #AmericanAirlines #AmericanExpress @pward5928\xe2\x80\xa6 https://t.co/p49unox0M4'
2018-03-28 17:52:15,b'The most American bite you\xe2\x80\x99ve ever seen. #americaneagle #americanidol #americanairlines #americanhorrorstory\xe2\x80\xa6 https://t.co/YwosQh35ta'
2018-03-28 17:26:04,b'\xe0\xb9\x81\xe0\xb8\x9b\xe0\xb8\xb0\xe0\xb9\x84\xe0\xb8\xa7\xe0\xb9\x89\xe0\xb8\x81\xe0\xb9\x88\xe0\xb8\xad\xe0\xb8\x99~~ \nCheck out this #AmericanAirlines flight on @Hopper https://t.co/9JMfso7ZvL https://t.co/3VxElfr5if https://t.co/4WWGCdwsnL'
2018-03-28 17:00:59,b'Stranded by @AmericanAir for 30+ hours twice in 2 weeks after pilots canceled planes and ground staff &amp; agents deni\xe2\x80\xa6 https://t.co/lL5j1P5x5y'
2018-03-28 17:00:12,"b""My favorite bird. @AmericanAir's TWA (Trans World Airlines) Boeing 737-800. Debuted in 2015. When I decide to trave\xe2\x80\xa6 https://t.co/34xOq9JVwp"""
2018-03-28 16:26:33,b'Just made reservations for 25 with #AmericanAirlines. Regina was so helpful!'
2018-03-28 16:21:24,b'#AmericanAirlines adds five Latin America routes'
2018-03-28 16:08:57,"b'American Airlines did me a solid. Missed an early flight, luggage malfunction. Crew gave up a seat for the family t\xe2\x80\xa6 https://t.co/lJ4SBZRdu7'"
2018-03-28 16:01:57,b'American Airlines to add new routes in winter 2019. https://t.co/13HCauhcbt #AmericanAirlines #airtravel #Mexico #LatinAmerica'
2018-03-28 15:49:46,b'#AmericanAirlines brought out food and drinks due to the delay and then boarded us quickly. Once underway decent flight.'
2018-03-28 15:36:11,b'@AmericanAir Hi AA. can you confirm my recently booked biz class trip is eligible for a promo code I signed up for\xe2\x80\xa6 https://t.co/CnKHPYRO1g'
2018-03-28 15:23:23,b'@Sam_Senders Ironically #AmericanAirlines @AmericanAir sent us this regarding the terminal change but neglected to\xe2\x80\xa6 https://t.co/A9jCkoM33G'
2018-03-28 15:00:12,b'#AmericanAirlines you really suck! What a waste of money and miles! Never again!? #Norwegian when will you start flights in the U S?'
2018-03-28 14:57:48,"b'How can @AmericanAir always delivery the worst flight experiences?! #AmericanAirlines \nOutdated planes, most hidden fees'"
2018-03-28 14:53:44,b'These airplane fumes are horrible! I hope #AmericanAirlines doesn\xe2\x80\x99t kill my baby. Using my shirt as a breathing mask.'
2018-03-28 14:45:33,b'The first airliner I ever flew:  American DC-10 https://t.co/cbrBthERNv #americanairlines #dc10 https://t.co/BrmMC6O6cD'
2018-03-28 14:30:40,b'@AmericanAir After reviewing the #AmericanAirlines hashtag I highly doubt excellent customer service is your \xe2\x80\x9cgoal\xe2\x80\x9d\xe2\x80\xa6 https://t.co/0rv8Lqii1Y'
2018-03-28 14:29:58,b'RT @CaribJournal: American Airlines Launching #Nonstop #Guyana #Flights https://t.co/Swb4K5I6Vd #news #americanairlines #caribbean'
2018-03-28 14:27:30,b'I need @SouthwestAir and @AmericanAir  to release some good deal flights from Chicago to New Orleans for July becau\xe2\x80\xa6 https://t.co/pKCZ4HDg3F'
2018-03-28 14:24:05,b'@AmericanAir free pretzels won\xe2\x80\x99t make up for the poor excuse of not having anyone to drive our plane from the hange\xe2\x80\xa6 https://t.co/3KCTCRRiwn'
2018-03-28 14:21:14,b'#americanairlines... they were too busy to collected my melted chocolate sundae after 2 hrs!!! https://t.co/z6AdRv2ZQI'
2018-03-28 14:20:27,"b'In all my years of travelling, I\xe2\x80\x99ve never been through worst service than  @AmericanAir #ThrowTheWholeAirlineAway #AmericanAirlines'"
2018-03-28 13:16:46,"b'American names GSAs in Croatia, Slovenia and Kuwait https://t.co/GlUTsIXLPU #aircargo #americanairlines'"
2018-03-28 13:01:45,b'American Airlines customer service went above and beyond this morning at Chicago Ohare Airport! #americanairlines\xe2\x80\xa6 https://t.co/2ODVJfvsMO'
2018-03-28 12:21:56,b'@business Has anyone looked into the probability that Trump has always enjoyed saying things to manipulate market a\xe2\x80\xa6 https://t.co/17VUIOLgZM'
2018-03-28 08:04:08,b'RT @dingleDorf1111: And 3rd @united flight of the day also delayed. All 3. #united #UnitedAirlines #travel #airtravel #airlines #southwest\xe2\x80\xa6'
2018-03-28 07:36:32,b'Travel Monkey luvs his pod. #aa #americanairlines  #jetsetter #champagne @ Shanghai Pudong\xe2\x80\xa6 https://t.co/rL0WLn0c7l'
2018-03-28 07:32:42,b'RT @TravelTourME: New York To Rome Italy $446 RT\nMarch 12-21 2018\n\n--&gt; https://t.co/xLolf6FSTV\n\n#NewYork #Rome #Italy #cheapflights #cheapf\xe2\x80\xa6'
2018-03-28 07:32:32,b'RT @TravelTourME: New York To New Delhi India $694 RT\nMarch 10-31 2018\n\n--&gt; https://t.co/0EaXoKewre\n\n#NewYork #Delhi #India #Etihadairwways\xe2\x80\xa6'
2018-03-28 07:32:07,b'RT @TravelTourME: New York To Kochi India $671 RT\nMarch 9-27 2018\n\n---&gt; https://t.co/0EaXoKewre  &lt;---  \n\n#NewYork #Mumbai #India #Etihadair\xe2\x80\xa6'
2018-03-28 07:32:04,b'RT @TravelTourME: New York to Mumbai India $710 RT\nMarch 9-30 2018\n\n---&gt; https://t.co/0EaXoKewre &lt;---\n\n#NewYork #Mumbai #India #Etihadairww\xe2\x80\xa6'
2018-03-28 07:31:27,"b'RT @TravelTourME: $103 RT\nDallas/Fort Worth to Las Vegas\nSaturday, March 3-6, 2018\n\n--&gt;https://t.co/0EaXoKewre\n\n#Dallas #LasVegas\n#cheapfli\xe2\x80\xa6'"
2018-03-28 07:31:24,b'RT @TravelTourME: San Francisco To New Delhi India $577 Return\nApril 3 - May 3 2018\n\nBook Here--&gt; https://t.co/pmPPM7TiTL\n\n#SanFrancisco  #\xe2\x80\xa6'
2018-03-28 07:31:21,b'RT @TravelTourME: Los Angeles To London UK $435 RT\nApril 12-24 2018\n\nBook Here--&gt; https://t.co/WMKTQdn9E2\n\n#LosAngeles #London  #uk  #cheap\xe2\x80\xa6'
2018-03-28 07:31:18,b'RT @TravelTourME: Chicago To New Delhi India $743 RT\nMarch 7th-April 6th 2018\n\nBook Here-&gt; https://t.co/Pz3qXUVr27\n\n#Chicago  #Delhi #India\xe2\x80\xa6'
2018-03-28 07:31:12,b'RT @TravelTourME: Singapore To Bangkok Thailand S$126 RT\nMay 10-17 2018\n\nBook Here--&gt; https://t.co/syl6N0sTYC\n\n#Singapore #Bangkok #Thailan\xe2\x80\xa6'
2018-03-28 07:31:02,b'RT @TravelTourME: Houston To Bangkok Thailand $778 Return\nApril 4-18 2018\n\nBook Here--&gt; https://t.co/XBDPXnEB2Z\n\n#houston #Bangkok #Thailan\xe2\x80\xa6'
2018-03-28 07:30:59,b'RT @TravelTourME: Washington DC to Paris France $688RT\nMarch 8-29 2018\n\n--&gt; https://t.co/YJ5w61GZ4g\n\n#WashingtonDC #Washington #Paris #fran\xe2\x80\xa6'
2018-03-28 07:30:53,b'RT @TravelTourME: San Francisco to New Delhi India $562 RT\nMarch 7-27 2018\n\nBook Here--&gt;https://t.co/M3XcQiHWwr\n\n#SanFrancisco #NewDelhi #I\xe2\x80\xa6'
2018-03-28 07:30:43,b'RT @TravelTourME: London To Barcelona Spain \xc2\xa335 RT\nApril 19-25 2018\n\nBook Here--&gt;https://t.co/E3ioONrB2F\n\n#London #Barcelona #Spain  #cheap\xe2\x80\xa6'
2018-03-28 07:28:58,b'RT @TravelTourME: Cheap one way USA city deals guys. Take a look. Very cheap indeed. \nFor Booking Please Click On The Link Below With The D\xe2\x80\xa6'
2018-03-28 07:28:39,b'RT @TravelTourME: Atlanta To Chicago $43 One Way \nMar 14 2018\n\nhttps://t.co/RkOEwGYjyA\n\n#Atlanta #Chicago #spiritairlines #United #American\xe2\x80\xa6'
2018-03-28 06:30:33,b'RT @TravelTourME: New York To Rome Italy $446 RT\nMarch 12-21 2018\n\n--&gt; https://t.co/xLolf6FSTV\n\n#NewYork #Rome #Italy #cheapflights #cheapf\xe2\x80\xa6'
2018-03-28 06:30:24,b'RT @TravelTourME: New York To New Delhi India $694 RT\nMarch 10-31 2018\n\n--&gt; https://t.co/0EaXoKewre\n\n#NewYork #Delhi #India #Etihadairwways\xe2\x80\xa6'
2018-03-28 06:29:59,b'RT @TravelTourME: New York To Kochi India $671 RT\nMarch 9-27 2018\n\n---&gt; https://t.co/0EaXoKewre  &lt;---  \n\n#NewYork #Mumbai #India #Etihadair\xe2\x80\xa6'
2018-03-28 06:29:56,b'RT @TravelTourME: New York to Mumbai India $710 RT\nMarch 9-30 2018\n\n---&gt; https://t.co/0EaXoKewre &lt;---\n\n#NewYork #Mumbai #India #Etihadairww\xe2\x80\xa6'
2018-03-28 06:29:36,b'RT @TravelTourME: Singapore To Bangkok Thailand S$126 RT\nMay 10-17 2018\n\nBook Here--&gt; https://t.co/syl6N0sTYC\n\n#Singapore #Bangkok #Thailan\xe2\x80\xa6'
2018-03-28 06:29:36,b'RT @TravelTourME: Washington DC to Paris France $688RT\nMarch 8-29 2018\n\n--&gt; https://t.co/YJ5w61GZ4g\n\n#WashingtonDC #Washington #Paris #fran\xe2\x80\xa6'
2018-03-28 06:29:36,b'RT @TravelTourME: San Francisco To New Delhi India $577 Return\nApril 3 - May 3 2018\n\nBook Here--&gt; https://t.co/pmPPM7TiTL\n\n#SanFrancisco  #\xe2\x80\xa6'
2018-03-28 06:29:36,b'RT @TravelTourME: San Francisco to New Delhi India $562 RT\nMarch 7-27 2018\n\nBook Here--&gt;https://t.co/M3XcQiHWwr\n\n#SanFrancisco #NewDelhi #I\xe2\x80\xa6'
2018-03-28 06:29:36,"b'RT @TravelTourME: $103 RT\nDallas/Fort Worth to Las Vegas\nSaturday, March 3-6, 2018\n\n--&gt;https://t.co/0EaXoKewre\n\n#Dallas #LasVegas\n#cheapfli\xe2\x80\xa6'"
2018-03-28 06:29:36,b'RT @TravelTourME: Chicago To New Delhi India $743 RT\nMarch 7th-April 6th 2018\n\nBook Here-&gt; https://t.co/Pz3qXUVr27\n\n#Chicago  #Delhi #India\xe2\x80\xa6'
2018-03-28 06:29:36,b'RT @TravelTourME: Los Angeles To London UK $435 RT\nApril 12-24 2018\n\nBook Here--&gt; https://t.co/WMKTQdn9E2\n\n#LosAngeles #London  #uk  #cheap\xe2\x80\xa6'
2018-03-28 06:29:36,b'RT @TravelTourME: Houston To Bangkok Thailand $778 Return\nApril 4-18 2018\n\nBook Here--&gt; https://t.co/XBDPXnEB2Z\n\n#houston #Bangkok #Thailan\xe2\x80\xa6'
2018-03-28 06:28:36,b'RT @TravelTourME: London To Barcelona Spain \xc2\xa335 RT\nApril 19-25 2018\n\nBook Here--&gt;https://t.co/E3ioONrB2F\n\n#London #Barcelona #Spain  #cheap\xe2\x80\xa6'
2018-03-28 06:26:50,b'RT @TravelTourME: Cheap one way USA city deals guys. Take a look. Very cheap indeed. \nFor Booking Please Click On The Link Below With The D\xe2\x80\xa6'
2018-03-28 06:26:32,b'RT @TravelTourME: Atlanta To Chicago $43 One Way \nMar 14 2018\n\nhttps://t.co/RkOEwGYjyA\n\n#Atlanta #Chicago #spiritairlines #United #American\xe2\x80\xa6'
2018-03-28 06:26:13,b'RT @TravelTourME: New York To Chicago $99RT\nMar 20-28 2018\n\nhttps://t.co/lTCS1IaSJz\n\n#Chicago #NewYork #AmericanAirlines #vacation #luxury\xe2\x80\xa6'
2018-03-28 06:25:05,b'RT @TravelTourME: All or most operations out of Boston is on full stop it seems like cause of the storm. So far over 700 airlines have canc\xe2\x80\xa6'
2018-03-28 02:18:11,"b""#AmericanAirlines flight 150 still not boarding.Looks like to won't be boarded before 1000pm. #Chase Reserve trip d\xe2\x80\xa6 https://t.co/xh0eYm42yM"""
2018-03-28 02:10:33,b'Never flying #americanairlines again.  Everyone in this terminal is running....needless to say they must have a problem with timely flying'
2018-03-28 01:53:25,b'The #AmericanAirlines gate E8 gate announcer @CLTAirport is LIT  \xf0\x9f\x94\xa5'
2018-03-28 01:37:41,b'At #Ohare flying #AmericanAirlines dealing with a 2 hour delay. People watching is fun though.'
2018-03-28 01:28:03,b'#Americanairlines typical response @AmericanAir...still waiting after 40min. Not sure what soon means to them. https://t.co/BweqUzr6J4'
2018-03-28 01:22:02,"b'RT @dronelawdotcom: .@AmericanAir In fact, we were so hungry, we would have gladly paid for this dubiously-named Thai Ginger Wrap. But the\xe2\x80\xa6'"
2018-03-28 01:17:06,"b'.@AmericanAir In fact, we were so hungry, we would have gladly paid for this dubiously-named Thai Ginger Wrap. But\xe2\x80\xa6 https://t.co/KVnEKQehQA'"
2018-03-28 01:09:32,b'#Tmobile - no LTE data at the #AmericanAirlines stadium in dallas.  Forced to post via a #Verizon phone.'
2018-03-28 00:47:34,b'Watchin my #MiamiHeat \xf0\x9f\x94\xa5\xf0\x9f\x94\xa5 cook the Cavs #WhiteHot #SouthBeach #AmericanAirlines #DWade3 #StillWadeCounty \xf0\x9f\x92\xaf\xf0\x9f\xa4\x99\xf0\x9f\x8f\xbe'
2018-03-28 00:04:33,b'And 3rd @united flight of the day also delayed. All 3. #united #UnitedAirlines #travel #airtravel #airlines\xe2\x80\xa6 https://t.co/8GNIbuKZFo'
2018-03-27 23:57:29,b'More crate damage from #AmericanAirlines https://t.co/eHxuVgznS2'
2018-03-27 23:57:11,b'Still not happy with #AmericanAirlines ....sent them a DM about the damage to my Service Dog crate....they have den\xe2\x80\xa6 https://t.co/J1t14oXgZP'
2018-03-27 23:52:31,b'RT @patstravelrevu: #AmericanAirlines #A319 #FirstClass snack #PHX to #AUS https://t.co/QkuQsLF3kq #avgeek #Aviation #travel #AmericanAir #\xe2\x80\xa6'
2018-03-27 23:48:52,b'#AmericanAirlines #A319 #FirstClass snack #PHX to #AUS https://t.co/QkuQsLF3kq #avgeek #Aviation #travel\xe2\x80\xa6 https://t.co/ICtVfz9IUi'
2018-03-27 23:15:53,b'American Airlines Launching #Nonstop #Guyana #Flights https://t.co/Swb4K5I6Vd #news #americanairlines #caribbean'
2018-03-27 23:00:26,b'Looking for a new favorite airline. Southwest is no longer my go to. All it takes is one bad customer service exper\xe2\x80\xa6 https://t.co/PAU0QDWlGy'
2018-03-27 22:48:44,b'Aren\xe2\x80\x99t delays great? Especially when you\xe2\x80\x99re sat on the plane with no AC. #AmericanAirlines'
2018-03-27 22:16:30,"b'@Cleartrip It has been more than 72 hours, you promised to reply, you promised to call back and nothing happened!\xe2\x80\xa6 https://t.co/iR7GevfKTS'"
2018-03-27 22:15:09,b'@AmericanAir will become the first carrier to operate flights between @flyLAXairport and Buenos Aires by the end of\xe2\x80\xa6 https://t.co/jimpNeOK0I'
2018-03-27 22:09:44,"b'Thank you @AmericanAir for adding #MIAtoGEO, it\xe2\x80\x99ll make things so much easier from #ORDtoGEO #Guyana #AmericanAirlines #CJIA'"
2018-03-27 21:43:40,"b""@AmericanAir classics colors' Boeing 737-823 about to land on runway 25L at @flyLAXairport on sunset.\xe2\x80\xa6 https://t.co/7ZMZnuY74i"""
2018-03-27 20:48:09,b'Trump suggests US military foot the bill for border wall\n\nhttps://t.co/sDV4B6qtEW\n\n#@POTUS #trump #USA #USArmy\xe2\x80\xa6 https://t.co/sKGB0RvFgu'
2018-03-27 19:29:18,b'RT @HeatherMarsh8: Sitting at #ohare - thinking that #AATeam #AmericanAirlines staff totally rocks. H6 gate staff and customer service atte\xe2\x80\xa6'
2018-03-27 19:16:42,b'Sitting at #ohare - thinking that #AATeam #AmericanAirlines staff totally rocks. H6 gate staff and customer service\xe2\x80\xa6 https://t.co/vKnpdVyStU'
2018-03-27 19:04:23,"b'CEO of #AmericanAirlines, #DougParker, on how he learned business is a #team effort. https://t.co/4PjchZLx1p\xe2\x80\xa6 https://t.co/uNVnle9bm3'"
2018-03-27 19:03:34,"b""Catching early flight home. It's a good day!!!! #AmericanAirlines"""
2018-03-27 18:40:22,b'Oh weird. It happened again. Hope I make my connection. @united #united #unitedairlines #airlines #airtravel\xe2\x80\xa6 https://t.co/MmUeIZ5Vxt'
2018-03-27 18:32:49,b'@Clagett Beats \xe2\x80\x9cwe canceled your flight 12 hrs in advance due to weather... but no we don\xe2\x80\x99t have any alternatives.\xe2\x80\x9d\xe2\x80\xa6 https://t.co/r8FXYUreKc'
2018-03-27 18:29:53,"b'No joke, nearly every time I fly @united something happens and we get delayed. Never with @SouthwestAir or\xe2\x80\xa6 https://t.co/mpZdbjGecU'"
2018-03-27 17:56:32,b'Sprite and infinite cube!! #AmericanAirlines #flywithfi https://t.co/6JWBIrpf39'
2018-03-27 17:15:00,b'Thanks #AmericanAirlines for misplacing our luggage and leaving us without clothes and our belongings on vacation i\xe2\x80\xa6 https://t.co/GzLR43WyK2'
2018-03-27 17:07:22,b'Dee at #AmericanAirlines customer service rocks!!!! We\xe2\x80\x99re grateful!!!!'
2018-03-27 16:56:44,b'RT @chandrawilson: Wow #AmericanAirlines in addition to purchasing airline tickets #AmericanAirlines also makes you purchase seats but won\xe2\x80\x99\xe2\x80\xa6'
2018-03-27 16:48:11,"b'RT @mccrackenview: So close. The #AA desk attendant almost did me a solid, until her manager nullified the request. I got a \xe2\x80\x9csorry,\xe2\x80\x9d and a\xe2\x80\xa6'"
2018-03-27 16:46:48,b'Wow #AmericanAirlines in addition to purchasing airline tickets #AmericanAirlines also makes you purchase seats but\xe2\x80\xa6 https://t.co/sUrrDZas3p'
2018-03-27 16:30:02,b'#AmericanAirlines Employees Win Class Cert. in #WorkingOfftheClock Lawsuit https://t.co/pxxrLexX5c\xe2\x80\xa6 https://t.co/MnIysV5fjo'
2018-03-27 16:20:51,"b'So close. The #AA desk attendant almost did me a solid, until her manager nullified the request. I got a \xe2\x80\x9csorry,\xe2\x80\x9d a\xe2\x80\xa6 https://t.co/jLXMz3Htsr'"
2018-03-27 16:19:43,b'@americanair stewards just wanna have fun! \xf0\x9f\x8e\x89 What a funky way to celebrate your 3 years anniversary. \xf0\x9f\x92\x83\n\n\xe2\x80\xa2\n\xe2\x80\xa2\n\xf0\x9f\x93\xbd\xe2\x80\xa6 https://t.co/A7eH90yaUm'
2018-03-27 16:12:28,b'@AmericanAir it is now 9:10 and we still have not taken off for our 8:30am flight. We were rerouted last night in f\xe2\x80\xa6 https://t.co/y3kZ7LzdLf'
2018-03-27 16:03:32,"b'Trying to book a #flight with my @AmericanAir AAdvatage miles but it looks like I cannot choose the flight, it has\xe2\x80\xa6 https://t.co/Ma2vMnNVXN'"
2018-03-27 15:30:43,b'#AmericanAirlines I have a very serious customer service issue to discuss with you.  Please contact me immediately.\xe2\x80\xa6 https://t.co/NXATVurg9v'
2018-03-27 15:20:59,b'#AmericanAirlines flight crews are awesome.  What is wrong with their ticket counter agents. Grumpy and a major bot\xe2\x80\xa6 https://t.co/zCLJ5RyCg1'
2018-03-27 15:19:30,"b""#AmericanAirlines - Flight becoming more delayed by the minute, asked for a simple meal voucher and told I can't ge\xe2\x80\xa6 https://t.co/CTYvQ7LZ3h"""
2018-03-27 15:10:10,"b'Seriously @AmericanAir? It\xe2\x80\x99s deja vu. Just like only 5 days ago, flight delayed by 1.5 hours so far. We\xe2\x80\x99ll have to\xe2\x80\xa6 https://t.co/3W1FaW2Fzr'"
2018-03-27 15:09:04,"b'That is a brief synopsis of our horrible experience with #AmericanAirlines, the were horrible at all aspects of the\xe2\x80\xa6 https://t.co/ZPUD5udtyV'"
2018-03-27 15:05:22,"b""At almost midnight we ended up renting a car... on our own dime... because #AmericanAirlines doesn't give car vouch\xe2\x80\xa6 https://t.co/cculNaI0d3"""
2018-03-27 15:03:52,b'We finally got a manager from #AmericanAirlines  who then told us the customer service rep made a mistake and we co\xe2\x80\xa6 https://t.co/PvqlxRaFVt'
2018-03-27 15:02:19,"b'Then after 14 hours dealing with missed connection and maintenance issues, we were told it was weather related and\xe2\x80\xa6 https://t.co/3e1Kkid8TN'"
2018-03-27 14:58:15,b'Flew to Mexico with Chandler and some friends to spend a week bass fishing.  It was a fantastic week... except for\xe2\x80\xa6 https://t.co/0LMN5DOtRp'
2018-03-27 14:53:51,"b""WOW! This will make me re-think taking an #AmericanAirlines flight American Airlines' CEO Says the Least Important\xe2\x80\xa6 https://t.co/nvx5VhCI8S"""
2018-03-27 13:57:24,b'@AmericanAir subtracted like $2 from their normal fare and then tell you no carry-on allowed and your ass will sit\xe2\x80\xa6 https://t.co/uF8YaOzzWt'
2018-03-27 13:26:04,b'Doesn\xe2\x80\x99t everyone turn into a squirrel when your #flight is #delayed for 2 hours...while your boarded? #Snaplife\xe2\x80\xa6 https://t.co/uyhxnGLhAN'
2018-03-27 13:17:26,b'RT @J2thecarpenter: I try to \xe2\x9d\xa4\xef\xb8\x8f you @AmericanAir but losing my bags 2 out of the last 3 times I\xe2\x80\x99ve flown is about all I can take!!! #lostba\xe2\x80\xa6'
2018-03-27 13:17:16,"b""RT @amyldurkin: First we can't board because flight's oversold. Now 30 minutes from take off and we can't board because there's no flight c\xe2\x80\xa6"""
2018-03-27 13:17:06,"b'RT @AY808: Was on AA FLT 1876 in 1C March 20, 2018 from CLT to LAX and cant believe I am watching the flight attendant eating nuts with her\xe2\x80\xa6'"
2018-03-27 13:08:16,"b'#Heathrow airport transfer to Terminal 3 is a 3rd world operation.  Awful experience #americanairlines it\xe2\x80\x99s better to fly BA, clearly'"
2018-03-27 13:05:27,"b""#AmericanAirlines' CEO says the least important customers get the worst planes https://t.co/D30pMyodfU @Inc @ChrisMatyszczyk"""
2018-03-27 12:42:39,"b""Can't believe @AmericanAir doesn't provide infant in lap seatbelts or infant life vests/flotation devices in case o\xe2\x80\xa6 https://t.co/dXd5aFEXaS"""
2018-03-27 12:05:44,b'#AmericanAirlines #PHL SUCKS again...  EVEN if your bag is 9\xe2\x80\x9dX14\xe2\x80\x9dx22\xe2\x80\x9d. Don\xe2\x80\x99t worrry the Airline Gestapo at the gate\xe2\x80\xa6 https://t.co/JzwansfEGT'
2018-03-27 11:58:35,b'Take off from Dallas to Sioux Falls into the clouds! #americanairlines #Dallas #siouxfalls #goodsamaritan #flight\xe2\x80\xa6 https://t.co/U8VVvsrphP'
2018-03-27 11:57:28,b'Take off from Dallas to Sioux Falls into the clouds! #americanairlines #Dallas #siouxfalls\xe2\x80\xa6 https://t.co/NaseE2cTpx'
2018-03-27 11:56:36,b'Take off from Dallas to Sioux Falls into the clouds! #americanairlines #Dallas #siouxfalls #goodsamaritan #flight\xe2\x80\xa6 https://t.co/0hNqXCEwwM'
2018-03-27 11:55:51,b'Take off from Dallas to Sioux Falls into the clouds! #americanairlines #Dallas #siouxfalls\xe2\x80\xa6 https://t.co/wv5ps1ZXmx'
2018-03-27 11:30:09,b'#americanairlines flight PBI to DFW cancelled this Morning.   Help'
2018-03-27 11:25:19,"b'RT @joshidevina: From #Campari to #AmericanAirlines, how #Martech is being used innovatively. https://t.co/oMgOC6zpG6'"
2018-03-27 10:44:06,b'RT @TheRahulChandak: Thanks @AmericanAir the so called LA\xe2\x80\x99s best airlines... delayed the flight by 3 hours... then pilots cannot fly becaus\xe2\x80\xa6'
2018-03-27 10:43:06,b'RT @Airplane_pic: Have a great weekend \xe2\x9c\x88\xe2\x9d\xa4\xe2\x9c\x88\n#avgeek #AmericanAirlines https://t.co/l2XjbCmeUS'
2018-03-27 10:41:04,b'BOS\xe2\x80\x94-&gt;LAX in 3...2...1\xf0\x9f\x91\x8a\xf0\x9f\x8f\xbc\xf0\x9f\x92\xa8 #cigarjester #americanairlines #sunrise #cigarlife #lax @ American\xe2\x80\xa6 https://t.co/WgDWHNn9dy'
2018-03-27 10:27:58,b'RT @HendrixArianne: #AmericanAirlines Not okay for you to cancel our flight from DCA to LAX without any warning. 6 students and 2 coaches a\xe2\x80\xa6'
2018-03-27 10:12:13,"b'American Airlines canceled on six deaf students and two teachers, and found them a new plane which will fly in the\xe2\x80\xa6 https://t.co/8d59QlSFxr'"
2018-03-27 10:10:18,b'Oh #AmericanAirlines did I mention I\xe2\x80\x99m sick also?'
2018-03-27 10:05:40,"b'Fact: our basketball team is 4-0 and because of this, we now have 4-1 record. Thanks to #AmericanAirlines we woke u\xe2\x80\xa6 https://t.co/J2ys8BOKAK'"
2018-03-27 10:02:33,b'Now we have to forefit our basketball game today because #AmericanAirlines simply thinks it\xe2\x80\x99s ok to cancel on us wi\xe2\x80\xa6 https://t.co/QDZFGZn2bT'
2018-03-27 10:00:28,b'#AmericanAirlines Not okay for you to cancel our flight from DCA to LAX without any warning. 6 students and 2 coach\xe2\x80\xa6 https://t.co/JCYkOXsjP0'
2018-03-27 09:47:04,"b'RT @joshidevina: From #Campari to #AmericanAirlines, how #Martech is being used innovatively. https://t.co/oMgOC6zpG6'"
2018-03-27 09:37:37,"b'RT @joshidevina: From #Campari to #AmericanAirlines, how #Martech is being used innovatively. https://t.co/oMgOC6zpG6'"
2018-03-27 07:04:17,"b'From #Campari to #AmericanAirlines, how #Martech is being used innovatively. https://t.co/oMgOC6zpG6'"
2018-03-27 06:28:32,b'#AmericanAirlines #Boeing777ER #AA77W #BusinessClass #flights from #DFW to #GRUairportSP #SaoPaulo #Brazil\xe2\x80\xa6 https://t.co/svEr8K1TsM'
2018-03-27 06:24:13,b'#AmericanAirlines @AA154\nCongratulations to the captain for the last flight *\\(^o^)/*'
2018-03-27 05:35:04,"b""RT @Flypairplane: NRA is suing Florida. That's like 911 terrorists' families suing United and American Airlines. #United #AmericanAirlines\xe2\x80\xa6"""
2018-03-27 05:09:22,"b""American Airlines Pilot Reports UFO With 'Big Reflection' 40,000 Feet Over Arizona https://t.co/GnRq1XRfMF #AmericanAirlines #UFO #Arizona"""
2018-03-27 05:09:12,b'RT @Blushnigeria: @AmericanAir Thank you for the DM respectfully decling to refund my train fare from Manchester to London. The plane depar\xe2\x80\xa6'
2018-03-27 05:01:35,b'@AmericanAir Thank you for the DM respectfully decling to refund my train fare from Manchester to London. The plane\xe2\x80\xa6 https://t.co/KFb9fE6S4f'
2018-03-27 04:01:45,"b""NRA is suing Florida. That's like 911 terrorists' families suing United and American Airlines. #United\xe2\x80\xa6 https://t.co/CWikXPm46Q"""
2018-03-27 03:58:10,b'Stupid lady at #AmericanAirlines didn\xe2\x80\x99t even allowed one pound in a bag.'
2018-03-27 03:55:41,b'Thanks @AmericanAir the so called LA\xe2\x80\x99s best airlines... delayed the flight by 3 hours... then pilots cannot fly bec\xe2\x80\xa6 https://t.co/LNr6jnMF37'
2018-03-27 03:33:43,b'Last leg home! #going #americanairlines https://t.co/Isrcg3fAep'
2018-03-27 03:29:07,b'@AmericanAir Unfortunately I do not think I will be flying with you any longer. The next flying opportunity with\xe2\x80\xa6 https://t.co/gwzaCIvc7e'
2018-03-27 03:25:05,b'RT @QueenDemetriax: ima dedicate my next album to those who were suspended from twitter by the evil airline industry #AmericanAirlines http\xe2\x80\xa6'
2018-03-27 03:23:46,b'KBOS and downtown #Boston from downwind leg of our approach #americanairlines #a321\xe2\x80\xa6 https://t.co/RzEJPtrOmu'
2018-03-27 02:47:30,"b'Had a great flight #AmericanAirlines , flight 670. Great plane, #airbus 330, want to thank Gary and Ray for kindnes\xe2\x80\xa6 https://t.co/59NCQAL23Q'"
2018-03-27 02:21:17,b'Took us over an hour tonight to get our bags from #AmericanAirlines flight 2536 at #DCA. Not cool @AmericanAir. Not cool at all.'
2018-03-27 02:10:41,b'Hello #AmericanAirlines chasing our #UnitedAirlines flight into #SFO https://t.co/daKuMQPZC6'
2018-03-27 02:02:22,b'americanair #americanairlines #lga2ord Heading home @ LaGuardia Airport https://t.co/cZfKZDCr8A'
2018-03-27 01:58:33,b'WORTHLESS #AmericanAirlines \xe2\x80\x9csupervisor\xe2\x80\x9d. What a joke. https://t.co/Y98eriTG95'
2018-03-27 01:55:57,b'#AmericanAirlines only ONE gate agent for line of twenty people trying to rebook flights in MIA. REALLY????  #AmericanAirlines'
2018-03-27 01:54:06,b'More than an hour in line AGAIN to try to rebook flight. THIS IS REDICULOUS. #AmericanAirlines'
2018-03-27 01:52:36,b'More than one hour in line to check bag then get to gate agent and now it\xe2\x80\x99s too late to check bag. That want me to\xe2\x80\xa6 https://t.co/dVNK3yWo0H'
2018-03-27 01:48:51,b'American Airlines in MIA worst experience ever; here more than 2 hours before flight and gate agents still made me\xe2\x80\xa6 https://t.co/bFmbmHHdXN'
2018-03-27 01:17:06,b'.@AmericanAir How\xe2\x80\x99s about a free WiFi code so I can work on my @FortniteGame skills on the flight? \xe2\x9c\x88\xef\xb8\x8f \xf0\x9f\x94\xa8 \xf0\x9f\x8c\xb3 #Fortnite #AmericanAirlines'
2018-03-27 01:05:29,"b""@JLebronMillan @AmericanAir @united It's an adventure travel with #AmericanAirlines"""
2018-03-27 01:00:43,"b""We got stuck in #DFW on @AmericanAir wi/o our bags It's sad when the food is the best part of a flight.\xe2\x80\xa6 https://t.co/CIOQ8BXwuw"""
2018-03-27 00:56:17,b'RT @michelleapeluso: Love seeing women cios disrupting the world at great companies like #AmericanAirlines   #mayaleibman rocks.  #think201\xe2\x80\xa6'
2018-03-27 00:29:41,"b'I\xe2\x80\x99ve been at the airport since 1pm, and this is the second plane I\xe2\x80\x99ve had to get off of due to engine issues. Ameri\xe2\x80\xa6 https://t.co/lZVt4a7oMq'"
2018-03-27 00:19:51,b'Sunset in Miami at 20k ft #miamisunset #miami #americanairlines #sunset https://t.co/6Ty5ijMQsL'
2018-03-27 00:14:05,b'Another Late Departure\nAnother Old Plane without WiFI\nTwo in one Week!\nCome On @AmericanAir!\nBecoming the worst Air\xe2\x80\xa6 https://t.co/1hEHYZdVkf'
2018-03-27 00:05:12,"b'Nothing really works! Monitor doesn\xe2\x80\x99t work, the call button doesn\xe2\x80\x99t work, the reading light doesn\xe2\x80\x99t work...you char\xe2\x80\xa6 https://t.co/pyC2Kszuv4'"
2018-03-26 23:48:08,b'@AmericanAir should take better care of their patrons. Over 10hr flight from Brazil to USA and the monitor doesn\xe2\x80\x99t\xe2\x80\xa6 https://t.co/oljzl682ow'
2018-03-26 22:35:08,b'Broom broom \xf0\x9f\x9a\x97 #la #aa #americanairlines #santamonica #socal #california #cali #usa #america\xe2\x80\xa6 https://t.co/NGZNespGoC'
2018-03-26 22:26:50,b'The latest karatte news! https://t.co/Rwube71gBc #twitter #americanairlines'
2018-03-26 21:42:18,"b'#AmericanAirlines you have lost another customer, my family and I were traveling home from Knoxville airport and we\xe2\x80\xa6 https://t.co/9FBByRU7E2'"
2018-03-26 21:32:22,"b'Less ridicule, more #reporting. This is what #disclosure looks like.\n\n#UFOs #ufosighting #PressRelease\xe2\x80\xa6 https://t.co/JWGknpkMSx'"
2018-03-26 21:30:43,b'#ICYMI #UnitedAirlines Suspends #PetSafe #Pet #Cargo Program\nReviewing why so many #animals die on #United #flights\xe2\x80\xa6 https://t.co/VanIUhKClv'
2018-03-26 21:01:01,b'Welding out piping on #AmericanAirlines Hangar at ORD continues! https://t.co/clJmrVsLyB https://t.co/oYMvALjfyX'
2018-03-26 20:24:10,"b'American Airlines really needs to get it together! On a 5 hour flight with no In flight entertainment, no power out\xe2\x80\xa6 https://t.co/hAu1YRgrYF'"
2018-03-26 20:19:19,b'Need to find details of UK Airline Ombudsman I can reach out to regarding @AmericanAir and their refusal to refund\xe2\x80\xa6 https://t.co/z9hivK6FhP'
2018-03-26 20:10:59,b'#goals #AmericanAirlines wow! Talk about Monday Motivation! https://t.co/cLT2FydlMC'
2018-03-26 20:08:41,b'Demi Lovato and DJ Khaled in #Concert: #March 30\n\nHead to the #AmericanAirlines Arena for a high-energy #concert by\xe2\x80\xa6 https://t.co/QrNOrGEdBU'
2018-03-26 19:13:48,b'#AmericanAirlines and another pilot reported #UFO above their aircraft over #Arizona last month [story and audio].\xe2\x80\xa6 https://t.co/uI7LvWCkjG'
2018-03-26 19:04:47,b'Got an upgrade to first class for my flight to Dallas - I could get used to this... #roadwarrior #lifeisgood\xe2\x80\xa6 https://t.co/ijWXY7OVWI'
2018-03-26 18:26:47,"b'RT @AviationNews: #AmericanAirlines says no to #Airbus A330neo, leaving #Boeing in exclusive talks for a new 787 deal https://t.co/9Kh5Whjt\xe2\x80\xa6'"
2018-03-26 18:04:03,b'@FoothillsMatt @AmericanAir I just teeeted my dissatisfaction too they don\xe2\x80\x99t have customer service. Unless it fits\xe2\x80\xa6 https://t.co/eH7GD3hI3v'
2018-03-26 17:38:17,b'Hello Austin! Looking forward to some productive meetings this week.  #NFP #AmericanAirlines https://t.co/PaYaqjxpnT'
2018-03-26 17:20:06,"b'#AmericanAirlines says no to #Airbus A330neo, leaving #Boeing in exclusive talks for a new 787 deal https://t.co/9Kh5WhjtkH'"
2018-03-26 17:13:09,b'RT @michelleapeluso: Love seeing women cios disrupting the world at great companies like #AmericanAirlines   #mayaleibman rocks.  #think201\xe2\x80\xa6'
2018-03-26 17:04:03,b'American Airlines accidentally promised everyone free seats on #Twitter https://t.co/q3Mepq2CZu #AmericanAirlines https://t.co/FIVB99GZQj'
2018-03-26 17:03:14,b'#AmericanAirlines  continuation from previous tweet.  Asking for a refund of expenses incurred from missing connect\xe2\x80\xa6 https://t.co/xu9i1IBt3E'
2018-03-26 17:01:13,b'Are we being watched by extraterrestrials? Two #AmericanAirlines pilots report a possible #UFO had flown above them\xe2\x80\xa6 https://t.co/OiJzH9uWtW'
2018-03-26 16:21:10,b'American Airlines accidentally promised everyone free seats on #Twitter https://t.co/sf3EDEarEp #AmericanAirlines https://t.co/e60YRVlUhB'
2018-03-26 14:51:48,b'RT @ch4dwhit3: No more #AmericanAirlines flights for me! #badcustomerservice @AACustomerCare @AmericanAir'
2018-03-26 14:48:29,b'No more #AmericanAirlines flights for me! #badcustomerservice @AACustomerCare @AmericanAir'
2018-03-26 14:40:06,b'Into the air one more time. One flight down this week 9 to go #Travel #AmericanAirlines https://t.co/mho1mRWMtk'
2018-03-26 14:29:58,b'30 minutes late and still waiting. #letsgo #ifihadbeenthislatetothegate #americanairlines\xe2\x80\xa6 https://t.co/G6b5Gbjeh6'
2018-03-26 14:05:51,"b'After an hour , I got my original flight back , but if #Americanairlines wants to fly me to California again I\xe2\x80\x99d down \xe2\x9c\x88\xef\xb8\x8f'"
2018-03-26 13:00:33,"b""RT @PTriciaDean: In 17 years I have never not been able to carry on my son's medical bag! Thanks #americanairlines ! #cysticfibrosis #there\xe2\x80\xa6"""
2018-03-26 12:33:37,b'I\xe2\x80\x99m so close in being a gold member \xf0\x9f\x98\x86\xe2\x9c\x88\xef\xb8\x8f#americanairlines'
2018-03-26 12:08:37,b'View of the wing #americanairlines #dreamliner #AvGeek https://t.co/6Q0SGBrpfG'
2018-03-26 11:50:04,b'Husband\xe2\x80\x99s ticket cancelled because #AmericanAirlines agent thought he was merely \xe2\x80\x9chandling\xe2\x80\x9d our bags! Spring Break nightmare. #airlines'
2018-03-26 11:17:06,b'Aww \xf0\x9f\x98\x8a we\xe2\x80\x99ll we\xe2\x80\x99re hiring \xf0\x9f\x98\x89\xf0\x9f\x9b\xab#AmericanAirlines'
2018-03-26 09:22:27,b'3am start! Good morning! #AmericanAirlines https://t.co/nYlcwiFqEl'
2018-03-26 08:46:12,b'@AmericanAir needs to fly with @Delta one time just so they can see what customer service is all about. #Delta\xe2\x80\xa6 https://t.co/QvyYKu4Vcf'
2018-03-26 08:43:05,b'When you fly @AmericanAir for the first time and quickly realize why it will be your last! Two customer service age\xe2\x80\xa6 https://t.co/0rTmPkvfOp'
2018-03-26 06:13:23,"b'@Chiquis626 @AmericanAir Im not a #AmericanAirlines fan but, You should always use AA Five Star service or\xe2\x80\xa6 https://t.co/DIIRcpZmYw'"
2018-03-26 04:14:45,"b'Travel Agent WINS $10k trip to L.A., New Orleans and Las Vegas! https://t.co/qNC1JJlQb3 #NewOrleans #TravelAgent\xe2\x80\xa6 https://t.co/EhFUEELm9c'"
2018-03-26 03:44:40,b'RT @Chiquis626: I\xe2\x80\x99m soooo disappointed! I\xe2\x80\x99m always raving about how much I love #AmericanAirlines But this woman has totally left a bad tas\xe2\x80\xa6'
2018-03-26 02:36:56,b'Very frustrated... #AmericanAirlines flight delayed because they do not have a crew??! Been a long time member and\xe2\x80\xa6 https://t.co/ByGII04UnU'
2018-03-26 00:28:00,b'RT @ImperatoreChico: #American #Dreamliner #Boeing787 #LAX #LosAngeles to GRU #SaoPaulo #Economy #AmericanAirlines @AmericanAir #Oneworld A\xe2\x80\xa6'
2018-03-25 23:59:36,b'#americanairlines flight out of #lovefield. Seems so close for flight path to cruise by #DFW https://t.co/pjefSIYAYM'
2018-03-25 23:49:49,b'So nice to be back with #AlaskaAir. Can\xe2\x80\x99t say their partner #AmericanAirlines is a very good partner. #IFlyAlaska'
2018-03-25 23:37:38,b'#American #Dreamliner #Boeing787 #LAX #LosAngeles to GRU #SaoPaulo #Economy #AmericanAirlines @AmericanAir\xe2\x80\xa6 https://t.co/fPNtuQ5t1D'
2018-03-25 23:11:22,b'#lasvegas bound for #dse2018 with @marcbenson better late than never #AmericanAirlines https://t.co/WSSGSxJc4P'
2018-03-25 21:53:00,b'The original Cheesecake Factory \xf0\x9f\x98\x8d cheesecakefactory #la #aa #americanairlines #santamonica\xe2\x80\xa6 https://t.co/N8HQUYhn4g'
2018-03-25 21:34:28,b'Time to play @Canucks #AmericanAirlines https://t.co/g8mg8CCSIj'
2018-03-25 21:14:13,"b'RT @DrHillbilly: Thanks SO MUCH #AmericanAirlines for canceling my flight tomorrow with no message other than, \xe2\x80\x9c your flight has been cance\xe2\x80\xa6'"
2018-03-25 20:48:19,"b'Called AA last week to re-book flight tickets. Never got through, permanent call hold. Fares went up by $200 in a f\xe2\x80\xa6 https://t.co/CKlXuWtf3i'"
2018-03-25 20:46:04,b'#Americanairlines is the worst!!!'
2018-03-25 20:35:09,b'RT @AircraftVideos: An @AmericanAir @BoeingAirplanes 777-323/ER [N717AN] landing on 18R at Dallas/Fort Worth International Airport (@DFWAir\xe2\x80\xa6'
2018-03-25 20:21:17,b'It\xe2\x80\x99s not surprising that most people using the #AmericanAirlines hashtag have a complaint. @AmericanAir why does it have to be like this?'
2018-03-25 19:31:50,b'@AmericanAir only 1 gate agent? Seriously? Flt. delayed. #Uninformed passengers will FlyUnHappy. #AmericanAirlines Alb. Flt.5726'
2018-03-25 19:18:18,b'Great service today by David Rafael at check-in in QRO Mexico. He helped me out big time. Very impressed! #AmericanAirlines'
2018-03-25 19:08:42,b'Departure is 8:30am and I arrive at 8:17am  at gate and I am told they closed the doors already.  Had to wait 2 hou\xe2\x80\xa6 https://t.co/rR3hgeog9B'
2018-03-25 19:03:53,"b'RT @WomenThatSoar: Get ready to celebrate the brilliance within, be empowered, inspired and encouraged to soar! \n\nWomen That Soar Awards :\xe2\x80\xa6'"
2018-03-25 18:52:20,"b'How did the movie #geostorm get made? Ugh. A lot late watching it, but #americanairlines has it for free. Thank God\xe2\x80\xa6 https://t.co/ORp1Gf3S8C'"
2018-03-25 18:03:43,b'RT @AircraftVideos: An @AmericanAir @BoeingAirplanes 777-323/ER [N717AN] landing on 18R at Dallas/Fort Worth International Airport (@DFWAir\xe2\x80\xa6'
2018-03-25 18:02:00,b'RT @AircraftVideos: An @AmericanAir @BoeingAirplanes 777-323/ER [N717AN] landing on 18R at Dallas/Fort Worth International Airport (@DFWAir\xe2\x80\xa6'
2018-03-25 18:00:55,b'An @AmericanAir @BoeingAirplanes 777-323/ER [N717AN] landing on 18R at Dallas/Fort Worth International Airport (\xe2\x80\xa6 https://t.co/vMCbY4x87j'
2018-03-25 17:52:18,"b'RT @DrHillbilly: Thanks SO MUCH #AmericanAirlines for canceling my flight tomorrow with no message other than, \xe2\x80\x9c your flight has been cance\xe2\x80\xa6'"
2018-03-25 16:33:50,b'Shout out to #americanairlines for make this flight fun and excited https://t.co/9rDgrKZR5M'
2018-03-25 16:15:02,b'I\xe2\x80\x99m nearing million-miler on #AmericanAirlines and I always have GREAT experiences...until today. A 1st class guy p\xe2\x80\xa6 https://t.co/UeNth5WsKy'
2018-03-25 16:14:19,b'RT @YNHallak: #AmericanAirlines ends talks over #Airbus #A350 order https://t.co/bLc9pujyZo'
2018-03-25 15:46:30,b'RT @aviationhub305: Follow us on Instagram https://t.co/TenBUgwQ65 Miami International (MIA) 2018 YouTube \xf0\x9f\x8e\xa5https://t.co/xAxuaYzWTh Subscrib\xe2\x80\xa6'
2018-03-25 15:41:40,b'Follow us on Instagram https://t.co/TenBUgwQ65 Miami International (MIA) 2018 YouTube \xf0\x9f\x8e\xa5https://t.co/xAxuaYzWTh Subs\xe2\x80\xa6 https://t.co/xTblAIHXNo'
2018-03-25 15:40:56,b'RT @ChrisDisaster: #Traveling #Safely with #Lithium #Batteries - Before you #fly watch the video at https://t.co/Og32qGvj2F #Airplanes #Air\xe2\x80\xa6'
2018-03-25 15:40:13,b'RT @ChrisDisaster: #Traveling #Safely with #Lithium #Batteries - Before you #fly watch the video at https://t.co/Og32qGvj2F #Airplanes #Air\xe2\x80\xa6'
2018-03-25 15:39:51,b'RT @ChrisDisaster: #Traveling #Safely with #Lithium #Batteries - Before you #fly watch the video at https://t.co/Og32qGvj2F #Airplanes #Air\xe2\x80\xa6'
2018-03-25 15:25:01,"b""In 17 years I have never not been able to carry on my son's medical bag! Thanks #americanairlines ! #cysticfibrosis\xe2\x80\xa6 https://t.co/oBBRuOxPwU"""
2018-03-25 15:21:54,b'RT @ChrisDisaster: #Traveling #Safely with #Lithium #Batteries - Before you #fly watch the video at https://t.co/Og32qGvj2F #Airplanes #Air\xe2\x80\xa6'
2018-03-25 14:55:33,b'RT @ChrisDisaster: #Traveling #Safely with #Lithium #Batteries - Before you #fly watch the video at https://t.co/Og32qGvj2F #Airplanes #Air\xe2\x80\xa6'
2018-03-25 14:45:40,b'RT @ChrisDisaster: #Traveling #Safely with #Lithium #Batteries - Before you #fly watch the video at https://t.co/Og32qGvj2F #Airplanes #Air\xe2\x80\xa6'
2018-03-25 14:45:05,b'#Traveling #Safely with #Lithium #Batteries - Before you #fly watch the video at https://t.co/Og32qGvj2F #Airplanes\xe2\x80\xa6 https://t.co/WJr5jDYqUz'
2018-03-25 11:08:57,b'RT @skygoflycom: The first airliner I ever flew:  American DC-10 https://t.co/cbrBthERNv #americanairlines #dc10 https://t.co/G4JK9Z9qFW'
2018-03-25 11:04:20,b'#AmericanAirlines ends talks over #Airbus #A350 order https://t.co/bLc9pujyZo'
2018-03-25 10:50:45,b'RT @skygoflycom: The first airliner I ever flew:  American DC-10 https://t.co/cbrBthERNv #americanairlines #dc10 https://t.co/G4JK9Z9qFW'
2018-03-25 10:45:21,b'The first airliner I ever flew:  American DC-10 https://t.co/cbrBthERNv #americanairlines #dc10 https://t.co/G4JK9Z9qFW'
2018-03-25 10:39:41,b'Stereotypical airport photo \xe2\x9c\x88\xef\xb8\x8f\xf0\x9f\x87\xba\xf0\x9f\x87\xb8 #ManchesterAirport  #AmericanAirlines #USA #delayed #AirbusA330\xe2\x80\xa6 https://t.co/aMvhl17Hz1'
2018-03-25 09:56:05,b'1 of 2 flights. First stop Miami. \n\xe2\x80\xa2\n\xe2\x80\xa2\n\xe2\x80\xa2\n\xe2\x80\xa2\n#modellife #malemodel #americanairlines americanair @\xe2\x80\xa6 https://t.co/e4ZZaW1etm'
2018-03-25 09:35:21,"b'@AmericanAir AA95 flight is a joke! No individual entertainment, lights for reading are broken, no usb charger..Wha\xe2\x80\xa6 https://t.co/TEJXvw2XzF'"
2018-03-25 06:12:05,b'Sitting on the tarmac in SLC at 12:10AM waiting for a parking space???? What is this world coming to?\xe2\x80\xa6 https://t.co/5wV4dGv36w'
2018-03-25 05:27:08,"b""We're ready to take off on the first leg of our trip. #pdx #cruise #americanairlines @ Portland\xe2\x80\xa6 https://t.co/BOQhZgKIDt"""
2018-03-25 04:44:46,b'RT @J2thecarpenter: I try to \xe2\x9d\xa4\xef\xb8\x8f you @AmericanAir but losing my bags 2 out of the last 3 times I\xe2\x80\x99ve flown is about all I can take!!! #lostba\xe2\x80\xa6'
2018-03-25 04:40:39,"b'And I know my luggage was there, because I had a #tile in my bag. Well played #AmericanAirlines, well played. Except... not.'"
2018-03-25 04:40:04,"b'So to cap off the trip home from hell, thanks to the weather, #AmericanAirlines managed to lose my luggage somewher\xe2\x80\xa6 https://t.co/nEJzX9Swlk'"
2018-03-25 04:29:50,b'3 notifications and 3 texts from #Americanairlines #americanairlinessux when plane was on time. Updates every 5 min\xe2\x80\xa6 https://t.co/EHwnNReSYA'
2018-03-25 04:28:24,b'I can\xe2\x80\x99t stop thinking of all the places I can go with my #americanairlines #familybenefits! I may buy a condo on the beach somewhere \xf0\x9f\xa4\x94\xf0\x9f\x8f\x9d'
2018-03-25 04:25:53,b'#americanairlines #americanairlinessux sat on tarmac @CLT and watched connecting flight leave because there was no\xe2\x80\xa6 https://t.co/m1poUrpfyW'
2018-03-25 03:49:21,b'RT @DonCrankshaw: #AmericanAirlines if you had allowed me to move my flight up an hour up without charging $400 you wouldn\xe2\x80\x99t be paying to h\xe2\x80\xa6'
2018-03-25 02:33:03,b'Sigh.. Waiting at #Miami #Airport .. #travelator #reflection #delayedflight #americanairlines\xe2\x80\xa6 https://t.co/I7BrejlOW3'
2018-03-25 01:23:26,b'#americanairlines a complaint has been filed against me by the loon with the fast  am now subject to arrest if I do\xe2\x80\xa6 https://t.co/HvsxLXB7xv'
2018-03-25 01:12:09,b'#americanairlines flight 211 March 24 nyc to Las Vegas flight attendant threatened to have me arrested would not help with overhead'
2018-03-25 01:02:24,"b'Thanks SO MUCH #AmericanAirlines for canceling my flight tomorrow with no message other than, \xe2\x80\x9c your flight has bee\xe2\x80\xa6 https://t.co/isGTU858ki'"
2018-03-25 00:47:34,"b'#AmericanAirlines #AA or #CathayPacific #CX, I need to contact you urgently. Can either airline please contact me?\xe2\x80\xa6 https://t.co/TfsNYJe13N'"
2018-03-25 00:43:53,b'#AmericanAirlines if you had allowed me to move my flight up an hour up without charging $400 you wouldn\xe2\x80\x99t be payin\xe2\x80\xa6 https://t.co/zlauXzbmD3'
2018-03-25 00:37:02,b'RT @RuthAnnexo: @British_Airways missed our connecting flight due to your delay now stuck in Texas for 2 days potentially with two small ch\xe2\x80\xa6'
2018-03-25 00:27:03,b'@AmericanAir @AAdvantageMiles @Citi there is a huge issue/disconnect with your credit card application system and r\xe2\x80\xa6 https://t.co/msVTUrHg21'
2018-03-25 00:26:10,b'Since I may miss the CX/AA8891 flight so I tried to contact #CathayPacific but they are closed after 5:30pm EDT. Th\xe2\x80\xa6 https://t.co/orMftpdpsE'
2018-03-25 00:19:13,b'RT @stinadaisy: @annerichardsDRC @AmericanAir This is the update \xe2\x80\x94 @AmericanAir says I have to go through #wheresmysuitcase where\xe2\x80\x99s my suit\xe2\x80\xa6'
2018-03-25 00:19:11,b'RT @RuthAnnexo: @British_Airways missed our connecting flight due to your delay now stuck in Texas for 2 days potentially with two small ch\xe2\x80\xa6'
2018-03-25 00:17:38,b'@British_Airways missed our connecting flight due to your delay now stuck in Texas for 2 days potentially with two\xe2\x80\xa6 https://t.co/K5videTXRO'
2018-03-25 00:10:53,b'#AmericanAirlines major fail. Both in flight service and customer service.'
