2018-03-30 19:57:58,"b'So proud of our Aviation Maintenance Technology Program @PortlandCC for signing pact with #deltaairlines , Rock Cre\xe2\x80\xa6 https://t.co/SZD18yV1hs'"
2018-03-30 19:21:49,b'RT @GaiChicken: This evening\xe2\x80\x99s sunset over @LASairport &amp; the #LasVegasStrip\n\n#LasVegas #LAS #Sunset #Airport #Delta #DeltaAirlines #Runway\xe2\x80\xa6'
2018-03-30 18:52:02,"b'@CNNPolitics Those companies cowering to this baby fascist,who cant take the truth, are going to feel the same PAIN\xe2\x80\xa6 https://t.co/xFGhdQfHmW'"
2018-03-30 18:04:09,"b'RT @ClintEastwoodLA: ""The word #Delta means \'Change\'. \n\nI will be changing Airline\'s, @Delta. \n\nIf you hate the #NRA so much maybe you shou\xe2\x80\xa6'"
2018-03-30 17:58:39,b'RT @GaiChicken: This evening\xe2\x80\x99s sunset over @LASairport &amp; the #LasVegasStrip\n\n#LasVegas #LAS #Sunset #Airport #Delta #DeltaAirlines #Runway\xe2\x80\xa6'
2018-03-30 17:46:15,b'My stroller was damaged on Monday flying from LAX to JFK. I filed the complaint online and haven\xe2\x80\x99t heard a peep fro\xe2\x80\xa6 https://t.co/ww4vQLzWVW'
2018-03-30 17:29:41,b'@DeltaNewsHub #DeltaAirlines Let me get this straight U provided planes for a #politicalmarch will not allow the\xe2\x80\xa6 https://t.co/zH5B2qQXsV'
2018-03-30 17:29:09,"b'Updated post on #OneWeb #satellite #Internet service\n(Scroll to the end)\n\nOneWeb, @Sprint, #Bharti Airtel,\xe2\x80\xa6 https://t.co/l5doV3jJwT'"
2018-03-30 17:25:45,b'RT @GaiChicken: This evening\xe2\x80\x99s sunset over @LASairport &amp; the #LasVegasStrip\n\n#LasVegas #LAS #Sunset #Airport #Delta #DeltaAirlines #Runway\xe2\x80\xa6'
2018-03-30 16:56:16,b'@CNN And those advertisers pulling out are going to feel the same PAIN #DicksSporting &amp; #DeltaAirlines felt for tak\xe2\x80\xa6 https://t.co/P87LgOSr6n'
2018-03-30 16:54:58,b'Now that I got into PT school which is out of state. I will really need some #buddypasses ; who can help me out?\xe2\x80\xa6 https://t.co/wqNZ8Pm0Eb'
2018-03-30 16:43:03,b'Flight report: Delta business class JFK-ZRH Boeing 767-300. Nice lie flat seat and good food. VIDEO:\xe2\x80\xa6 https://t.co/hvfZY6rnrt'
2018-03-30 16:28:12,"b'https://t.co/dxyEhXKBdo  DO not take such flights, take safer ones like UNITED or Delta. #flights #Indians  #UnitedAirlines #deltaairlines'"
2018-03-30 16:16:30,b'RT @GaiChicken: This evening\xe2\x80\x99s sunset over @LASairport &amp; the #LasVegasStrip\n\n#LasVegas #LAS #Sunset #Airport #Delta #DeltaAirlines #Runway\xe2\x80\xa6'
2018-03-30 13:58:34,b'@Delta we waited 3hrs and  no free snack while waiting\xf0\x9f\x98\x94\xf0\x9f\x98\x9e\xf0\x9f\x98\x96 i heard a little girl asking her dad for a snack \xf0\x9f\x98\xa2\xf0\x9f\x98\xa9 guess\xe2\x80\xa6 https://t.co/inQRYukxBR'
2018-03-30 13:14:19,b'Great trip to Fort Worth and great flight home. Shout out to Delta for getting us to and from Fort Worth safely and\xe2\x80\xa6 https://t.co/aleCXCCzf3'
2018-03-30 11:42:23,b'EASY HACKS TO FIND DELTA AIRLINES CHEAP TICKETS.\n#DeltaAirlines  #airfare #FLIGHT \nCall - Toll Free: +1-844-660-015\xe2\x80\xa6 https://t.co/d1NOU35ip9'
2018-03-30 09:22:12,b'RT @PohakuGardens: Delta Air Lines Employee Cintas L Large Black Fleece Jacket Half Zip\n#DeltaAirlines #Cintas #avgeek #avgeeks #aviation #\xe2\x80\xa6'
2018-03-30 09:19:55,b'RT @GomilaL: Delta Biometrics launches across all 50 domestic Delta Sky Clubs with check-in option\nhttps://t.co/ZWN0fG63DG #avgeek @Delta @\xe2\x80\xa6'
2018-03-30 09:19:07,b'Delta Biometrics launches across all 50 domestic Delta Sky Clubs with check-in option\nhttps://t.co/ZWN0fG63DG\xe2\x80\xa6 https://t.co/Zl3u2FxKjq'
2018-03-30 08:44:02,b'@TMZ Pointing out a FACT that he whined on call with Harvey is NOT cyberbullying. What he is doing IS cyberbullying\xe2\x80\xa6 https://t.co/juKw8To9E6'
2018-03-30 05:58:07,b'RT @jdice03: This blatant threat from Republican Lt. Governor @CaseyCagle to @Delta is the definition of blackmail and is a clear abuse of\xe2\x80\xa6'
2018-03-30 05:07:53,b'RT @GaiChicken: This evening\xe2\x80\x99s sunset over @LASairport &amp; the #LasVegasStrip\n\n#LasVegas #LAS #Sunset #Airport #Delta #DeltaAirlines #Runway\xe2\x80\xa6'
2018-03-30 04:53:48,b'How much money did #DeltaAirlines lose when they took sides? Yea same pain coming your way \n@sleepnumber @ATT\xe2\x80\xa6 https://t.co/OwKOqcarrN'
2018-03-30 04:24:25,b'RT @GaiChicken: This evening\xe2\x80\x99s sunset over @LASairport &amp; the #LasVegasStrip\n\n#LasVegas #LAS #Sunset #Airport #Delta #DeltaAirlines #Runway\xe2\x80\xa6'
2018-03-30 04:16:33,b'RT @Musai_airlines: with delta airlines\xf0\x9f\x87\xba\xf0\x9f\x87\xb8\n#\xe3\x83\x87\xe3\x83\xab\xe3\x82\xbf\xe8\x88\xaa\xe7\xa9\xba\n#deltaairlines\n#avgeek\n#aviation_lovers \n#flydelta https://t.co/cg3W62rU3U'
2018-03-30 04:15:48,b'with delta airlines\xf0\x9f\x87\xba\xf0\x9f\x87\xb8\n#\xe3\x83\x87\xe3\x83\xab\xe3\x82\xbf\xe8\x88\xaa\xe7\xa9\xba\n#deltaairlines\n#avgeek\n#aviation_lovers \n#flydelta https://t.co/cg3W62rU3U'
2018-03-30 04:10:04,b'#deltaairlines it happened a month ago on February 14th maybe they need to have all there planes rechecked scary st\xe2\x80\xa6 https://t.co/gUNMTp3aA5'
2018-03-30 03:52:23,b'RT @GaiChicken: This evening\xe2\x80\x99s sunset over @LASairport &amp; the #LasVegasStrip\n\n#LasVegas #LAS #Sunset #Airport #Delta #DeltaAirlines #Runway\xe2\x80\xa6'
2018-03-30 03:25:59,b'RT @GaiChicken: This evening\xe2\x80\x99s sunset over @LASairport &amp; the #LasVegasStrip\n\n#LasVegas #LAS #Sunset #Airport #Delta #DeltaAirlines #Runway\xe2\x80\xa6'
2018-03-30 03:20:05,b'RT @GaiChicken: This evening\xe2\x80\x99s sunset over @LASairport &amp; the #LasVegasStrip\n\n#LasVegas #LAS #Sunset #Airport #Delta #DeltaAirlines #Runway\xe2\x80\xa6'
2018-03-30 03:19:51,b'RT @GaiChicken: This evening\xe2\x80\x99s sunset over @LASairport &amp; the #LasVegasStrip\n\n#LasVegas #LAS #Sunset #Airport #Delta #DeltaAirlines #Runway\xe2\x80\xa6'
2018-03-30 03:19:13,b'RT @GaiChicken: This evening\xe2\x80\x99s sunset over @LASairport &amp; the #LasVegasStrip\n\n#LasVegas #LAS #Sunset #Airport #Delta #DeltaAirlines #Runway\xe2\x80\xa6'
2018-03-30 03:18:31,b'RT @GaiChicken: This evening\xe2\x80\x99s sunset over @LASairport &amp; the #LasVegasStrip\n\n#LasVegas #LAS #Sunset #Airport #Delta #DeltaAirlines #Runway\xe2\x80\xa6'
2018-03-30 03:18:21,b'This evening\xe2\x80\x99s sunset over @LASairport &amp; the #LasVegasStrip\n\n#LasVegas #LAS #Sunset #Airport #Delta #DeltaAirlines\xe2\x80\xa6 https://t.co/Bf62ob3M0X'
2018-03-30 03:10:30,b'RT @LEUC: @delta is your phone wait time really over 2 hours? That can\xe2\x80\x99t be true.... #DeltaAirlines #wait https://t.co/OV4FE06TaK'
2018-03-30 02:43:25,b'@delta is your phone wait time really over 2 hours? That can\xe2\x80\x99t be true.... #DeltaAirlines #wait https://t.co/OV4FE06TaK'
2018-03-30 02:31:28,"b""RT @GATELESIS: In 1969 the #Boeing747 had it's first flight. It took 50,000 employees a total of 29 months to build the 747. This earned th\xe2\x80\xa6"""
2018-03-30 02:20:21,b'#BREAKING #BreakingNews #SJC #SanJose airport LARGE MEDICAL RESPONSE for #DeltaAirlines flight that just landed.\xe2\x80\xa6 https://t.co/9HlLHi4DRl'
2018-03-30 01:54:37,"b'Why, when boarding a plane, do they board the front first? \xf0\x9f\x98\xa1\xf0\x9f\x98\xa1#DeltaAirlines'"
2018-03-30 01:32:42,b'Emergency landing in Denver... @delta #delta #deltaairlines #emergency #emergencylanding #denver\xe2\x80\xa6 https://t.co/HcUlYtk6eo'
2018-03-30 01:15:58,b'Delta flight attendant stopped woman from singing national anthem to hon... https://t.co/x3ZaDr1tIT via @YouTube\xe2\x80\xa6 https://t.co/qcqh5jkOtX'
2018-03-30 00:56:04,b'#WingFriday big wing overlooking little wings.  Belize City airport #DeltaAirlines A320 https://t.co/l5GTv1iTaV'
2018-03-30 00:07:37,b'Finally a Delta One Amenity kit!  #deltaairlines #amenity #tumi https://t.co/Wx8LBGy2Pj'
2018-03-30 00:03:19,"b'RT @ClintEastwoodLA: ""The word #Delta means \'Change\'. \n\nI will be changing Airline\'s, @Delta. \n\nIf you hate the #NRA so much maybe you shou\xe2\x80\xa6'"
2018-03-29 16:43:40,b'THANKS #deltaairlines! \nhttps://t.co/wGQBCk4Oxm'
2018-03-29 15:28:04,b'RT @hairuniv: \xe2\x80\x9cWhen you are looking up... you see nothing but opportunity\xe2\x80\x9d ! CEO/ Delta Airlines  Ed Bastian @HopeGlobalForum @Deltairworld\xe2\x80\xa6'
2018-03-29 13:37:58,b'My #DeltaAirlines gate agent is reading his pre-boarding script so fast that he could get a side hustle as an auctioneer. #ThursdayThoughts'
2018-03-29 13:35:22,b'Fantastic document summarising everything you need to know about  #airfrance and #KLM #Aviation #airlines #skyteam\xe2\x80\xa6 https://t.co/Ags5XkWZif'
2018-03-29 12:53:08,"b'#DeltaAirlines mechanical issues, 6 hour delay and no accommodations?  Apparently my time means nothing to you\xf0\x9f\x98\xad\xf0\x9f\x98\xac.\xe2\x80\xa6 https://t.co/KV3D0isglF'"
2018-03-29 12:15:52,"b'RT @MacKidBrighton: Idk why I started singing ""Lucy in the sky with diamonds"" as I took this picture but hey.... whatever... it was 4am in\xe2\x80\xa6'"
2018-03-29 12:05:09,b'Being Social. ...Flight delay\n|\n#tbthursday #tbt #flightdelay #deltaairlines #portrait #street\xe2\x80\xa6 https://t.co/8aoejIYh2W'
2018-03-29 11:30:01,"b'Idk why I started singing ""Lucy in the sky with diamonds"" as I took this picture but hey.... whatever... it was 4am\xe2\x80\xa6 https://t.co/EG6f8j33CS'"
2018-03-29 10:33:28,b'Delta Air Lines signs major joint venture with Korean Air #DeltaAirLines #KoreanAir  https://t.co/NRem34iHrB'
2018-03-29 10:00:58,"b""In 1969 the #Boeing747 had it's first flight. It took 50,000 employees a total of 29 months to build the 747. This\xe2\x80\xa6 https://t.co/7xengLPVK0"""
2018-03-29 09:30:02,"b'We were supposed to start boarding 20 minutes ago, but the crew is not here yet. Sooooo I guess we will all just be\xe2\x80\xa6 https://t.co/d7aaQA1hm6'"
2018-03-29 09:12:46,"b'Wake up to GREATNESS after a fabulous day! Thank you Bobby and indeed the entire @Delta 80,000 team for giving us t\xe2\x80\xa6 https://t.co/aZDT9ny4N0'"
2018-03-29 08:00:58,b'RT @wsbradio: #DeltaAirLines CEO Ed Bastian weighed in on the flap last month over the carrier\xe2\x80\x99s discontinuation of an #NRA discount. https\xe2\x80\xa6'
2018-03-29 08:00:09,b'#DeltaAirLines CEO Ed Bastian weighed in on the flap last month over the carrier\xe2\x80\x99s discontinuation of an #NRA disco\xe2\x80\xa6 https://t.co/9dGzEabLxC'
2018-03-29 07:01:49,"b'I guess I won\'t be flying @Delta any time soon.  As I\'m clicking ""purchase"" (in the 5 min it took to enter my info\xe2\x80\xa6 https://t.co/IXV2ozVUyd'"
2018-03-29 06:53:15,b'RT @ericnamofficial: Headed to #MEXICO for my new album! Taking #DeltaAirlines nonstop to Atlanta (glad theyre adding daily nonstop flights\xe2\x80\xa6'
2018-03-29 06:33:16,b'RT @GomilaL: Delta and Korean Air to launch world-class joint venture partnership\nhttps://t.co/O931HKkJ6Z #avgeek @KoreanAir_KE @Delta #Seo\xe2\x80\xa6'
2018-03-29 06:31:38,b'RT @GomilaL: Delta and Korean Air to launch world-class joint venture partnership\nhttps://t.co/O931HKkJ6Z #avgeek @KoreanAir_KE @Delta #Seo\xe2\x80\xa6'
2018-03-29 06:31:01,b'Delta and Korean Air to launch world-class joint venture partnership\nhttps://t.co/O931HKkJ6Z #avgeek @KoreanAir_KE\xe2\x80\xa6 https://t.co/4hLK2wuwYO'
2018-03-29 05:36:13,b'#DeltaAirlines Has Cut Ties With The NRA And Is Now Flying Protestors Around The Country For Free\xe2\x80\xa6 https://t.co/7lW5CrpVa5'
2018-03-29 02:20:27,"b'RT @GeminiJets: JUST LANDED! @GeminiJets 1:400-scale @Delta @Bombardier @bombardierjets CS100, item GJDAL1701. See a list of global retaile\xe2\x80\xa6'"
2018-03-29 02:13:22,b'RT @ericnamofficial: Headed to #MEXICO for my new album! Taking #DeltaAirlines nonstop to Atlanta (glad theyre adding daily nonstop flights\xe2\x80\xa6'
2018-03-29 02:11:48,b'RT @MillenialMoney: #DeltaAirlines at noon there were 100k+ ways to get me to my talk.  Your ineptitude has brought it to 0.  Enjoy my bill.'
2018-03-29 01:50:56,b'Beautiful day #deltaairlines #b777200er #avgeek #aviationlovers #avporn #planeaddict #seatac @\xe2\x80\xa6 https://t.co/ywFdIqh6AC'
2018-03-28 23:19:32,"b'RT @BankerVibe: John Hope Bryant to Ed Bastian, Delta Airlines CEO, ""It\'s rare to see a person of power, be just a normal, approachable guy\xe2\x80\xa6'"
2018-03-28 23:11:08,"b'Can delta get planes that work? Always delayed, last time it was 15 hrs delayed, this time 3 hrs......\xe2\x80\xa6 https://t.co/PyKT5l6ldl'"
2018-03-28 23:06:43,"b'#Delta #airlines how #disgusting! #violationofourrights #sickening I never fly delta, but I most certainly won\xe2\x80\x99t no\xe2\x80\xa6 https://t.co/Fjinu8bNq8'"
2018-03-28 23:05:23,"b'NEW ARRIVAL! @GeminiJets 1:200-scale @Delta 5-piece Airport Ground Service Vehicle Set, item G2DAL720. See a list o\xe2\x80\xa6 https://t.co/HwcZPmaozt'"
2018-03-28 22:51:32,b'RT @justplanes: \xf0\x9f\x8e\xa5 Delta 767-400 at Frankfurt\n\xe2\x9c\xb3\xef\xb8\x8f Watch \xe2\x9c\x88\xef\xb8\x8f\xe2\x9e\xa1\xef\xb8\x8f https://t.co/51Tl2e0Pl2\n\n#avgeek #Delta #DeltaAirlines #b767 https://t.co/XWeFW6\xe2\x80\xa6'
2018-03-28 22:34:41,"b'RT @BankerVibe: John Hope Bryant to Ed Bastian, Delta Airlines CEO, ""It\'s rare to see a person of power, be just a normal, approachable guy\xe2\x80\xa6'"
2018-03-28 21:33:27,b'RT @justplanes: \xf0\x9f\x8e\xa5 Delta 767-400 at Frankfurt\n\xe2\x9c\xb3\xef\xb8\x8f Watch \xe2\x9c\x88\xef\xb8\x8f\xe2\x9e\xa1\xef\xb8\x8f https://t.co/51Tl2e0Pl2\n\n#avgeek #Delta #DeltaAirlines #b767 https://t.co/XWeFW6\xe2\x80\xa6'
2018-03-28 20:53:32,"b'John Hope Bryant to Ed Bastian, Delta Airlines CEO, ""It\'s rare to see a person of power, be just a normal, approach\xe2\x80\xa6 https://t.co/SUzEmMW4aG'"
2018-03-28 20:53:19,b'Start of our trip and I leave my purse on the plane!!!  Ugggh too busy checking on the kids stuff and forget about\xe2\x80\xa6 https://t.co/ZRXzg2KSb0'
2018-03-28 20:46:22,b'\xe2\x80\x9cWhen you are looking up... you see nothing but opportunity\xe2\x80\x9d ! CEO/ Delta Airlines  Ed Bastian @HopeGlobalForum\xe2\x80\xa6 https://t.co/DBIsN8CWvX'
2018-03-28 19:42:11,b'These uncrustables  are the best  #munchies  #OnFlightGrub #travel  #DeltaAirlines  #sky #atlife https://t.co/JFFFyeRLSX'
2018-03-28 19:34:47,b'RT @justplanes: \xf0\x9f\x8e\xa5 Delta 767-400 at Frankfurt\n\xe2\x9c\xb3\xef\xb8\x8f Watch \xe2\x9c\x88\xef\xb8\x8f\xe2\x9e\xa1\xef\xb8\x8f https://t.co/51Tl2e0Pl2\n\n#avgeek #Delta #DeltaAirlines #b767 https://t.co/XWeFW6\xe2\x80\xa6'
2018-03-28 19:19:39,"b'RT @iamEastwood1: ""The word #Delta means \'Change\'. \n\nI will be changing Airline\'s, @Delta. \n\nIf you hate the #NRA so much maybe you should\xe2\x80\xa6'"
2018-03-28 19:16:40,b'RT @PohakuGardens: Delta Air Lines Employee Cintas L Large Black Fleece Jacket Half Zip\n#DeltaAirlines #Cintas #avgeek #avgeeks #aviation #\xe2\x80\xa6'
2018-03-28 18:35:13,b'The moment that I hate my job as much as the ATL #DeltaAirlines ticket agents I\xe2\x80\x99m quiting.  You can\xe2\x80\x99t even ask thes\xe2\x80\xa6 https://t.co/C56ZNZKKP9'
2018-03-28 18:28:25,"b'RT @ClintEastwoodLA: ""The word #Delta means \'Change\'. \n\nI will be changing Airline\'s, @Delta. \n\nIf you hate the #NRA so much maybe you shou\xe2\x80\xa6'"
2018-03-28 18:14:54,b'#DeltaAirlines Biometrics launches across all 50 domestic Delta Sky Clubs #Airplane #Security #Airport #Checkpoint\xe2\x80\xa6 https://t.co/fFpC6mqFsv'
2018-03-28 18:11:27,"b'RT @ClintEastwoodLA: ""The word #Delta means \'Change\'. \n\nI will be changing Airline\'s, @Delta. \n\nIf you hate the #NRA so much maybe you shou\xe2\x80\xa6'"
2018-03-28 18:11:17,"b'RT @ClintEastwoodLA: ""The word #Delta means \'Change\'. \n\nI will be changing Airline\'s, @Delta. \n\nIf you hate the #NRA so much maybe you shou\xe2\x80\xa6'"
2018-03-28 18:10:45,b'Book your cheap flight ticket for domestic &amp; international destinations with maximum discount upto 70% on every fli\xe2\x80\xa6 https://t.co/aBUsXqfpCD'
2018-03-28 18:10:44,"b'RT @ClintEastwoodLA: ""The word #Delta means \'Change\'. \n\nI will be changing Airline\'s, @Delta. \n\nIf you hate the #NRA so much maybe you shou\xe2\x80\xa6'"
2018-03-28 18:05:17,"b'RT @ClintEastwoodLA: ""The word #Delta means \'Change\'. \n\nI will be changing Airline\'s, @Delta. \n\nIf you hate the #NRA so much maybe you shou\xe2\x80\xa6'"
2018-03-28 17:44:43,"b'RT @GeminiJets: NEW ARRIVAL! @GeminiJets 1:200-scale @Delta @Boeing @BoeingAirplanes 757-300, item G2DAL712. See a list of global retailers\xe2\x80\xa6'"
2018-03-28 17:07:27,"b'RT @ClintEastwoodLA: ""The word #Delta means \'Change\'. \n\nI will be changing Airline\'s, @Delta. \n\nIf you hate the #NRA so much maybe you shou\xe2\x80\xa6'"
2018-03-28 16:57:03,"b'RT @ClintEastwoodLA: ""The word #Delta means \'Change\'. \n\nI will be changing Airline\'s, @Delta. \n\nIf you hate the #NRA so much maybe you shou\xe2\x80\xa6'"
2018-03-28 16:56:03,"b'RT @ClintEastwoodLA: ""The word #Delta means \'Change\'. \n\nI will be changing Airline\'s, @Delta. \n\nIf you hate the #NRA so much maybe you shou\xe2\x80\xa6'"
2018-03-28 16:54:21,"b'RT @ClintEastwoodLA: ""The word #Delta means \'Change\'. \n\nI will be changing Airline\'s, @Delta. \n\nIf you hate the #NRA so much maybe you shou\xe2\x80\xa6'"
2018-03-28 16:46:56,"b'RT @ClintEastwoodLA: ""The word #Delta means \'Change\'. \n\nI will be changing Airline\'s, @Delta. \n\nIf you hate the #NRA so much maybe you shou\xe2\x80\xa6'"
2018-03-28 16:43:54,"b'RT @ClintEastwoodLA: ""The word #Delta means \'Change\'. \n\nI will be changing Airline\'s, @Delta. \n\nIf you hate the #NRA so much maybe you shou\xe2\x80\xa6'"
2018-03-28 16:42:10,"b'RT @ClintEastwoodLA: ""The word #Delta means \'Change\'. \n\nI will be changing Airline\'s, @Delta. \n\nIf you hate the #NRA so much maybe you shou\xe2\x80\xa6'"
2018-03-28 16:37:31,b'Delta Air Lines Employee Cintas L Large Black Fleece Jacket Half Zip\n#DeltaAirlines #Cintas #avgeek #avgeeks\xe2\x80\xa6 https://t.co/my5gegIjHD'
2018-03-28 16:32:32,"b'NEW ARRIVAL! @GeminiJets 1:200-scale @Delta @Boeing @BoeingAirplanes 757-300, item G2DAL712. See a list of global r\xe2\x80\xa6 https://t.co/NQigYYTc9f'"
2018-03-28 16:16:38,"b'Nice $10K #UnitedAirlines compensation, but how long is #travel #voucher valid for? Was bumped from #DeltaAirlines\xe2\x80\xa6 https://t.co/qCD7NICTF7'"
2018-03-28 15:37:16,"b'@Delta I\xe2\x80\x99ve had such great flights with you, but flight attendant Lavon Hall on BOS-RIC Friday 3/23/2018 made my tr\xe2\x80\xa6 https://t.co/SKi8nUpOXD'"
2018-03-28 13:19:48,"b'RT @ClintEastwoodLA: ""The word #Delta means \'Change\'. \n\nI will be changing Airline\'s, @Delta. \n\nIf you hate the #NRA so much maybe you shou\xe2\x80\xa6'"
2018-03-28 13:10:29,"b'RT @ClintEastwoodLA: ""The word #Delta means \'Change\'. \n\nI will be changing Airline\'s, @Delta. \n\nIf you hate the #NRA so much maybe you shou\xe2\x80\xa6'"
2018-03-28 11:22:52,b'RT @justplanes: \xf0\x9f\x8e\xa5 Delta 767-400 at Frankfurt\n\xe2\x9c\xb3\xef\xb8\x8f Watch \xe2\x9c\x88\xef\xb8\x8f\xe2\x9e\xa1\xef\xb8\x8f https://t.co/51Tl2e0Pl2\n\n#avgeek #Delta #DeltaAirlines #b767 https://t.co/XWeFW6\xe2\x80\xa6'
2018-03-28 10:38:32,b'RT @justplanes: \xf0\x9f\x8e\xa5 Delta 767-400 at Frankfurt\n\xe2\x9c\xb3\xef\xb8\x8f Watch \xe2\x9c\x88\xef\xb8\x8f\xe2\x9e\xa1\xef\xb8\x8f https://t.co/51Tl2e0Pl2\n\n#avgeek #Delta #DeltaAirlines #b767 https://t.co/XWeFW6\xe2\x80\xa6'
2018-03-28 10:34:56,b'RT @justplanes: \xf0\x9f\x8e\xa5 Delta 767-400 at Frankfurt\n\xe2\x9c\xb3\xef\xb8\x8f Watch \xe2\x9c\x88\xef\xb8\x8f\xe2\x9e\xa1\xef\xb8\x8f https://t.co/51Tl2e0Pl2\n\n#avgeek #Delta #DeltaAirlines #b767 https://t.co/XWeFW6\xe2\x80\xa6'
2018-03-28 10:34:55,b'RT @justplanes: \xf0\x9f\x8e\xa5 Delta 767-400 at Frankfurt\n\xe2\x9c\xb3\xef\xb8\x8f Watch \xe2\x9c\x88\xef\xb8\x8f\xe2\x9e\xa1\xef\xb8\x8f https://t.co/51Tl2e0Pl2\n\n#avgeek #Delta #DeltaAirlines #b767 https://t.co/XWeFW6\xe2\x80\xa6'
2018-03-28 10:25:11,"b'RT @ClintEastwoodLA: ""The word #Delta means \'Change\'. \n\nI will be changing Airline\'s, @Delta. \n\nIf you hate the #NRA so much maybe you shou\xe2\x80\xa6'"
2018-03-28 10:24:13,b'RT @ODDATEEE: Thank you @Delta great for leaving my bags \xf0\x9f\x92\xbc.. this will be the last time I use you guys EVER !!! #DeltaAirlines nice loosing\xe2\x80\xa6'
2018-03-28 10:16:50,b'RT @justplanes: \xf0\x9f\x8e\xa5 Delta 767-400 at Frankfurt\n\xe2\x9c\xb3\xef\xb8\x8f Watch \xe2\x9c\x88\xef\xb8\x8f\xe2\x9e\xa1\xef\xb8\x8f https://t.co/51Tl2e0Pl2\n\n#avgeek #Delta #DeltaAirlines #b767 https://t.co/XWeFW6\xe2\x80\xa6'
2018-03-28 10:14:21,b'RT @justplanes: \xf0\x9f\x8e\xa5 Delta 767-400 at Frankfurt\n\xe2\x9c\xb3\xef\xb8\x8f Watch \xe2\x9c\x88\xef\xb8\x8f\xe2\x9e\xa1\xef\xb8\x8f https://t.co/51Tl2e0Pl2\n\n#avgeek #Delta #DeltaAirlines #b767 https://t.co/XWeFW6\xe2\x80\xa6'
2018-03-28 10:13:16,b'\xf0\x9f\x8e\xa5 Delta 767-400 at Frankfurt\n\xe2\x9c\xb3\xef\xb8\x8f Watch \xe2\x9c\x88\xef\xb8\x8f\xe2\x9e\xa1\xef\xb8\x8f https://t.co/51Tl2e0Pl2\n\n#avgeek #Delta #DeltaAirlines #b767 https://t.co/XWeFW6v3Q6'
2018-03-28 09:13:57,b'Thank you @Delta great for leaving my bags \xf0\x9f\x92\xbc.. this will be the last time I use you guys EVER !!! #DeltaAirlines ni\xe2\x80\xa6 https://t.co/cYfBkDP1K2'
2018-03-28 09:12:54,"b'RT @ClintEastwoodLA: ""The word #Delta means \'Change\'. \n\nI will be changing Airline\'s, @Delta. \n\nIf you hate the #NRA so much maybe you shou\xe2\x80\xa6'"
2018-03-28 06:36:14,"b'RT @iamEastwood1: ""The word #Delta means \'Change\'. \n\nI will be changing Airline\'s, @Delta. \n\nIf you hate the #NRA so much maybe you should\xe2\x80\xa6'"
2018-03-28 06:24:16,"b'RT @ClintEastwoodLA: ""The word #Delta means \'Change\'. \n\nI will be changing Airline\'s, @Delta. \n\nIf you hate the #NRA so much maybe you shou\xe2\x80\xa6'"
2018-03-28 02:55:00,"b'All the daily essentials for #AwardTravel (3 mins read) \n\xf0\x9f\x91\x89  Double Delta Skymiles for Select Partners, But Is It Go\xe2\x80\xa6 https://t.co/GBVImth1K3'"
2018-03-28 02:04:56,b'Very concerning that @Delta has no record of my presence on a flight out of LaGuardia (DL3689 on 3/12/18) Noticed n\xe2\x80\xa6 https://t.co/BZ6wOOg5yT'
2018-03-28 00:25:44,b'Beyond thrilled to see these ladies would be piloting the plane I was on! #DeltaAirlines https://t.co/WIGhMiFfCb'
2018-03-28 00:22:27,"b'RT @ClintEastwoodLA: ""The word #Delta means \'Change\'. \n\nI will be changing Airline\'s, @Delta. \n\nIf you hate the #NRA so much maybe you shou\xe2\x80\xa6'"
2018-03-28 00:01:27,"b'RT @ClintEastwoodLA: ""The word #Delta means \'Change\'. \n\nI will be changing Airline\'s, @Delta. \n\nIf you hate the #NRA so much maybe you shou\xe2\x80\xa6'"
2018-03-27 23:36:44,"b'RT @ClintEastwoodLA: ""The word #Delta means \'Change\'. \n\nI will be changing Airline\'s, @Delta. \n\nIf you hate the #NRA so much maybe you shou\xe2\x80\xa6'"
2018-03-27 23:00:26,b'Looking for a new favorite airline. Southwest is no longer my go to. All it takes is one bad customer service exper\xe2\x80\xa6 https://t.co/PAU0QDWlGy'
2018-03-27 22:26:28,b'It\xe2\x80\x99s #jetplane time! #travel #pesach #flydelta #deltaairlines  #airport #tarmac https://t.co/joPHLzVl0R'
2018-03-27 21:23:20,"b'RT @ClintEastwoodLA: ""The word #Delta means \'Change\'. \n\nI will be changing Airline\'s, @Delta. \n\nIf you hate the #NRA so much maybe you shou\xe2\x80\xa6'"
2018-03-27 21:04:18,"b'RT @ClintEastwoodLA: ""The word #Delta means \'Change\'. \n\nI will be changing Airline\'s, @Delta. \n\nIf you hate the #NRA so much maybe you shou\xe2\x80\xa6'"
2018-03-27 21:03:44,b'RT @UnitedFlyerHD: Air to air with a Delta A319 (I think)\n#avgeek #airbus #airbus319 #DeltaAirlines https://t.co/trMtOsF4eh'
2018-03-27 21:03:34,b'RT @UnitedFlyerHD: Delta MD-95 / B717 (N920AT) taxis to depart Houston Hobby \n#avgeek #maddogmonday #DeltaAirlines #mcdonnelldouglas #boein\xe2\x80\xa6'
2018-03-27 21:01:45,"b'RT @ClintEastwoodLA: ""The word #Delta means \'Change\'. \n\nI will be changing Airline\'s, @Delta. \n\nIf you hate the #NRA so much maybe you shou\xe2\x80\xa6'"
2018-03-27 21:00:32,b'RT @UnitedFlyerHD: This was my first look at the Delta A350-900 (N503DN). I was in a United 737 when she rolled by on DTW 22L departing for\xe2\x80\xa6'
2018-03-27 20:59:20,"b'RT @ClintEastwoodLA: ""The word #Delta means \'Change\'. \n\nI will be changing Airline\'s, @Delta. \n\nIf you hate the #NRA so much maybe you shou\xe2\x80\xa6'"
2018-03-27 20:26:21,"b""RT @thinkdisruptive: Delta Air Lines may outfit some employees with 'wearable robotics' https://t.co/jAkseq6QW5 #DeltaAirlines #exoskeleton\xe2\x80\xa6"""
2018-03-27 18:40:22,b'Oh weird. It happened again. Hope I make my connection. @united #united #unitedairlines #airlines #airtravel\xe2\x80\xa6 https://t.co/MmUeIZ5Vxt'
2018-03-27 18:40:01,"b""Delta Air Lines may outfit some employees with 'wearable robotics' https://t.co/jAkseq6QW5 #DeltaAirlines\xe2\x80\xa6 https://t.co/KG0P1AuHjR"""
2018-03-27 18:20:45,"b'#DeltaAirLines joined #X-TAG to think about the best ways to bring full-body, powered industrial #exoskeleton syste\xe2\x80\xa6 https://t.co/urCSJIQTWt'"
2018-03-27 17:27:03,"b'""There is no greater responsibility we have than to keep our people and our customers safe,"" said Gil West, Delta\'s\xe2\x80\xa6 https://t.co/WUYzEvoyKs'"
2018-03-27 17:05:44,b'Delta Airlines 767 still flying strong \xe2\x9c\x88\xef\xb8\x8f\xf0\x9f\x87\xba\xf0\x9f\x87\xb8\n.\n.\n.\n#delta #deltaairlines #boeing #767\xe2\x80\xa6 https://t.co/Id1kJyOsec'
2018-03-27 16:30:37,"b""Free #deltaairlines promotion at #AdobeSummit. We'll allow it \xf0\x9f\x90\xb8\xf0\x9f\x8d\xb5Shout out to @hootsuite ... The Admissions dept at\xe2\x80\xa6 https://t.co/CMFWVMpZWP"""
2018-03-27 15:00:28,"b'RT @ClintEastwoodLA: ""The word #Delta means \'Change\'. \n\nI will be changing Airline\'s, @Delta. \n\nIf you hate the #NRA so much maybe you shou\xe2\x80\xa6'"
2018-03-27 14:58:10,"b'RT @ClintEastwoodLA: ""The word #Delta means \'Change\'. \n\nI will be changing Airline\'s, @Delta. \n\nIf you hate the #NRA so much maybe you shou\xe2\x80\xa6'"
2018-03-27 14:54:23,"b'RT @ClintEastwoodLA: ""The word #Delta means \'Change\'. \n\nI will be changing Airline\'s, @Delta. \n\nIf you hate the #NRA so much maybe you shou\xe2\x80\xa6'"
2018-03-27 14:33:39,b'RT @jperri: Flying @Delta to NYC #deltaairlines #airline #review https://t.co/T4iZustGvC https://t.co/nCq7xO9649'
2018-03-27 14:31:44,b'Flying @Delta to NYC #deltaairlines #airline #review\n\nhttps://t.co/wxkcWO7t7K https://t.co/wxkcWO7t7K'
2018-03-27 14:31:33,b'Flying @Delta to NYC #deltaairlines #airline #review https://t.co/T4iZustGvC https://t.co/nCq7xO9649'
2018-03-27 14:30:17,b'#DeltaAirlines will now use your #fingerprints for admission to the #SkyClub #lounge and #biometrics for easy\xe2\x80\xa6 https://t.co/1BBMnZ74NZ'
2018-03-27 12:37:35,b'@krassenstein @Delta My new favorite airline. #deltaairlines'
2018-03-27 12:05:20,b'#deltaairlines rocks! Thanks to the travel agent that resolved a thorny travel issue today. Great customer service!'
2018-03-27 05:54:42,"b'Not cool @Delta literally and figuratively!!! I have a connecting flight in Atlanta, I am very disappointed!!!!! As\xe2\x80\xa6 https://t.co/Ps1iJi7Hx1'"
2018-03-27 03:04:54,b'What a view!!!! \xe2\x9c\x88\xef\xb8\x8f flying home from Minnesota #DeltaAirlines https://t.co/b1qc8giu88'
2018-03-27 02:07:34,"b'RT @GeminiJets: NEW ARRIVAL! @GeminiJets 1:400-scale @Delta @Bombardier @bombardierjets CS100, item GJDAL1701. See a list of global retaile\xe2\x80\xa6'"
2018-03-27 02:04:41,"b'RT @ClintEastwoodLA: ""The word #Delta means \'Change\'. \n\nI will be changing Airline\'s, @Delta. \n\nIf you hate the #NRA so much maybe you shou\xe2\x80\xa6'"
2018-03-27 01:52:27,"b'wow......we all just want to get to Seattle safe, on time &amp; in good spirits...frazzled &amp; cranky gate staff of Delta\xe2\x80\xa6 https://t.co/gfojlRzDAG'"
2018-03-27 01:08:47,"b""@Delta multiple agents promised to #reimburse my expenses now they don't want to #help at all. 4 day delay,\xe2\x80\xa6 https://t.co/9Sdi2qjGdj"""
2018-03-27 00:15:01,"b'RT @ClintEastwoodLA: ""The word #Delta means \'Change\'. \n\nI will be changing Airline\'s, @Delta. \n\nIf you hate the #NRA so much maybe you shou\xe2\x80\xa6'"
2018-03-26 23:52:18,b'@cindymaceis @ChuckNASCAR @AlaSka50304601 Good question #Delta #DeltaAirlines'
2018-03-26 23:30:50,b'One of my fave things about NY is the commute home. #Thankful #NewYorkCity #StatenIslandFerry #DeltaAirlines\xe2\x80\xa6 https://t.co/afUadoG1Uo'
2018-03-26 23:17:51,b'Hi @Delta @ATLairport @CBPSoutheast - here is what the luggage looks like since your system can only enter red and\xe2\x80\xa6 https://t.co/pXuFBQLrsg'
2018-03-26 23:11:27,"b'After Cutting Ties With the NRA, #DeltaAirlines Flies Hundreds of People to Gun Control March for Free\xe2\x80\xa6 https://t.co/Jtq6cTvsz2'"
2018-03-26 22:52:35,b'Dispite the boarding pass inconvenience a great thank you to #deltaairlines and finally their ground staff at\xe2\x80\xa6 https://t.co/QbrX9V6nq0'
2018-03-26 22:33:22,b'RT @cris_mazzei: #DeltaAirlines now if you buy economy seats you\xe2\x80\x99re left with the uncertainty of not having your seat assigned until minute\xe2\x80\xa6'
2018-03-26 22:26:51,b'#deltaairlines phone hold wait times are absolutely ridiculous...15 minutes for a rep to be put back on hold anothe\xe2\x80\xa6 https://t.co/2IVUZJkdrW'
2018-03-26 22:24:37,"b""RT @MAGAGunslinger: #StandAndFight\n\nI'm sick and tired of giant liberal corporations getting involved in personal freedom politics. \n\nFine!\xe2\x80\xa6"""
2018-03-26 21:39:45,b'RT @celesteholsinge: @gotspeed2burn @Delta #BoycottDelta You people need to re read History! Sorry #DeltaAirlines You are unAmerican #1A #2\xe2\x80\xa6'
2018-03-26 21:36:53,b'@gotspeed2burn @Delta #BoycottDelta You people need to re read History! Sorry #DeltaAirlines You are unAmerican #1A\xe2\x80\xa6 https://t.co/KeQKWBnK9O'
2018-03-26 21:30:43,b'#ICYMI #UnitedAirlines Suspends #PetSafe #Pet #Cargo Program\nReviewing why so many #animals die on #United #flights\xe2\x80\xa6 https://t.co/VanIUhKClv'
2018-03-26 21:29:30,"b'RT @GeminiJets: NEW ARRIVAL! @GeminiJets 1:400-scale @Delta @Bombardier @bombardierjets CS100, item GJDAL1701. See a list of global retaile\xe2\x80\xa6'"
2018-03-26 21:24:48,"b'1 #deltaairlines agent checking in bags doesn\xe2\x80\x99t seem like she likes her job very much . Lol with her extra cranky ,\xe2\x80\xa6 https://t.co/G313m19d2D'"
2018-03-26 19:52:08,"b'RT @GeminiJets: NEW ARRIVAL! @GeminiJets 1:400-scale @Delta @Bombardier @bombardierjets CS100, item GJDAL1701. See a list of global retaile\xe2\x80\xa6'"
2018-03-26 19:50:42,"b'RT @GeminiJets: NEW ARRIVAL! @GeminiJets 1:400-scale @Delta @Bombardier @bombardierjets CS100, item GJDAL1701. See a list of global retaile\xe2\x80\xa6'"
2018-03-26 19:40:40,b'#DeltaAirlines seat assigned for only one leg of the trip! Whatever happened to good service? Why can\xe2\x80\x99t I get my se\xe2\x80\xa6 https://t.co/gPgGTtmAKo'
2018-03-26 19:38:57,"b'RT @GeminiJets: NEW ARRIVAL! @GeminiJets 1:400-scale @Delta @Bombardier @bombardierjets CS100, item GJDAL1701. See a list of global retaile\xe2\x80\xa6'"
2018-03-26 19:35:49,"b'NEW ARRIVAL! @GeminiJets 1:400-scale @Delta @Bombardier @bombardierjets CS100, item GJDAL1701. See a list of global\xe2\x80\xa6 https://t.co/voiAOjXkEC'"
2018-03-26 19:20:37,b'#DeltaAirlines now if you buy economy seats you\xe2\x80\x99re left with the uncertainty of not having your seat assigned until\xe2\x80\xa6 https://t.co/Hq7po0dk4U'
2018-03-26 19:11:29,"b'RT @ClintEastwoodLA: ""The word #Delta means \'Change\'. \n\nI will be changing Airline\'s, @Delta. \n\nIf you hate the #NRA so much maybe you shou\xe2\x80\xa6'"
2018-03-26 18:44:06,b'We made it! \xf0\x9f\x98\x83 last 2 seats in D1. Whew....what a \xf0\x9f\xa4\xaa morning. Off to #tokyo #japan. Thanks #deltaairlines \xe2\x9c\x88\xef\xb8\x8f\xe2\x80\xa6 https://t.co/zdn6Gquifl'
2018-03-26 18:42:10,b'This is awesome #DeltaAirlines #c1052 https://t.co/aJeOOIMUGw'
2018-03-26 18:41:53,"b'RT @ClintEastwoodLA: ""The word #Delta means \'Change\'. \n\nI will be changing Airline\'s, @Delta. \n\nIf you hate the #NRA so much maybe you shou\xe2\x80\xa6'"
2018-03-26 17:58:03,"b""Delta Air Lines may outfit some employees with 'wearable robotics' https://t.co/XxLNQILdP5 #DeltaAirlines\xe2\x80\xa6 https://t.co/CR7YGgSizU"""
2018-03-26 17:35:09,"b'Hearts show up in the most random places, letting me know I\xe2\x80\x99m on track .  \xf0\x9f\x92\x99\xf0\x9f\x92\x99 #deltaskyclub #DeltaAirlines\xe2\x80\xa6 https://t.co/VEXKrowjOS'"
2018-03-26 16:29:37,"b'RT @GeminiJets: ON APPROACH! @GeminiJets 1:400-scale @Delta @Airbus A350-900 N502DN, item GJDAL1724. See a list of global retailers at http\xe2\x80\xa6'"
2018-03-26 16:29:20,"b'RT @GeminiJets: JUST LANDED! @GeminiJets 1:400-scale @Delta @Airbus A350-900 N502DN, item GJDAL1724. See a list of global retailers at http\xe2\x80\xa6'"
2018-03-26 16:28:39,"b'RT @GeminiJets: NEW ARRIVAL! @GeminiJets 1:400-scale @Delta @Airbus A350 N502DN, item GJDAL1724. See a list of global retailers at https://\xe2\x80\xa6'"
2018-03-26 16:18:10,b'Please don\xe2\x80\x99t offer upgrades during check in when none are available @Delta  and then proceed to provide zero clarif\xe2\x80\xa6 https://t.co/QQPhTmP5Tj'
2018-03-26 16:03:15,b'RT @ericnamofficial: Headed to #MEXICO for my new album! Taking #DeltaAirlines nonstop to Atlanta (glad theyre adding daily nonstop flights\xe2\x80\xa6'
2018-03-26 15:27:13,b'RT @sstuart2016: Delta flying Kid-Gun-Control-Marchers to DC for free. And to think they used to be my preferred airline. Between them &amp; do\xe2\x80\xa6'
2018-03-26 15:17:23,b'RT @ericnamofficial: Headed to #MEXICO for my new album! Taking #DeltaAirlines nonstop to Atlanta (glad theyre adding daily nonstop flights\xe2\x80\xa6'
2018-03-26 14:52:54,b'Delta flying Kid-Gun-Control-Marchers to DC for free. And to think they used to be my preferred airline. Between th\xe2\x80\xa6 https://t.co/OmYCOJoCV9'
2018-03-26 14:47:09,"b'@AmericanAir Bag easily fit in the overhead compartment, still got grief for having wheels and was I should have rc\xe2\x80\xa6 https://t.co/dEwmpAqHNL'"
2018-03-26 12:58:45,b'@delta @DeltaNewsHub WOW is it your policy to deny helping a breast cancer patient? #deltaairlines #delta\xe2\x80\xa6 https://t.co/913ELCYGjF'
2018-03-26 12:57:00,"b'I just experienced the BEST Customer Service from #deltaairlines. A big THANK YOU to customer service call center representative, Cody!'"
2018-03-26 12:17:36,b'RT @cvillarreal26: #DeltaAirlines just left me in Frankfurt. They blame me for not having enough time for a connecting flight. A flight tha\xe2\x80\xa6'
2018-03-26 09:08:27,"b""First arrival in a few weeks, I've missed this. #P3D #Prepar3d #FlightSimulator #FlightSim #Aviation #AVGeek\xe2\x80\xa6 https://t.co/PvwsGPWn6o"""
2018-03-26 08:51:16,b'#DeltaAirlines just left me in Frankfurt. They blame me for not having enough time for a connecting flight. A fligh\xe2\x80\xa6 https://t.co/c0073H3Fh1'
2018-03-26 07:58:18,b'RT @ericnamofficial: Headed to #MEXICO for my new album! Taking #DeltaAirlines nonstop to Atlanta (glad theyre adding daily nonstop flights\xe2\x80\xa6'
2018-03-26 07:31:34,b'RT @cliper31: N509DN msn199 for #DeltaAirlines back from flight https://t.co/sVfA5mtSjj #Aviation #AvGeek #Aircraft #planespotting #plane @\xe2\x80\xa6'
2018-03-26 07:21:04,b'RT @cliper31: N509DN msn199 for #DeltaAirlines back from flight https://t.co/sVfA5mtSjj #Aviation #AvGeek #Aircraft #planespotting #plane @\xe2\x80\xa6'
2018-03-26 05:47:49,"b'RT @libertytarian: He opposed govt $40M giveaway \n#BigBusiness shouldn\'t be subsidized by taxpayers &amp; smaller businesses\n\n""bashing"" refers\xe2\x80\xa6'"
2018-03-26 04:09:38,"b'RT @ClintEastwoodLA: ""The word #Delta means \'Change\'. \n\nI will be changing Airline\'s, @Delta. \n\nIf you hate the #NRA so much maybe you shou\xe2\x80\xa6'"
2018-03-26 01:32:52,b'RT @ericnamofficial: Headed to #MEXICO for my new album! Taking #DeltaAirlines nonstop to Atlanta (glad theyre adding daily nonstop flights\xe2\x80\xa6'
2018-03-26 01:14:17,b'@Delta Still waiting for my luggage Delta .. have heard so many delivery times today - it\xe2\x80\x99s now 9pm - epic fail for\xe2\x80\xa6 https://t.co/aA5UIJeVfA'
2018-03-26 00:52:46,b'#BooHiss This is what #DeltaAirlines did for pro-gun control Parkland students after cutting ties with NRA\xe2\x80\xa6 https://t.co/ZnJdeML4gq'
2018-03-26 00:41:03,"b'@Delta gets delayed, they gave us water, snacks and another plane. @SouthwestAir #flight4819 from #LAX delayed by 4\xe2\x80\xa6 https://t.co/HrRafxMexD'"
2018-03-25 23:55:46,"b'RT @ClintEastwoodLA: ""The word #Delta means \'Change\'. \n\nI will be changing Airline\'s, @Delta. \n\nIf you hate the #NRA so much maybe you shou\xe2\x80\xa6'"
2018-03-25 23:54:15,b'#MarchForOurLives  #DeltaAirlines played a part...  https://t.co/QN0jPHM6pq'
2018-03-25 23:47:40,b'#help #airtravel #flights #international #peanut #allergy does anyone know of international air carriers that do no\xe2\x80\xa6 https://t.co/2HAH9JVl86'
2018-03-25 23:43:21,"b'RT @ClintEastwoodLA: ""The word #Delta means \'Change\'. \n\nI will be changing Airline\'s, @Delta. \n\nIf you hate the #NRA so much maybe you shou\xe2\x80\xa6'"
2018-03-25 23:39:12,"b'AND @united lost my luggage that they say I won\xe2\x80\x99t get until tomorrow......so no entertainment for six hours, only a\xe2\x80\xa6 https://t.co/d7ZXZMZXBJ'"
2018-03-25 23:36:55,b'Amateur hour again at #deltaairlines.  How hard is it to schedule a cleaning crew!'
2018-03-25 22:54:54,b'Anti-NRA Delta Airlines Offers FREE FLIGHTS to #MarchForOurLives Protesters https://t.co/9O0jOd3jJr #nra #deltaairlines #maga'
2018-03-25 22:25:20,"b'@TruthFeedNews Hey #DeltaAirlines, have you ever heard of #DicksSportingGoods?'"
2018-03-25 22:19:45,b'None of your #business\n#deltaairlines #UnitedAirlines...\n...and neither will I be FOREVER.\n\n#BoycottDeltaAirlines\xe2\x80\xa6 https://t.co/1We6KhQu4p'
2018-03-25 21:59:18,"b'RT @kesmcomm: @ElisabethCarey @curlygirl56 @davidfrum @WhitfordBradley @Delta @AmericanAir Thank you for pointing Delta out, too. I didn\xe2\x80\x99t\xe2\x80\xa6'"
2018-03-25 20:31:31,"b'RT @emh_2o: FAREWELL Boeing 767, WELCOME BACK Airbus A330. | H2O Aviation https://t.co/P9RZmgQF49 via @YouTube\n\n#Boeing #B767 #avgeek #plan\xe2\x80\xa6'"
2018-03-25 20:30:36,"b'RT @emh_2o: FAREWELL Boeing 767, WELCOME BACK Airbus A330. | H2O Aviation https://t.co/P9RZmgQF49 via @YouTube\n\n#Boeing #B767 #avgeek #plan\xe2\x80\xa6'"
2018-03-25 20:25:13,"b""#UnitedAirlines kills puppies. #deltaairlines helps kids find their political voice. I know who I'm flying. https://t.co/lYvbP8ja72"""
2018-03-25 20:24:55,b'@Delta Thank you again for Delaying my flight....Maintenance while we are all Boarded on a Full flight with the Air\xe2\x80\xa6 https://t.co/veQaqJaZe5'
2018-03-25 20:20:50,"b'RT @emh_2o: FAREWELL Boeing 767, WELCOME BACK Airbus A330. | H2O Aviation https://t.co/P9RZmgQF49 via @YouTube\n\n#Boeing #B767 #avgeek #plan\xe2\x80\xa6'"
2018-03-25 20:18:13,"b'FAREWELL Boeing 767, WELCOME BACK Airbus A330. | H2O Aviation https://t.co/P9RZmgQF49 via @YouTube\n\n#Boeing #B767\xe2\x80\xa6 https://t.co/PbBDXo7VG6'"
2018-03-25 19:00:01,"b'@ElisabethCarey @curlygirl56 @davidfrum @WhitfordBradley @Delta @AmericanAir Thank you for pointing Delta out, too.\xe2\x80\xa6 https://t.co/FzTc1ythaz'"
2018-03-25 18:57:21,b'When your flight doesn\xe2\x80\x99t have a tv. \xf0\x9f\x98\xad #deltaairlines'
2018-03-25 18:00:23,"b'RT @ClintEastwoodLA: ""The word #Delta means \'Change\'. \n\nI will be changing Airline\'s, @Delta. \n\nIf you hate the #NRA so much maybe you shou\xe2\x80\xa6'"
2018-03-25 17:35:39,b'Fantastic early bird flight. I hate flying during the day when it\xe2\x80\x99s the most busy. #starbucks #DeltaAirlines\xe2\x80\xa6 https://t.co/eB80LjVGFQ'
2018-03-25 17:31:15,b'What the hell happened to my 1st class mate?! \xf0\x9f\x98\xb3#deltaairlines https://t.co/KpLRLtRHRr'
2018-03-25 16:24:42,"b""I knew there was a reason I hadn't flown @Delta in a long time,  memory refreshed.  #DeltaAirlines #bottomofthebarrel"""
2018-03-25 16:16:29,b'Was just asked to get off from a flight because they assigned a seat to me and then took it away. Its humiliating w\xe2\x80\xa6 https://t.co/pz1FPovfvQ'
2018-03-25 16:12:39,b'Thank you #DeltaAirlines https://t.co/EVxq0cCCjj'
2018-03-25 15:07:23,"b""RT @AdventureWins: Shiny new account, all ready for my next set of adventures!! Fittingly, I'm typing this on a cross-country flight. Thank\xe2\x80\xa6"""
2018-03-25 14:58:58,"b""Shiny new account, all ready for my next set of adventures!! Fittingly, I'm typing this on a cross-country flight.\xe2\x80\xa6 https://t.co/fToj2dFWNG"""
2018-03-25 14:43:08,b'RT @HapConnors: FLY DELTA. F THE NRA. AND GEORGIA. #MarchForOurLives #DeltaAirlines #NRABoycott https://t.co/zdpa89EMME'
2018-03-25 14:08:53,"b'Thank you, #DeltaAirlines https://t.co/GVNRMxUDZL'"
2018-03-25 13:59:27,"b'I am a frequent @DeltaAssist flier. Now, more than ever I will do my flying with them. Not only a good airline, goo\xe2\x80\xa6 https://t.co/Ev4GT9HHQm'"
2018-03-25 13:54:05,b'RT @MaryHWells: @delta - you\xe2\x80\x99ve gone from bad to worse flt #1648 wow - all these passengers will demand a full refund #DeltaAirlines ..'
2018-03-25 13:53:48,b'@Delta Are you kidding me - now you\xe2\x80\x99ve lost my luggage?! How does this happen - we were the only group in Atlanta a\xe2\x80\xa6 https://t.co/MLq7EUXeho'
2018-03-25 13:44:37,b'RespecT the Shield never for the the T. #omegapsiphi #deltaairlines #airmiles @ Fort\xe2\x80\xa6 https://t.co/c9OmXL6A4d'
2018-03-25 13:22:32,"b'@Delta also donated flights yesterday to the #MarchForOurLives \xf0\x9f\x91\x8f\xf0\x9f\x91\x8f\xf0\x9f\x91\x8f\nNext time you fly, fly #DeltaAirlines! https://t.co/ULu2HqNGZv'"
2018-03-25 12:23:59,b'It\xe2\x80\x99s a beautiful day to fly! Thanks for the lift from DCA to LAN @Delta. #fareview #DeltaAirlines https://t.co/BKsCw2Em6F'
2018-03-25 11:53:22,"b'Not only that, their service is excellent.  #flydelta #DeltaAirlines #GunControlNow https://t.co/Su5sYKgZxw'"
2018-03-25 11:44:45,b'FLY DELTA. F THE NRA. AND GEORGIA. #MarchForOurLives #DeltaAirlines #NRABoycott https://t.co/zdpa89EMME'
2018-03-25 09:53:07,"b'#DeltaAirlines #Crap. I purchased an upgrade to 1st Class, they charged my card, they now have no record that it oc\xe2\x80\xa6 https://t.co/Les0ykZoc5'"
2018-03-25 06:40:09,"b""#DeltaAirLines may outfit some employees with 'wearable #Robotics'. #AI #MachineLearning #BigData #wearables\xe2\x80\xa6 https://t.co/fY0PU1YKhL"""
2018-03-25 04:48:59,"b'RT @ClintEastwoodLA: ""The word #Delta means \'Change\'. \n\nI will be changing Airline\'s, @Delta. \n\nIf you hate the #NRA so much maybe you shou\xe2\x80\xa6'"
2018-03-25 04:31:55,"b'""The word #Delta means \'Change\'. \n\nI will be changing Airline\'s, @Delta. \n\nIf you hate the #NRA so much maybe you s\xe2\x80\xa6 https://t.co/bVO8UnBVEA'"
2018-03-25 03:54:50,"b'@Delta finally got through to a rep, and instead of solving an easy problem of a change fee he tried to up sell for\xe2\x80\xa6 https://t.co/oZ2aG45onc'"
2018-03-25 03:54:27,b'@krassenstein @Delta Just did. I love Delta! #DeltaAirlines'
2018-03-25 03:43:58,b'#DeltaAirlines is now my airline of choice. Their values are my values.  https://t.co/Kry9LV28Oq'
2018-03-25 02:26:03,"b""The #DeltaAirlines brand just increased its value in my mind. If they'll fight against government hypocrisy then I\xe2\x80\xa6 https://t.co/O7GZtUgVJy"""
2018-03-25 02:18:16,b'@delta - you\xe2\x80\x99ve gone from bad to worse flt #1648 wow - all these passengers will demand a full refund #DeltaAirlines ..'
2018-03-25 01:35:43,"b""https://t.co/N9TgRZPJhg is the best...although at times they've pushed me to my limits....you have always cared abo\xe2\x80\xa6 https://t.co/atAnQGgDGp"""
2018-03-25 01:32:22,b'@Delta when 90% of all food allergies are nut allergies why would you serve almonds??? #nutfree #foodallergy #DeltaAirlines'
2018-03-25 01:14:12,b'#DeltaAirlines Thank you!! Star Tribune: Delta helps hundreds of students fly to DC for gun protest. https://t.co/h62PqmJ1bQ'
2018-03-25 01:02:38,b'RT @ericnamofficial: Headed to #MEXICO for my new album! Taking #DeltaAirlines nonstop to Atlanta (glad theyre adding daily nonstop flights\xe2\x80\xa6'
2018-03-25 00:27:13,b'Way to go #DeltaAirlines\n\nhttps://t.co/yeCQ3kqGaR'
