2018-03-30 19:34:36,b'Are you an OAK Ron #Check #Mechanic in #Oakland? #SouthwestAirlines is waiting for you! #job https://t.co/tKhUgOTRNS https://t.co/tK2MjAFjmK'
2018-03-30 19:23:43,"b'#SouthwestAirlines is looking for a Senior #Analyst #Business Performance, apply now! (#Dallas) #job\xe2\x80\xa6 https://t.co/V4zV62AFrD'"
2018-03-30 19:17:05,"b'#SouthwestAirlines is looking for a Sr #Analyst in #Dallas, apply now! #job https://t.co/dobNV2ob7j https://t.co/AqusuXB8Ub'"
2018-03-30 19:01:50,b'Check out this #job: Ramp #Agent at #SouthwestAirlines (#Nashville) https://t.co/7zvIevp9NR https://t.co/1hB7plTtZ2'
2018-03-30 18:52:58,b'Had bummer flight attendants this a.m. on #SouthwestAirlines 1920 from MCO to BWI. SWA is always friendly and fun.\xe2\x80\xa6 https://t.co/gL3nUE4wig'
2018-03-30 18:24:40,"b'RT @mariasearth: Waiting on our jet plane \xe2\x9c\x88\xef\xb8\x8f (well, it\xe2\x80\x99s everyone else\xe2\x80\x99 too!) \xf0\x9f\xa4\xa3 #southwestairlines @ LAX - Los\xe2\x80\xa6 https://t.co/Pno3K1EtIj'"
2018-03-30 18:24:18,"b'Waiting on our jet plane \xe2\x9c\x88\xef\xb8\x8f (well, it\xe2\x80\x99s everyone else\xe2\x80\x99 too!) \xf0\x9f\xa4\xa3 #southwestairlines @ LAX - Los\xe2\x80\xa6 https://t.co/Pno3K1EtIj'"
2018-03-30 18:22:38,b'Check out this #job: Senior #Analyst #Business Performance at #SouthwestAirlines (#Dallas) https://t.co/BuJISidFe8 https://t.co/8zFJifSm5a'
2018-03-30 18:20:00,b'RT @OfficiantGuyLA: Wedding Info: https://t.co/AnGjSM9nyf #california #destinationweddings #elope #flygirl #license #losangeles #marriage #\xe2\x80\xa6'
2018-03-30 18:06:50,b'RT @FamilyTravel411: Need to Know: Flying Southwest with a baby or toddler - https://t.co/ZoY81hSArL via @travelswithbaby #flying #airtrave\xe2\x80\xa6'
2018-03-30 17:51:49,b'@SouthwestAir \xe2\x9d\xa4\xef\xb8\x8f So amazing to be part of and see the incredible teamwork and caring for the customer....consistent\xe2\x80\xa6 https://t.co/ZC0DjgnvC9'
2018-03-30 17:50:05,b'Apply now to work for #SouthwestAirlines as Senior #Analyst #Business Performance! (#Dallas) #job\xe2\x80\xa6 https://t.co/rt255LtYXE'
2018-03-30 17:36:39,b'RT @ArtAnderson2000: Strategic #Sourcing Manager - #Technology (#job) wanted in #Dallas. #SouthwestAirlines https://t.co/nf8IrQ2Bum https:/\xe2\x80\xa6'
2018-03-30 17:36:13,b'Strategic #Sourcing Manager - #Technology (#job) wanted in #Dallas. #SouthwestAirlines https://t.co/nf8IrQ2Bum https://t.co/TqMcN0Heyt'
2018-03-30 17:34:03,"b'Privacy and #Transaction #Attorney needed in #Dallas, apply now at #SouthwestAirlines! #job https://t.co/sEm8nTeXgH https://t.co/FpD2QGYo86'"
2018-03-30 17:04:08,b'Check out this #job: Ramp #Agent at #SouthwestAirlines (#Nashville) https://t.co/KNgWd39IYz https://t.co/ur3DESPSvC'
2018-03-30 17:01:51,b'Check out this #job: Ramp #Agent (#Parttime) at #SouthwestAirlines (#Tampa) https://t.co/Ukpboek0iz https://t.co/Rs1R45xKgk'
2018-03-30 17:00:36,"b""In this post I share my strategy when taking advantage of the Southwest Airlines' Early Bird Check-In option.\xe2\x80\xa6 https://t.co/3gdQuIg3HE"""
2018-03-30 16:47:21,b'@SouthwestAir I just have to give a shoutout to Stephanie from Flight 1471 this past Monday. She remembered me from\xe2\x80\xa6 https://t.co/mmncowavP2'
2018-03-30 16:46:28,"b'We\xe2\x80\x99re coming for you, Oma and Opa! #southwestairlines @ BWI Thurgood Marshall Airport (BWI) https://t.co/9ilaV0YoSA'"
2018-03-30 16:41:56,"b'#SouthwestAirlines is looking for a Ramp #Agent (#Parttime) in #Tampa, apply now! #job https://t.co/CrQN8XsdFc https://t.co/JUmhtm3mdn'"
2018-03-30 16:32:38,b'Uh #SouthwestAirlines I don\xe2\x80\x99t understand how you can be in one line and right when you get to security you have to\xe2\x80\xa6 https://t.co/7TkmKJF71I'
2018-03-30 16:27:19,"b'@SouthwestAir #SouthwestAirlines My bag from under seat flight #1644,Austin to Dallas,aisle 7,seat b.Something very\xe2\x80\xa6 https://t.co/0lGFYg6sN9'"
2018-03-30 16:26:19,b'RT @FamilyTravel411: Need to Know: Flying Southwest with a baby or toddler - https://t.co/ZoY81hSArL via @travelswithbaby #flying #airtrave\xe2\x80\xa6'
2018-03-30 16:21:46,"b'#SouthwestAirlines is looking for an #Analyst SIMS #Business Solutions, apply now! (#Dallas) #job\xe2\x80\xa6 https://t.co/JJrquK2wb4'"
2018-03-30 16:01:25,b'@SouthwestAir Happy to see there is still quality customer service. @americanair you should take notes!\xe2\x80\xa6 https://t.co/T1Ki4k8fOb'
2018-03-30 16:00:08,b'Ground #Equipment #Mechanic (#job) wanted in #Oakland. #SouthwestAirlines https://t.co/fkRlYPixdE https://t.co/I3FgZlOTUW'
2018-03-30 15:53:49,b'#Associate Fuel #Category Manager needed in #Dallas at #SouthwestAirlines. Apply now! #job https://t.co/IGgQbf0C2D https://t.co/xP87DH49yO'
2018-03-30 15:23:14,b'RT @SkoolYute: SCM COE #Business #Consultant needed in #Dallas at #SouthwestAirlines. Apply now! #job https://t.co/jGAOpIi583 https://t.co/\xe2\x80\xa6'
2018-03-30 15:16:03,b'SCM COE #Business #Consultant needed in #Dallas at #SouthwestAirlines. Apply now! #job https://t.co/jGAOpIi583 https://t.co/5BcofQkzcw'
2018-03-30 15:08:33,"b'#SouthwestAirlines is hiring a Strategic #Sourcing Manager - #Technology in #Dallas, apply now! #job\xe2\x80\xa6 https://t.co/PhzjA1XvRs'"
2018-03-30 14:44:20,b'RT @Travelplusfam: My First Experience with Southwest Airlines https://t.co/PKclYRzvCJ #southwestairlines #travel #traveltip'
2018-03-30 14:35:13,b'My First Experience with Southwest Airlines https://t.co/PKclYRzvCJ #southwestairlines #travel #traveltip'
2018-03-30 14:33:39,"b'Ramp #Agent needed in #EastBoston, apply now at #SouthwestAirlines! #job https://t.co/ETcGII3TDF https://t.co/HmZ0AQi86Q'"
2018-03-30 14:13:40,b'Check out this #job: Ramp #Agent #PartTime at #SouthwestAirlines (#Oakland) https://t.co/BItH2PzpoS https://t.co/Pg8Tr1q6g1'
2018-03-30 14:10:07,"b'Thank you to @SouthwestAir Skycap Terry who helped out this panicked passenger! Packing tape, like duck tape, fixes\xe2\x80\xa6 https://t.co/rtId4p6IWC'"
2018-03-30 13:33:06,b'Check out this #job: #Supply Chain #Attorney at #SouthwestAirlines in #Dallas https://t.co/Nwao7LkMgb https://t.co/2wnh5kYn25'
2018-03-30 12:38:48,"b'Boarding pass check, headphones check, @SouthwestAir WiFi check, Flight playlist check, friendly skies and great\xe2\x80\xa6 https://t.co/l379QNLRCa'"
2018-03-30 12:17:12,b'Wedding Info: https://t.co/AnGjSM9nyf #california #destinationweddings #elope #flygirl #license #losangeles\xe2\x80\xa6 https://t.co/useUj8Ndrf'
2018-03-30 07:41:49,"b'After a 3hrs delay, we are finally getting ready to board. #SouthwestAirlines #FINALLY'"
2018-03-30 05:56:47,"b'RT @Alexis_kristina: My flight attendant: please make sure that the baggage you brought on board, wether real or emotional, is tucked under\xe2\x80\xa6'"
2018-03-30 05:48:33,"b'RT @Alexis_kristina: My flight attendant: please make sure that the baggage you brought on board, wether real or emotional, is tucked under\xe2\x80\xa6'"
2018-03-30 05:31:00,"b'I walk off the plane and as I look back, I see him LAUGHING *with the pilot*\n\n#SouthwestAirlines - I should not be\xe2\x80\xa6 https://t.co/7SUBJzfvVn'"
2018-03-30 03:24:29,"b'#SouthwestAirlines is hiring a Provisioning #Agent #PartTime in #SanJose, apply now! #job https://t.co/XYQFwG3VwY https://t.co/HGvucq8qQS'"
2018-03-30 02:04:20,b'PEOPLE ARE ALWAYS WATCHING!\n\n#kingslovegold\n#klglifestyle\n#southwest \n#southwestairlines \n#performance \n#life\xe2\x80\xa6 https://t.co/c3TzycePrP'
2018-03-30 01:41:28,"b'#SouthwestAirlines is hiring a Ramp #Agent, apply now! (#SanJose) #job https://t.co/g2NGUobmNl https://t.co/726iLvZloQ'"
2018-03-30 01:26:01,"b'#SouthwestAirlines is looking for a Customer #Service #Agent in #Omaha, apply now! #job https://t.co/0H0uH3musZ https://t.co/AA0MdCxlgy'"
2018-03-30 01:12:47,"b'Full flight today out of #SJC today, entering from the front and rear; #SouthwestAirlines keeping it light \xf0\x9f\x98\x82\xf0\x9f\x98\x82 https://t.co/Yf5IZXmAO9'"
2018-03-30 01:09:36,"b""#SouthwestAirlines your app says flight 824 departed at 5:47. No it didn't. I'm on it, we're still at the gate 90 m\xe2\x80\xa6 https://t.co/e74afz8SFh"""
2018-03-30 01:09:30,"b'#SouthwestAirlines is hiring a Customer #Service #Agent, apply now! (#Omaha) #job https://t.co/3Bg62zNUAs https://t.co/mgeiSNYr7j'"
2018-03-30 01:00:57,b'RT @yrkddng: Check out this #job: Privacy and #Transaction #Attorney at #SouthwestAirlines (#Dallas) https://t.co/fjslWQU6hE https://t.co/K\xe2\x80\xa6'
2018-03-30 01:00:49,"b'RT @EConcilio: #SouthwestAirlines is hiring a #Project #Engineer II in #Dallas, apply now! #job https://t.co/VY73Ja1Eej https://t.co/aBUUvS\xe2\x80\xa6'"
2018-03-30 00:58:05,"b'#SouthwestAirlines is hiring a #Project #Engineer II in #Dallas, apply now! #job https://t.co/VY73Ja1Eej https://t.co/aBUUvSWUad'"
2018-03-30 00:57:36,b'Check out this #job: Ramp #Agent #PartTime at #SouthwestAirlines in #Oakland https://t.co/m0KCsRRRqi https://t.co/rBkG06Vu8y'
2018-03-30 00:51:18,b'Check out this #job: Privacy and #Transaction #Attorney at #SouthwestAirlines (#Dallas) https://t.co/fjslWQU6hE https://t.co/KANmOsQ2rU'
2018-03-30 00:35:35,b'#Southwestairlines you have a couple of hundred extremely unhappy customers on this flight. You have now decided to\xe2\x80\xa6 https://t.co/TV6TcZKNOk'
2018-03-30 00:31:16,b'Apply now to work for #SouthwestAirlines as Ramp #Agent! (#EastBoston) #job https://t.co/r7KJK1u6gP https://t.co/ViAQbYtfPe'
2018-03-30 00:27:16,"b'#SouthwestAirlines is hiring a Supvervisor #Aircraft #Maintenance in #Atlanta, apply now! #job\xe2\x80\xa6 https://t.co/omU1oNBfKT'"
2018-03-30 00:26:46,"b'#Southwestairlines flight 457...4 hour delay and now no pilots? Your customers, including me, deserve better from you.'"
2018-03-30 00:10:44,"b'#SouthwestAirlines is hiring! Ramp #Agent in #SanJose, apply now! #job https://t.co/Hu7JrXAzv7 https://t.co/PHnigyp3Cn'"
2018-03-30 00:04:51,"b'Ramp #Agent needed in #SanJose, apply now at #SouthwestAirlines! #job https://t.co/RM9LkFQ5RB https://t.co/2CJBvxa5XL'"
2018-03-29 23:59:08,"b""@NightTimePod @truecrimegarage I've only been recognized twice in the wild. Once by a lady at the crepe place I fre\xe2\x80\xa6 https://t.co/7ZiDbRRYSJ"""
2018-03-29 23:36:45,"b'#SouthwestAirlines is looking for a Ramp #Agent #PartTime, apply now! (#Oakland) #job https://t.co/9MhJqR6f5G https://t.co/MCoMUxLkU4'"
2018-03-29 23:32:41,b'Sr #Analyst needed in #Dallas at #SouthwestAirlines. Apply now! #job https://t.co/IhPhvz1cB8 https://t.co/nSjUHSmR8w'
2018-03-29 23:17:11,b'@SouthwestAir #southwestairlines #thenativesarerestless #wewanttogetoffthisplane @ReaganNational After a 3 hour del\xe2\x80\xa6 https://t.co/4n1KzWoCuh'
2018-03-29 23:13:11,b'RT @FamilyTravel411: Need to Know: Flying Southwest with a baby or toddler - https://t.co/ZoY81hSArL via @travelswithbaby #flying #airtrave\xe2\x80\xa6'
2018-03-29 23:03:46,b'#SouthwestAirlines I am sitting on a runway after a 3 hour mechanical delay.   After 3 hours they couldn\xe2\x80\x99t figure o\xe2\x80\xa6 https://t.co/O0ARCBQPUG'
2018-03-29 22:50:50,"b'#Analyst SIMS #Business Solutions needed in #Dallas, apply now at #SouthwestAirlines! #job https://t.co/9sLTbq42ZW https://t.co/Zqv0741Ibu'"
2018-03-29 22:48:03,b'Seriously. People want to not check two free bags on #SouthwestAirlines to take 40 mins to board plan so we can wai\xe2\x80\xa6 https://t.co/U0uhsSiXE1'
2018-03-29 22:45:17,"b'#SouthwestAirlines is looking for a Ramp #Agent, apply now! (#Nashville) #job https://t.co/iTUJQSqGEi https://t.co/IpgFVz2H7a'"
2018-03-29 22:43:34,"b'@SouthwestAir you all took your customer service to a new level today. Thank you, thank you \xe2\x99\xa5\xef\xb8\x8f #loyalcustomer\xe2\x80\xa6 https://t.co/kWnfzJS9IZ'"
2018-03-29 22:34:56,b'I\xe2\x80\x99ve been working non stop I need a vacation! #vacation #adventure #SouthwestAirlines or #Jetblue \xf0\x9f\xa4\x94 https://t.co/LXQpAEOofk'
2018-03-29 22:32:15,b'Check out this #job: Strategic #Sourcing Manager - #Technology at #SouthwestAirlines (#Dallas)\xe2\x80\xa6 https://t.co/BgTyPxE8aM'
2018-03-29 22:31:54,"b'My flight attendant: please make sure that the baggage you brought on board, wether real or emotional, is tucked un\xe2\x80\xa6 https://t.co/Abd6aVzbvz'"
2018-03-29 22:21:25,b'#Southwestairlines in what universe  do you call this flight on time? It was scheduled to leave at 4:30. https://t.co/rsjEQXpVX8'
2018-03-29 21:55:15,"b'#SouthwestAirlines is hiring a Customer #Service #Agent in #Omaha, apply now! #job https://t.co/tdp4WnuPiL https://t.co/sMinneSegx'"
2018-03-29 21:51:14,b'Ramp #Agent (#job) wanted in #Nashville. #SouthwestAirlines https://t.co/iNelH4NN9D https://t.co/zLvi8y5x8U'
2018-03-29 21:47:46,b'Apply now to work for #SouthwestAirlines as #Analyst SIMS #Business Solutions in #Dallas! #job\xe2\x80\xa6 https://t.co/EBVfgHIzaH'
2018-03-29 21:11:12,b'Apply now to work for #SouthwestAirlines as #Project #Engineer II in #Dallas! #job https://t.co/U6cMG8Osi4 https://t.co/uqplDLXY6X'
2018-03-29 21:08:09,"b'#SouthwestAirlines is looking for a SCM COE #Business #Consultant in #Dallas, apply now! #job\xe2\x80\xa6 https://t.co/2b1fwgpjC5'"
2018-03-29 20:59:46,b'Apply now to work for #SouthwestAirlines as Supvervisor #Aircraft #Maintenance! (#Atlanta) #job\xe2\x80\xa6 https://t.co/hd6RgNTJ1W'
2018-03-29 20:58:18,"b'#SouthwestAirlines is hiring a Ground #Equipment #Mechanic, apply now! (#Oakland) #job https://t.co/gtsna3MRAd https://t.co/sCA8R2kA8o'"
2018-03-29 20:40:09,b'Apply now to work for #SouthwestAirlines as Ramp #Agent! (#Denver) #job https://t.co/bpIGL7FSMU https://t.co/pc0NEUWB60'
2018-03-29 20:32:42,"b'Privacy and #Transaction #Attorney needed in #Dallas, apply now at #SouthwestAirlines! #job https://t.co/SmoWshH3zo https://t.co/cQaaJ1DKrv'"
2018-03-29 20:29:48,b'Check out this #job: Sr #Analyst at #SouthwestAirlines in #Dallas https://t.co/q3YS2ar0sR https://t.co/ilKWEShlFM'
2018-03-29 20:16:40,b'Apply now to work for #SouthwestAirlines as OAK Ron #Check #Mechanic! (#Oakland) #job https://t.co/IlEToRKW0c https://t.co/ntRtqAr0Kw'
2018-03-29 20:06:42,"b'#SouthwestAirlines is hiring! #Analyst SIMS #Business Solutions in #Dallas, apply now! #job https://t.co/Hb5DPKewnD https://t.co/poNuedthLr'"
2018-03-29 19:47:35,b'Severely disappointed and angry at #SouthwestAirlines. I lost my claim ticket stub for baggage but the worst part i\xe2\x80\xa6 https://t.co/cHeFbmZUkn'
2018-03-29 19:30:09,"b'#SouthwestAirlines is looking for a Provisioning #Agent #PartTime in #SanJose, apply now! #job\xe2\x80\xa6 https://t.co/u7auQyKt2L'"
2018-03-29 19:28:46,b'New #job opening at #SouthwestAirlines in #Dallas! #Supply Chain #Attorney https://t.co/Hy89jpeX3J https://t.co/5oYPhIDeVH'
2018-03-29 19:25:54,b'Apply now to work for #SouthwestAirlines as Supvervisor #Aircraft #Maintenance in #Atlanta! #job\xe2\x80\xa6 https://t.co/8ezpo4Q1LC'
2018-03-29 19:15:41,"b'#SouthwestAirlines is hiring a Strategic #Sourcing Manager - #Technology, apply now! (#Dallas) #job\xe2\x80\xa6 https://t.co/4gRHGE6Rds'"
2018-03-29 18:23:24,"b'#SouthwestAirlines is looking for an #Analyst SIMS #Business Solutions in #Dallas, apply now! #job\xe2\x80\xa6 https://t.co/5QXCXa4UnU'"
2018-03-29 17:49:57,"b'#SouthwestAirlines is hiring a Strategic #Sourcing Manager - #Technology in #Dallas, apply now! #job\xe2\x80\xa6 https://t.co/7hvUYsp12D'"
2018-03-29 17:47:01,"b'#SouthwestAirlines is hiring an OAK Ron #Check #Mechanic in #Oakland, apply now! #job https://t.co/LjNLTasavF https://t.co/a99q8jflw9'"
2018-03-29 17:45:56,b'Privacy and #Transaction #Attorney needed in #Dallas at #SouthwestAirlines. Apply now! #job https://t.co/aMVOQFHA1z https://t.co/E1sktjlB3E'
2018-03-29 17:45:13,b'Apply now to work for #SouthwestAirlines as SCM COE #Business #Consultant! (#Dallas) #job https://t.co/v6OyCR6ICs https://t.co/3MOlfBS2Q5'
2018-03-29 17:42:40,b'RT @FamilyTravel411: Need to Know: Flying Southwest with a baby or toddler - https://t.co/ZoY81hSArL via @travelswithbaby #flying #airtrave\xe2\x80\xa6'
2018-03-29 17:41:08,b'#Project #Engineer II (#job) wanted in #Dallas. #SouthwestAirlines https://t.co/aPG7u7zpwN https://t.co/sTwuFL5cPL'
2018-03-29 17:37:13,b'RT @FamilyTravel411: Need to Know: Flying Southwest with a baby or toddler - https://t.co/ZoY81hSArL via @travelswithbaby #flying #airtrave\xe2\x80\xa6'
2018-03-29 17:04:47,b'Privacy and #Transaction #Attorney (#job) wanted in #Dallas. #SouthwestAirlines https://t.co/nhVg6AQlMh https://t.co/95grlUqiQV'
2018-03-29 17:04:42,"b'#SouthwestAirlines is looking for a SCM COE #Business #Consultant, apply now! (#Dallas) #job https://t.co/kHHvqdd7Gb https://t.co/HDU6PIlVwb'"
2018-03-29 17:03:19,"b'#SouthwestAirlines is looking for a #Project #Engineer II in #Dallas, apply now! #job https://t.co/zCaIK4fxcd https://t.co/ZtdopYI7Ok'"
2018-03-29 16:55:01,"b""RT @HCCNC: Mahalo to everyone who attended the HCCNC Business Mixer at the Salesforce 'Ohana room. Mahalo especially to @southwestair for t\xe2\x80\xa6"""
2018-03-29 16:37:17,"b'#SouthwestAirlines is looking for a #Project #Engineer II, apply now! (#Dallas) #job https://t.co/QBdEhFXln9 https://t.co/xnFo8UwKOo'"
2018-03-29 16:33:23,"b'#SouthwestAirlines is hiring a Privacy and #Transaction #Attorney in #Dallas, apply now! #job\xe2\x80\xa6 https://t.co/6wPweshLUq'"
2018-03-29 16:27:29,"b'#SouthwestAirlines is hiring! #Project #Engineer II in #Dallas, apply now! #job https://t.co/ktL5zbJ64D https://t.co/JQGPCUB5Oa'"
2018-03-29 16:21:32,b'Apply now to work for #SouthwestAirlines as Privacy and #Transaction #Attorney! (#Dallas) #job\xe2\x80\xa6 https://t.co/z5rMZgg4X8'
2018-03-29 16:15:26,b'Apply now to work for #SouthwestAirlines as Ramp #Agent! (#Nashville) #job https://t.co/O0nDaa4BZd https://t.co/XDC89ReTfQ'
2018-03-29 16:11:46,"b'@SouthwestAir you are all amazing, making sure I was able to get a last minute flight home! #SouthwestAirlines\xe2\x80\xa6 https://t.co/7vcphO8iez'"
2018-03-29 16:07:03,"b'#SouthwestAirlines is hiring a Ramp #Agent - #PartTime, apply now! (#Albany) #job https://t.co/btEjsvTHUP https://t.co/pCZ6NQWNAk'"
2018-03-29 16:06:40,"b"".@SouthwestAir practically signed the child's death certificate when they handed out peanuts after the stage 6 chil\xe2\x80\xa6 https://t.co/bMT2lodkck"""
2018-03-29 15:55:58,b'Ramp #Agent (#job) wanted in #SanJose. #SouthwestAirlines https://t.co/8hdTbDyByy https://t.co/nB2hkKBmHn'
2018-03-29 15:41:56,"b'#SouthwestAirlines is hiring a #Contracts Transactional #Attorney in #Dallas, apply now! #job\xe2\x80\xa6 https://t.co/xuo5Qk598q'"
2018-03-29 15:29:22,"b""my boyfriend gets a notification to check in for our @SouthwestAir flight (clearly he doesn't know what this means)\xe2\x80\xa6 https://t.co/NhEinckxSI"""
2018-03-29 15:21:10,b'New #job opening at #SouthwestAirlines in #Dallas! #Associate Fuel #Category Manager https://t.co/RiOLR3wlSZ https://t.co/jhL5CMB3Br'
2018-03-29 15:19:37,b'Can\xe2\x80\x99t stop smiling-kids\xe2\x80\x99 drawings on overhead bins #southwestairlines @ Southwest Airlines at SMF https://t.co/ngee9ZKJqV'
2018-03-29 15:12:15,b'.@Matt_Troy loves #SouthwestAirlines. Their \xe2\x80\x9cno change fee\xe2\x80\x9d policy is magic. Instead of having to pay a couple Benj\xe2\x80\xa6 https://t.co/r6VlteQgKP'
2018-03-29 14:51:06,b'#Contracts Transactional #Attorney needed in #Dallas at #SouthwestAirlines. Apply now! #job https://t.co/7hC0PTYiot https://t.co/eJQSoZy5Bp'
2018-03-29 14:39:45,b'#Recruiter (#job) wanted in #Dallas. #SouthwestAirlines https://t.co/Hg66MXGnxy https://t.co/V9vj5krruo'
2018-03-29 14:39:21,b'Thank-you Southwest for the great flight from Dallas (Love) to Little Rock. I #LUV the sky.#SouthwestAirlines https://t.co/jpyvceEyWq'
2018-03-29 14:38:00,b'RT @FamilyTravel411: Need to Know: Flying Southwest with a baby or toddler - https://t.co/ZoY81hSArL via @travelswithbaby #flying #airtrave\xe2\x80\xa6'
2018-03-29 14:24:37,b'Are you a Ramp #Agent in #Nashville? #SouthwestAirlines is waiting for you! #job https://t.co/hNRtxbTRdm https://t.co/Dx74skRu5Z'
2018-03-29 14:18:22,b'Thanks @SouthwestAir Your customer service helped me with my question in less than 5 minutes! This level of AWESOME\xe2\x80\xa6 https://t.co/iphiTyfOza'
2018-03-29 14:15:44,"b""@SouthwestAir I've had a premier southwest credit card for 3 years and I've never gotten free drink tickets in the\xe2\x80\xa6 https://t.co/KLdWY9W6FZ"""
2018-03-29 13:47:51,b'We have landed! #travel #southwestAirlines #southwest #newOrleans https://t.co/XOa8JtbEvl'
2018-03-29 13:23:27,b'New Orleans Bound. Going to be flying over a storm\xe2\x9a\xa1\xf0\x9f\x98\x9f\xf0\x9f\x98\xb0. #southwest #southwestAirlines #flying\xe2\x80\xa6 https://t.co/vIU4EE8anE'
2018-03-29 13:12:39,"b""@SouthwestAir I'm a bit confused how do I recv this email 2day and the contest has already ended? \xf0\x9f\xa4\xa8\xf0\x9f\xa4\x94 #IFLYSWA\xe2\x80\xa6 https://t.co/tX9i2Fvzxh"""
2018-03-29 13:08:31,"b'#SouthwestAirlines is looking for a Sr #AnalystEnterprise #Management and Technical Operations, apply now! (#Dallas\xe2\x80\xa6 https://t.co/fXHpNhqcxr'"
2018-03-29 12:20:22,b'\xe2\x9c\x88\xef\xb8\x8fAbout last night...#nashville #tennessee #southwestairlines #travel #flightattendant\xe2\x80\xa6 https://t.co/5UfECubJNS'
2018-03-29 11:13:37,b'@SouthwestAir you can absolutely say no peanuts on a flight just like @Delta and @AmericanAir do. I have been on ma\xe2\x80\xa6 https://t.co/1UceNDaezd'
2018-03-29 08:50:00,b'RT @FamilyTravel411: Need to Know: Flying Southwest with a baby or toddler - https://t.co/ZoY81hSArL via @travelswithbaby #flying #airtrave\xe2\x80\xa6'
2018-03-29 07:19:14,b'Hey guys haven\xe2\x80\x99t been on in a while how\xe2\x80\x99s everyone doing tonight?\xf0\x9f\x92\x95 #Southwest #SouthwestAirlines\xe2\x80\xa6 https://t.co/K7baftNDCL'
2018-03-29 04:43:30,b'Why do they cram you on a plane when they know they are going to make you sit on the runway for two hours?\xe2\x80\xa6 https://t.co/9iHmmmvGW7'
2018-03-29 04:16:52,b'#SouthwestAirlines @SouthwestAir owes everyone on #flight 6415 some type of #compensation . Having an excellent fli\xe2\x80\xa6 https://t.co/zY1CrVNRY5'
2018-03-29 03:13:47,b'Ramp #Agent needed in #Nashville at #SouthwestAirlines. Apply now! #job https://t.co/OYHUQ0Tnnu https://t.co/gQvoGJ5Vss'
2018-03-29 03:05:06,"b'#SouthwestAirlines flight 1703, delays and delays. 2.5 hours with no explanation and another 15 mins, minimum waiting for pilots?'"
2018-03-29 03:00:09,b'Just a little #lightening #storm to guide us into #houston #thankyou #southwestairlines for\xe2\x80\xa6 https://t.co/BGAkEYWsDT'
2018-03-29 02:25:25,b'RT @FamilyTravel411: Need to Know: Flying Southwest with a baby or toddler - https://t.co/ZoY81hSArL via @travelswithbaby #flying #airtrave\xe2\x80\xa6'
2018-03-29 02:12:11,b'RT @FamilyTravel411: Need to Know: Flying Southwest with a baby or toddler - https://t.co/ZoY81hSArL via @travelswithbaby #flying #airtrave\xe2\x80\xa6'
2018-03-29 01:13:42,b'RT @TheKathyBray: @dannygberg @JohnGuandolo @realDonaldTrump @JewhadiTM @THEHermanCain @1776Stonewall @TomFitton @AmbJohnBolton @DHSgov @so\xe2\x80\xa6'
2018-03-29 01:11:20,b'RT @FamilyTravel411: Need to Know: Flying Southwest with a baby or toddler - https://t.co/ZoY81hSArL via @travelswithbaby #flying #airtrave\xe2\x80\xa6'
2018-03-29 01:10:49,b'RT @FamilyTravel411: Need to Know: Flying Southwest with a baby or toddler - https://t.co/ZoY81hSArL via @travelswithbaby #flying #airtrave\xe2\x80\xa6'
2018-03-29 01:00:53,"b'#SouthwestAirlines is hiring a Customer #Service #Agent - Part-time in #Carolina, apply now! #job\xe2\x80\xa6 https://t.co/3e9rcJbPHK'"
2018-03-29 00:51:11,"b'#SouthwestAirlines is looking for a Corporate #Services Planning &amp; Operations - #Business Consultant, apply now! (\xe2\x80\xa6 https://t.co/uQUxp0YhtZ'"
2018-03-29 00:50:17,"b'#SouthwestAirlines is hiring a #Pilot - #First Officer in #Dallas, apply now! #job https://t.co/Tjde1MW9HC https://t.co/tAE2KgmVMx'"
2018-03-29 00:42:10,b'RT @julianvaughn: Thank you #SouthwestAirlines for screwing me today with my luggage! I go on stage in 20 mins at the famous House Of Blues\xe2\x80\xa6'
2018-03-29 00:31:44,b'Check out this #job: Provisioning #Agent #PartTime at #SouthwestAirlines (#SanJose) https://t.co/WgpJsyp2OM https://t.co/VzS9feo8Rv'
2018-03-29 00:11:51,b'RT @FamilyTravel411: Need to Know: Flying Southwest with a baby or toddler - https://t.co/ZoY81hSArL via @travelswithbaby #flying #airtrave\xe2\x80\xa6'
2018-03-29 00:11:45,"b'#SouthwestAirlines is looking for a SCM COE #Business #Consultant in #Dallas, apply now! #job\xe2\x80\xa6 https://t.co/43uRHMP4Bc'"
2018-03-29 00:09:28,b'A couple weeks ago @SouthwestAir responded to one of my random tweets and said they had a surprise to send me. It a\xe2\x80\xa6 https://t.co/Vv2APU64k9'
2018-03-29 00:05:58,b'RT @FamilyTravel411: Need to Know: Flying Southwest with a baby or toddler - https://t.co/ZoY81hSArL via @travelswithbaby #flying #airtrave\xe2\x80\xa6'
2018-03-29 00:02:07,b'RT @FamilyTravel411: Need to Know: Flying Southwest with a baby or toddler - https://t.co/ZoY81hSArL via @travelswithbaby #flying #airtrave\xe2\x80\xa6'
2018-03-29 00:00:50,b'RT @FamilyTravel411: Need to Know: Flying Southwest with a baby or toddler - https://t.co/ZoY81hSArL via @travelswithbaby #flying #airtrave\xe2\x80\xa6'
2018-03-29 00:00:05,b'Need to Know: Flying Southwest with a baby or toddler - https://t.co/ZoY81hSArL via @travelswithbaby #flying\xe2\x80\xa6 https://t.co/xahqDezuEf'
2018-03-28 23:25:38,"b'#SouthwestAirlines is looking for a Corporate #Services Planning &amp; Operations - #Business Consultant, apply now! (\xe2\x80\xa6 https://t.co/yU3kkBmdKQ'"
2018-03-28 23:03:56,b'RT @julianvaughn: Thank you #SouthwestAirlines for screwing me today with my luggage! I go on stage in 20 mins at the famous House Of Blues\xe2\x80\xa6'
2018-03-28 22:59:43,b'Supvervisor #Aircraft #Maintenance needed in #Atlanta at #SouthwestAirlines. Apply now! #job https://t.co/J8NbdHfXuq https://t.co/d5ST7FFTZb'
2018-03-28 22:56:46,b'Apply now to work for #SouthwestAirlines as #Pilot - #First Officer! (#Dallas) #job https://t.co/06y0gkdpdm https://t.co/jU4E4hmAQE'
2018-03-28 22:33:16,b'Sooooo this trip to Pittsburgh just keeps getting crazier and crazier. #Pittsburgh #SouthwestAirlines\xe2\x80\xa6 https://t.co/H5o56B7Jx6'
2018-03-28 22:31:25,"b'#SouthwestAirlines is hiring! Ramp #Agent in #Houston, apply now! #job https://t.co/VJFp1ng0UZ https://t.co/7jB1Y5L2Cu'"
2018-03-28 22:27:57,b'Apply now to work for #SouthwestAirlines as Ramp #Agent in #SanJose! #job https://t.co/i6sPTZV5zK https://t.co/ceZ12JefDZ'
2018-03-28 22:26:27,b'Sr #System #Engineer (#job) wanted in #Dallas. #SouthwestAirlines https://t.co/ysieZ0CSKg https://t.co/8OGiwodN4x'
2018-03-28 22:02:02,"b'#SouthwestAirlines is looking for a Ramp #Agent #PartTime in #Oakland, apply now! #job https://t.co/JU8K4XjDHJ https://t.co/f1bE8NFHnS'"
2018-03-28 21:53:51,"b'Thank you, @SouthwestAir for making my day so much brighter! Can\xe2\x80\x99t wait to plan another getaway! #SouthwestAirlines\xe2\x80\xa6 https://t.co/lLKz4E8n7g'"
2018-03-28 21:44:26,b'Check out this #job: Customer #Service #Agent - Part-time at #SouthwestAirlines in #Carolina https://t.co/jVGh1lKTii https://t.co/Xs52drifWV'
2018-03-28 21:43:32,"b'#SouthwestAirlines is hiring a Sr #System #Engineer in #Dallas, apply now! #job https://t.co/r3uOxWzLlf https://t.co/gt6D7fQaXz'"
2018-03-28 21:17:31,b'#Recruiter (#job) wanted in #Dallas. #SouthwestAirlines https://t.co/HwUL2uR2VQ https://t.co/TRSnCo5NGE'
2018-03-28 21:15:04,b'Ramp #Agent (#job) wanted in #SanJose. #SouthwestAirlines https://t.co/KSp3Ct9sHe https://t.co/a5Sgx51smN'
2018-03-28 21:02:08,b'Check out this #job: #Pilot - #First Officer at #SouthwestAirlines (#Dallas) https://t.co/bkpp0icBsx https://t.co/4MRc1LWp5R'
2018-03-28 21:02:06,b'Meteorology #Intern - Fall 2018 (#job) wanted in #Dallas. #SouthwestAirlines https://t.co/jqQ1QTnv0n https://t.co/2oA4XJzuGB'
2018-03-28 20:42:23,"b'#SouthwestAirlines is hiring! Ramp #Agent in #Denver, apply now! #job https://t.co/OOZLhdzP9f https://t.co/WNnTMICxJ2'"
2018-03-28 20:04:39,"b'#SouthwestAirlines is hiring a Customer #Service #Agent - Part-time, apply now! (#Carolina) #job\xe2\x80\xa6 https://t.co/xRCIk6OKRU'"
2018-03-28 20:02:22,"b'#SouthwestAirlines is hiring an #Associate Fuel #Category Manager in #Dallas, apply now! #job\xe2\x80\xa6 https://t.co/GFhMIexPed'"
2018-03-28 19:58:52,b'Ramp #Agent needed in #Nashville at #SouthwestAirlines. Apply now! #job https://t.co/CrzEKJBvFk https://t.co/M6VBTZZPB0'
2018-03-28 19:58:09,"b'#SouthwestAirlines is looking for a Privacy and #Transaction #Attorney in #Dallas, apply now! #job\xe2\x80\xa6 https://t.co/sztQvBQhCi'"
2018-03-28 19:56:05,b'Are you a Ramp #Agent in #SanJose? #SouthwestAirlines is waiting for you! #job https://t.co/MaEJsmGXjZ https://t.co/NJAAsP9bHY'
2018-03-28 19:34:54,b'New #job opening at #SouthwestAirlines in #SanJose! Provisioning #Agent #PartTime https://t.co/zOsHrxOq3G https://t.co/Pp84wlCdUi'
2018-03-28 19:30:59,b'Check out this #job: Ramp #Agent at #SouthwestAirlines (#SanJose) https://t.co/GDxq2SEah5 https://t.co/31VTk9X0I9'
2018-03-28 19:20:52,b'Apply now to work for #SouthwestAirlines as Corporate #Services Planning &amp; Operations - #Business Consultant! (\xe2\x80\xa6 https://t.co/U0gT1f3mv4'
2018-03-28 18:51:55,b'Apply now to work for #SouthwestAirlines as #Associate Fuel #Category Manager! (#Dallas) #job\xe2\x80\xa6 https://t.co/7lbPeqyFlj'
2018-03-28 18:28:39,b'RT @cmflynn23: @SouthwestAir Yes you made the exception with a $200 \xe2\x80\x9cadmin\xe2\x80\x9d fee so thanks for my $$32 in travel funds you\xe2\x80\x99re giving back. W\xe2\x80\xa6'
2018-03-28 18:16:30,"b'#SouthwestAirlines is looking for a Supvervisor #Aircraft #Maintenance in #Atlanta, apply now! #job\xe2\x80\xa6 https://t.co/AYmGa7Fw9R'"
2018-03-28 18:01:37,"b'#SouthwestAirlines is hiring a Customer #Service #Agent in #Omaha, apply now! #job https://t.co/nCKfHnD6Kv https://t.co/yR4zCOuh1B'"
2018-03-28 17:54:58,"b'Ramp #Agent Supvr needed in #Newark, apply now at #SouthwestAirlines! #job https://t.co/Mk2DdlYmba https://t.co/5W5s00dg9X'"
2018-03-28 17:45:52,b'@SouthwestAir Yes you made the exception with a $200 \xe2\x80\x9cadmin\xe2\x80\x9d fee so thanks for my $$32 in travel funds you\xe2\x80\x99re givin\xe2\x80\xa6 https://t.co/iB7AOUN2OJ'
2018-03-28 17:36:09,"b'#SouthwestAirlines is hiring a Supvervisor #Aircraft #Maintenance in #Atlanta, apply now! #job\xe2\x80\xa6 https://t.co/v7vJJ1CzVo'"
2018-03-28 17:28:03,b'New #job opening at #SouthwestAirlines in #Dallas! Privacy and #Transaction #Attorney https://t.co/iJjTWUkMzL https://t.co/UE71w3U81Q'
2018-03-28 17:09:22,b'Check out this #job: Ramp #Agent at #SouthwestAirlines in #Nashville https://t.co/TeCmWiYyyo https://t.co/GhWkMgxNav'
2018-03-28 17:08:58,b'Ramp #Agent #PartTime needed in #Oakland at #SouthwestAirlines. Apply now! #job https://t.co/YGTLAe6ef0 https://t.co/lHCLXsgEk5'
2018-03-28 16:58:57,b'Check out this #job: Sr #System #Engineer at #SouthwestAirlines in #Dallas https://t.co/9IVsfV0jsC https://t.co/Obs1Uyt3Vd'
2018-03-28 16:55:26,b'Ramp #Agent needed in #Houston at #SouthwestAirlines. Apply now! #job https://t.co/nkFuAbZYps https://t.co/Hp0xnrgQDU'
2018-03-28 16:34:41,b'Apply now to work for #SouthwestAirlines as Customer #Service #Agent - Part-time in #Carolina! #job\xe2\x80\xa6 https://t.co/3ad8StLwoP'
2018-03-28 16:34:38,b'Apply now to work for #SouthwestAirlines as Ramp #Agent in #Denver! #job https://t.co/KdhWUfqibt https://t.co/riApkfjR5m'
2018-03-28 16:26:24,b'Check out this #job: Meteorology #Intern - Fall 2018 at #SouthwestAirlines in #Dallas https://t.co/ZqEkBP6nzH https://t.co/mkRYNLwljX'
2018-03-28 16:14:27,"b'#SouthwestAirlines is hiring! #Associate Fuel #Category Manager in #Dallas, apply now! #job https://t.co/aw2EsBiH08 https://t.co/XoNVMbgLhi'"
2018-03-28 16:03:30,b'Check out this #job: #Pilot - #First Officer at #SouthwestAirlines (#Dallas) https://t.co/jX6ImonVSE https://t.co/OKARm5Pjoc'
2018-03-28 15:58:24,b'Sr #Software Engineer (iOS #Tech Lead) (#job) wanted in #Dallas. #SouthwestAirlines https://t.co/0LAGYLLcMA https://t.co/iA68GNjfpG'
2018-03-28 15:50:55,"b'#SouthwestAirlines is hiring a Senior Email #Developer in #Dallas, apply now! #job https://t.co/oZklMxTYDD https://t.co/cweTuflt55'"
2018-03-28 15:18:51,"b'#SouthwestAirlines is hiring! SCM COE #Business #Consultant in #Dallas, apply now! #job https://t.co/yTXKyyxPWs https://t.co/fHUbKFbcvh'"
2018-03-28 15:15:14,b'RT @Meeeshell314: Thank you @SouthwestAir for being understanding of a family emergency unlike @Allegiant . I am supposed to fly back to FL\xe2\x80\xa6'
2018-03-28 14:39:48,b'Homeward bound \xf0\x9f\x8c\xb4\xe2\x98\x94\xef\xb8\x8f #solongdisney #orlando2018  #southwestairlines #morningflight #selflove @\xe2\x80\xa6 https://t.co/ODoUwPE3wp'
2018-03-28 14:34:38,b'Ramp #Agent (#job) wanted in #Nashville. #SouthwestAirlines https://t.co/pYn2SXWI6T https://t.co/lJp8Z11q5p'
2018-03-28 14:32:29,"b'#SouthwestAirlines is looking for a Ramp #Agent in #Nashville, apply now! #job https://t.co/oqIP43rRK7 https://t.co/f36Z40XcGI'"
2018-03-28 14:31:34,b'Check out this #job: #Contracts Transactional #Attorney at #SouthwestAirlines in #Dallas https://t.co/6vicZ0bbR8 https://t.co/rh3j9jjTAQ'
2018-03-28 14:27:30,b'I need @SouthwestAir and @AmericanAir  to release some good deal flights from Chicago to New Orleans for July becau\xe2\x80\xa6 https://t.co/pKCZ4HDg3F'
2018-03-28 13:25:28,"b'Have you seen Pence lately? He constantly has that uncomfortable look on his face, like a voiceover from a Southwes\xe2\x80\xa6 https://t.co/lAyuPucgqA'"
2018-03-28 13:24:24,"b'@LOLGOP Have you seen Pence lately? He constantly has that uncomfortable look on his face, like a voiceover from a\xe2\x80\xa6 https://t.co/aVc5W4aJW0'"
2018-03-28 12:30:41,"b""Southwest Airlines' brilliant reaction to a passenger's Wi-Fi issues demonstrates equally brilliant customer servic\xe2\x80\xa6 https://t.co/dfEf3ThRaw"""
2018-03-28 07:28:40,b'#SouthwestAirlines &gt; any other airline'
2018-03-28 07:26:48,b'Where to next? #travel #travelblogger #southwestairlines #myfavoriteairline https://t.co/uicFh2Otas'
2018-03-28 07:03:09,b'Flight delayed but when hotel shuttle and @uber fail @SouthwestAir employee shuttle goes out of way to offer help. #luv #SouthwestAirlines'
2018-03-28 06:19:31,b'#SouthwestAirlines should have banned this \n#RacistAsshole for Life for defaming one\nof their #Workers....  as a\xe2\x80\xa6 https://t.co/kjG9z3LZlQ'
2018-03-28 03:40:28,"b'Student goals invest 100 in Southwest Airlines, after ten years use the dividends to buy a mansion and let their te\xe2\x80\xa6 https://t.co/C8t06CZafy'"
2018-03-28 03:14:02,"b'RT @bevbrent1: #SouthwestAirlines is hiring a Strategic #Sourcing Manager - #Technology, apply now! (#Dallas) #job https://t.co/NBN3y9YZ5p\xe2\x80\xa6'"
2018-03-28 03:13:18,"b'#SouthwestAirlines is hiring a Strategic #Sourcing Manager - #Technology, apply now! (#Dallas) #job\xe2\x80\xa6 https://t.co/byPf6iSxt9'"
2018-03-28 02:39:43,b'Thank you @SouthwestAir for being understanding of a family emergency unlike @Allegiant . I am supposed to fly back\xe2\x80\xa6 https://t.co/K3gBwwRXb0'
2018-03-28 01:48:17,b'New #job opening at #SouthwestAirlines in #Dallas! SCM COE #Business #Consultant https://t.co/wNXGREkhOO https://t.co/s0sN0scKpN'
2018-03-28 01:22:12,b'#SouthwestAirlines what happened on March 15th  with flight 107 from Las Vegas to Seattle 10:45 am . I am aware tha\xe2\x80\xa6 https://t.co/f45EDw9Cuq'
2018-03-28 01:12:48,"b'SCM COE #Business #Consultant needed in #Dallas, apply now at #SouthwestAirlines! #job https://t.co/etnCjDLc6C https://t.co/LBOCPzmQ6T'"
2018-03-28 00:55:06,b'#WrongfulDeath lawsuit filed against #SouthwestAirlines https://t.co/PwpODfVLAS #airplaneinjuries'
2018-03-28 00:55:04,b'Apply now to work for #SouthwestAirlines as BC B2B Chnl #Integration &amp; #Optimization in #Dallas! #job\xe2\x80\xa6 https://t.co/y7rzIzlXVM'
2018-03-28 00:50:57,"b'#SouthwestAirlines is looking for a Sr #Project #Manager in #Dallas, apply now! #job https://t.co/lCs8rCu9gB https://t.co/5asz5gnEex'"
2018-03-28 00:50:46,"b'RT @debra1115: #SouthwestAirlines is hiring! Senior Email #Developer in #Dallas, apply now! #job https://t.co/UT8R74Sp5p https://t.co/atf8q\xe2\x80\xa6'"
2018-03-28 00:50:14,"b'#SouthwestAirlines is hiring! Senior Email #Developer in #Dallas, apply now! #job https://t.co/UT8R74Sp5p https://t.co/atf8qpPvGs'"
2018-03-28 00:50:12,"b'#SouthwestAirlines is looking for a Corporate #Services Planning &amp; Operations - #Business Consultant, apply now! (\xe2\x80\xa6 https://t.co/xwhc6lxv5I'"
2018-03-28 00:30:28,"b'#SouthwestAirlines is hiring a Corporate #Services Planning &amp; Operations - #Business Consultant, apply now! (\xe2\x80\xa6 https://t.co/icmuo33aPL'"
2018-03-28 00:17:07,b'#SouthwestAirlines can you explain why flight 1929 is consistently delayed? I never would have booked for today had\xe2\x80\xa6 https://t.co/gyydDfqDFT'
2018-03-28 00:10:28,"b'#SouthwestAirlines is looking for an #Associate Fuel #Category Manager in #Dallas, apply now! #job\xe2\x80\xa6 https://t.co/MfbD68dpiI'"
2018-03-28 00:03:11,"b'RT @mashley74: Cybersecurity - Associate #System #Engineer needed in #Dallas, apply now at #SouthwestAirlines! #job https://t.co/6r9UwLW6EX\xe2\x80\xa6'"
2018-03-27 23:46:12,b'Birdseye view on the way to Las Vegas.  #southwestairlines #flight #vegastrip @ Hollywood\xe2\x80\xa6 https://t.co/n1nCOyyUwR'
2018-03-27 23:43:32,b'We Luuuuuuuuvvvvvv #SouthwestAirlines!!! https://t.co/NSg3HsZpTG'
2018-03-27 23:20:50,b'Thank you @SouthwestAir for making this very nervous first time fliers trip a great one!!! I will definitally be fl\xe2\x80\xa6 https://t.co/6V1QD05dOe'
2018-03-27 23:20:42,"b'RT @yrkddng: #SouthwestAirlines is looking for an #Associate Fuel #Category Manager in #Dallas, apply now! #job https://t.co/e0lEPIOFsy htt\xe2\x80\xa6'"
2018-03-27 23:19:31,"b'#SouthwestAirlines is looking for an #Associate Fuel #Category Manager in #Dallas, apply now! #job\xe2\x80\xa6 https://t.co/3F6aJflUgO'"
2018-03-27 23:07:09,b'Apply now to work for #SouthwestAirlines as Sr #System #Engineer! (#Dallas) #job https://t.co/GlSUknW4b1 https://t.co/NSTrkxYwel'
2018-03-27 22:36:27,"b'#SouthwestAirlines is hiring! #Operations #Agent in #SanFrancisco, apply now! #job https://t.co/aCsnmNhmAV https://t.co/2hFkKP5xKq'"
2018-03-27 22:27:35,"b'#SouthwestAirlines is looking for a #Supply Chain #Attorney in #Dallas, apply now! #job https://t.co/2Jqt3zRAbY https://t.co/Dbi8n7Wv6k'"
2018-03-27 22:26:25,b'RT @skygoflycom: Southwest 737 loving California... #southwestairlines #737\nhttps://t.co/t98O9YRWJ6 https://t.co/UTbep1H99w'
2018-03-27 22:23:26,"b'#SouthwestAirlines is looking for a BC B2B Chnl #Integration &amp; #Optimization in #Dallas, apply now! #job\xe2\x80\xa6 https://t.co/oTfsqttGpc'"
2018-03-27 22:07:19,b'Loving this Southwest Airlines New Disco plane! Lighting is changing with the music they are blasting while boardin\xe2\x80\xa6 https://t.co/kmzwjeSPnk'
2018-03-27 21:46:31,"b'#SouthwestAirlines is hiring! Sr #Project #Manager in #Dallas, apply now! #job https://t.co/XXJFBScguw https://t.co/w9TOoo9dyT'"
2018-03-27 21:27:02,b'Apply now to work for #SouthwestAirlines as Customer #Service #Agent - Part-time! (#Carolina) #job\xe2\x80\xa6 https://t.co/csYyuUXG9J'
2018-03-27 21:07:50,b'@SouthwestAir your recent racist ejecting of a father calming his 5 year old down before a flight is absolutely dis\xe2\x80\xa6 https://t.co/NQP3mbRbWK'
2018-03-27 20:51:28,"b'#SouthwestAirlines is looking for a Provisioning #Agent #PartTime, apply now! (#SanJose) #job\xe2\x80\xa6 https://t.co/rA9fKpdwWL'"
2018-03-27 20:51:26,"b'#SouthwestAirlines is hiring! Ramp #Agent in #Denver, apply now! #job https://t.co/4M3W8YaZpb https://t.co/RrUmeUyjyk'"
2018-03-27 20:50:09,"b'#SouthwestAirlines is looking for a Customer #Service #Agent, apply now! (#Omaha) #job https://t.co/PzqXBxrPAh https://t.co/7y7vh9AsVd'"
2018-03-27 20:24:33,b'Check out this #job: Sr #Software Engineer (iOS #Tech Lead) at #SouthwestAirlines (#Dallas) https://t.co/R0wAZwjMWB https://t.co/O1PJk57aSF'
2018-03-27 19:56:43,b'Check out this #job: #Pilot - #First Officer at #SouthwestAirlines in #Dallas https://t.co/drsR0eWwAu https://t.co/3njrCrHvGy'
2018-03-27 19:56:08,"b'#SouthwestAirlines is looking for a BC B2B Chnl #Integration &amp; #Optimization in #Dallas, apply now! #job\xe2\x80\xa6 https://t.co/JPyQI1PGE7'"
2018-03-27 19:56:00,"b'#SouthwestAirlines is looking for a #Supply Chain #Attorney, apply now! (#Dallas) #job https://t.co/NUr8fikc6d https://t.co/10WNnlxpnu'"
2018-03-27 19:55:36,"b'#SouthwestAirlines is hiring! Customer #Service #Agent Part-Time in #Oakland, apply now! #job\xe2\x80\xa6 https://t.co/UrCilnT4AS'"
2018-03-27 19:45:57,b'Check out this #job: Meteorology #Intern - Fall 2018 at #SouthwestAirlines (#Dallas) https://t.co/rM2TLhf2ON https://t.co/uZR0ddIu2u'
2018-03-27 19:35:16,b'MY FLIGHT ATTENDANT\xe2\x80\x99S NAME IS FELICIA NO WAY #SouthwestAirlines #BagsFlyFreeFelicia'
2018-03-27 19:25:31,b'Strategic #Sourcing #Analyst needed in #Dallas at #SouthwestAirlines. Apply now! #job https://t.co/Jqhu4ULDVT https://t.co/dL66I7F3xz'
2018-03-27 18:57:08,b'Check out this #job: #Supply Chain #Attorney at #SouthwestAirlines in #Dallas https://t.co/QA3vZ7wHeC https://t.co/91DrnNMcMU'
2018-03-27 18:47:32,b'New #job opening at #SouthwestAirlines in #Dallas! Senior Email #Developer https://t.co/nMrXhmFYGX https://t.co/1QBd09KUv0'
2018-03-27 18:45:20,b'Southwest 737 loving California... #southwestairlines #737\nhttps://t.co/t98O9YRWJ6 https://t.co/UTbep1H99w'
2018-03-27 18:40:22,b'Oh weird. It happened again. Hope I make my connection. @united #united #unitedairlines #airlines #airtravel\xe2\x80\xa6 https://t.co/MmUeIZ5Vxt'
2018-03-27 18:29:53,"b'No joke, nearly every time I fly @united something happens and we get delayed. Never with @SouthwestAir or\xe2\x80\xa6 https://t.co/mpZdbjGecU'"
2018-03-27 18:27:55,"b'#SouthwestAirlines is hiring! Ramp #Agent #PartTime in #Oakland, apply now! #job https://t.co/aLCIEoLN6f https://t.co/l3f6ONKzWi'"
2018-03-27 18:16:55,"b'Provisioning #Agent #PartTime needed in #SanJose, apply now at #SouthwestAirlines! #job https://t.co/FB7S1gculk https://t.co/uhZUoc7RPs'"
2018-03-27 18:12:28,"b'#SouthwestAirlines is hiring a Strategic #Sourcing #Analyst, apply now! (#Dallas) #job https://t.co/AjwPErM3k2 https://t.co/VX3zfwYBRs'"
2018-03-27 18:05:58,"b'#Supply Chain #Attorney needed in #Dallas, apply now at #SouthwestAirlines! #job https://t.co/mkWjRC1ylu https://t.co/86MQAWBOsT'"
2018-03-27 17:37:32,"b'#SouthwestAirlines is looking for a Customer #Service #Agent, apply now! (#Omaha) #job https://t.co/7QXSgzsD7I https://t.co/P3U1Wp9tlU'"
2018-03-27 17:29:54,b'Apply now to work for #SouthwestAirlines as Strategic #Sourcing #Analyst! (#Dallas) #job https://t.co/QuXSNONUm5 https://t.co/xaRkLlGJEq'
2018-03-27 17:17:34,b'Somewhere south of Denver Colorado.  #SouthwestAirlines https://t.co/4NOLYFosVX'
2018-03-27 16:57:34,"b'#SouthwestAirlines is looking for a #Pilot - #First Officer, apply now! (#Dallas) #job https://t.co/9d9fdYcup7 https://t.co/aIbXE5axHf'"
2018-03-27 16:48:02,b'New #job opening at #SouthwestAirlines in #Oakland! Customer #Service #Agent Part-Time https://t.co/Bft6GPhIAo https://t.co/16FGBvjyKo'
2018-03-27 16:30:33,"b'#SouthwestAirlines is hiring a Sr #Project #Manager, apply now! (#Dallas) #job https://t.co/ZsjE8xHVZ8 https://t.co/1LhbKvAHW1'"
2018-03-27 16:26:07,b'Ramp #Agent (#job) wanted in #Denver. #SouthwestAirlines https://t.co/1VXmupFSWA https://t.co/4aP2Nvhv80'
2018-03-27 16:18:33,b'Check out this #job: Ramp #Agent at #SouthwestAirlines in #Dallas https://t.co/dnDJDIb38O https://t.co/Uu4xs8Vecf'
2018-03-27 16:15:28,"b'#SouthwestAirlines is hiring! Ramp #Agent in #Denver, apply now! #job https://t.co/hMu7GfpLNI https://t.co/V2w5jYWn1k'"
2018-03-27 16:12:36,b'Got to ride in one of @SouthwestAir new planes that will be used for their new Hawaii flights. Nice!!! The adjustab\xe2\x80\xa6 https://t.co/xU2b1XMu3G'
2018-03-27 16:04:18,"b'The Mississippi Delta is shining like a National guitar. Farewell, New Orleans. It was lovely seeing you. \n#nola\xe2\x80\xa6 https://t.co/58PDJm1kAt'"
2018-03-27 16:03:55,b'BC B2B Chnl #Integration &amp; #Optimization needed in #Dallas at #SouthwestAirlines. Apply now! #job\xe2\x80\xa6 https://t.co/HbR5o20R5L'
2018-03-27 15:55:29,"b'Industry Connecting with Education: Jesse Wilcox, Senior Technology Manager at Southwest Airlines, skyped with Info\xe2\x80\xa6 https://t.co/AckC3Yr1Fh'"
2018-03-27 14:56:08,"b""All our bags are packed and we're\nready to go. . \n#ScenebyNorm #SouthwestAirlines \n#ftlauderdale\xe2\x80\xa6 https://t.co/YrDWj8ZQIo"""
2018-03-27 14:46:33,b'Are you a Ramp #Agent in #Houston? #SouthwestAirlines is waiting for you! #job https://t.co/jnt8yGF9Ht https://t.co/9lqaxCJaAM'
2018-03-27 14:36:04,"b'BC B2B Chnl #Integration &amp; #Optimization needed in #Dallas, apply now at #SouthwestAirlines! #job\xe2\x80\xa6 https://t.co/zbQm5NQ33N'"
2018-03-27 09:49:05,b'RT @ANightOwlBlog: Shoutout to Shannon and Shane on @SouthwestAir Flight 5302 to Phoenix last night for making our flight the Best. Flight.\xe2\x80\xa6'
2018-03-27 07:26:26,b'@SouthwestAir #flight4819 from #LAX delayed by 4 hours -  we were told no one knows what\xe2\x80\x99s happening. Any explanati\xe2\x80\xa6 https://t.co/CuvUhTp3hW'
2018-03-27 05:17:21,"b'RT @LawlessPianoMan: SCM COE #Business #Consultant needed in #Dallas, apply now at #SouthwestAirlines! #job https://t.co/gSYsAIeZNE https:/\xe2\x80\xa6'"
2018-03-27 03:05:54,"b'#SouthwestAirlines is looking for a Sr #Software Engineer (iOS #Tech Lead) in #Dallas, apply now! #job\xe2\x80\xa6 https://t.co/K8DhoHeMXH'"
2018-03-27 03:02:03,b'Wonder if the white hair guy plugging 4 #SouthWestAirlines at @USCPrice #Decision2018 owns #SW stock. Just saying.\xe2\x80\xa6 https://t.co/pBRh1SmrW3'
2018-03-27 02:55:35,"b'#SouthwestAirlines is hiring a Sr #Project #Manager in #Dallas, apply now! #job https://t.co/jWyTrU2jtr https://t.co/rHPkfHtU8H'"
2018-03-27 01:16:03,"b'#SouthwestAirlines is looking for a SWA University - Learning Strategy &amp; Analysis (#Analyst) #Intern - Fall 2018, a\xe2\x80\xa6 https://t.co/MS7xHSbdfv'"
2018-03-27 01:10:28,"b'#SouthwestAirlines is hiring a #Contracts Transactional #Attorney, apply now! (#Dallas) #job https://t.co/TaEVmPXaJV https://t.co/nRjGl7eWJq'"
2018-03-27 01:06:23,"b'#SouthwestAirlines is hiring a BC B2B Chnl #Integration &amp; #Optimization in #Dallas, apply now! #job\xe2\x80\xa6 https://t.co/2ByZU0JFZw'"
2018-03-27 00:50:22,b'New #job opening at #SouthwestAirlines in #Albany! Ramp #Agent - #PartTime https://t.co/1GS9BDJdoI https://t.co/9kgYVWfhap'
2018-03-27 00:44:53,"b'#SouthwestAirlines is hiring! Ramp #Agent in #SanJose, apply now! #job https://t.co/enCLLQeOE2 https://t.co/5NnEZRdfxg'"
2018-03-27 00:37:52,b'Apply now to work for #SouthwestAirlines as Ramp #Agent in #Denver! #job https://t.co/I4xoDzg7H0 https://t.co/Hz6bpNhPVw'
2018-03-27 00:26:30,b'Check out this #job: Customer #Service #Agent Part-Time at #SouthwestAirlines (#Oakland) https://t.co/sCJeyuIo38 https://t.co/do4bJVcamq'
2018-03-27 00:08:57,"b'#SouthwestAirlines is looking for a Ramp #Agent in #SanJose, apply now! #job https://t.co/EtKCDJTAPm https://t.co/1eaMw52VbF'"
2018-03-27 00:05:21,b'@SouthwestAir  The only way to fly... Late! I\xe2\x80\x99m one trip 4 delays! You ok?\n#SouthwestAirlines #travel #delayed\xe2\x80\xa6 https://t.co/VeHMafEa7k'
2018-03-27 00:03:22,b'Apply now to work for #SouthwestAirlines as #Operations #Agent in #SanFrancisco! #job https://t.co/RyvCTkB4ad https://t.co/DTeOE3R9x7'
2018-03-26 23:58:34,b'The fight home #southwestairlines https://t.co/gYly1cv7b9'
2018-03-26 23:44:30,"b'RT @AeroimagesChris: The 10,000th #737 awaits its B1 Flight later today. Scheduled as BOE17 \n\n#737MAX #10000th737 #southwestairlines https:\xe2\x80\xa6'"
2018-03-26 23:25:27,b'Are you a #Pilot - #First Officer in #Dallas? #SouthwestAirlines is waiting for you! #job https://t.co/GCNATiz65j https://t.co/PgbbDGX9jM'
2018-03-26 23:22:45,b'RT @Recruiter_Hope: Apply now to work for #SouthwestAirlines as Sr #Software Engineer (iOS #Tech Lead)! (#Dallas) #job https://t.co/ovLO43e\xe2\x80\xa6'
2018-03-26 23:21:56,b'Apply now to work for #SouthwestAirlines as Sr #Software Engineer (iOS #Tech Lead)! (#Dallas) #job\xe2\x80\xa6 https://t.co/SgNpbmQGAg'
2018-03-26 23:21:27,b'Apply now to work for #SouthwestAirlines as Sr #Analyst! (#Dallas) #job https://t.co/910JbQdlKS https://t.co/6hiqxQKtWL'
2018-03-26 23:20:56,b'Check out this #job: High School #Internship (Dallas) - #Summer 2018 at #SouthwestAirlines in #Dallas\xe2\x80\xa6 https://t.co/9unTNNv1Jd'
2018-03-26 23:11:57,"b'#SouthwestAirlines is looking for a Sr #Software Engineer (iOS #Tech Lead) in #Dallas, apply now! #job\xe2\x80\xa6 https://t.co/9bVHbU9Jft'"
2018-03-26 23:09:26,b'Check out this #job: Solutions #ArchitectCrew Solutions at #SouthwestAirlines in #Dallas https://t.co/wZuCly6dvp https://t.co/XPhtd21viE'
2018-03-26 22:57:26,b'Sr #Software Engineer (iOS #Tech Lead) needed in #Dallas at #SouthwestAirlines. Apply now! #job\xe2\x80\xa6 https://t.co/DirzSEBXz2'
2018-03-26 22:53:23,"b'SCM COE #Business #Consultant needed in #Dallas, apply now at #SouthwestAirlines! #job https://t.co/gSYsAIeZNE https://t.co/3WRNCs8ogD'"
2018-03-26 22:51:27,b'Are you a SWA University - Learning Strategy &amp; Analysis (#Analyst) #Intern - Fall 2018 in #Dallas?\xe2\x80\xa6 https://t.co/XH3icJJEr3'
2018-03-26 22:42:23,"b'@united stuck on flight UA1858 for over 2 hours on the tarmac. Poor communication, no beverage offer, told to remai\xe2\x80\xa6 https://t.co/NwyRhx71ZF'"
2018-03-26 22:24:17,"b""I was a little bummed that in addition 2 flight delays on #StPatricksDay, #SouthwestAirlines wasn't able to give us\xe2\x80\xa6 https://t.co/xYpSXIW0ZO"""
2018-03-26 22:24:10,b'Check out this #job: Ramp #Agent #PartTime at #SouthwestAirlines (#Oakland) https://t.co/IvFoQHazpA https://t.co/Lm2NruSSh0'
2018-03-26 21:44:54,"b'#SouthwestAirlines is hiring! #Associate Fuel #Category Manager in #Dallas, apply now! #job https://t.co/9jBzWvxD5G https://t.co/A8pwtcfPVz'"
2018-03-26 21:44:23,"b'#SouthwestAirlines is hiring a Sr #Project #Manager in #Dallas, apply now! #job https://t.co/1IutamgytT https://t.co/UdPMbNlNb3'"
2018-03-26 21:33:01,"b'\xe2\x80\x9cAt Southwest, we stand for embracing civility and living by the Golden Rule, and we ask our customers to do the sa\xe2\x80\xa6 https://t.co/wUM3xs7TXW'"
2018-03-26 21:12:36,b'@JohnGuandolo rocks! @SouthwestAir #SouthwestAirlines Please keep the jihadist off your staff and the planes. Ameri\xe2\x80\xa6 https://t.co/EizkHYDjUF'
2018-03-26 20:45:28,b'Solutions #ArchitectCrew Solutions (#job) wanted in #Dallas. #SouthwestAirlines https://t.co/FsHhGLu8kz https://t.co/h8NezdqBnN'
2018-03-26 20:44:26,b'Are you a Ramp #Agent in #Denver? #SouthwestAirlines is waiting for you! #job https://t.co/NzjavImKgI https://t.co/5uhsFsT2HD'
2018-03-26 20:44:23,b'Check out this #job: Ramp #Agent #PartTime at #SouthwestAirlines in #Oakland https://t.co/wSyFYjqqB8 https://t.co/HUvqQ9F897'
2018-03-26 20:36:03,"b'#SouthwestAirlines is hiring a Ramp #Agent, apply now! (#Dallas) #job https://t.co/tfxj5y1S0c https://t.co/Ymun3m6Ffl'"
2018-03-26 20:32:42,b'Check out my special birthday song from @SouthwestAir #RapidRewards and @judahandthelion https://t.co/LpjeoJyRDi\xe2\x80\xa6 https://t.co/7obl6ZhfSj'
2018-03-26 20:01:26,"b'#SouthwestAirlines is looking for a Sr #AnalystEnterprise #Management and Technical Operations in #Dallas, apply no\xe2\x80\xa6 https://t.co/9fvc63q6wZ'"
2018-03-26 20:00:23,b'Provisioning #Agent #PartTime needed in #SanJose at #SouthwestAirlines. Apply now! #job https://t.co/cq4uVYXW4K https://t.co/VLbObqoeHv'
2018-03-26 19:39:53,b'#Contracts Transactional #Attorney needed in #Dallas at #SouthwestAirlines. Apply now! #job https://t.co/6oc0y21FGN https://t.co/5skNEsPhnC'
2018-03-26 19:22:23,b'Apply now to work for #SouthwestAirlines as Sr #Software Engineer (iOS #Tech Lead) in #Dallas! #job\xe2\x80\xa6 https://t.co/u3AXMjvJ5k'
2018-03-26 19:08:42,"b""I use to love flying but now it's just getting ridiculous I hate with a passion #SouthWestAirlines so unprofessional"""
2018-03-26 18:26:26,b'Check out this #job: Provisioning #Agent #PartTime at #SouthwestAirlines in #SanJose https://t.co/jJHAP3e6Eh https://t.co/yRCZ29BRUl'
2018-03-26 18:18:56,b'Are you a Ramp #Agent in #Hebron? #SouthwestAirlines is waiting for you! #job https://t.co/dzCmilJwnI https://t.co/k5RFNOZyQT'
2018-03-26 18:11:10,"b'Our awesome snow is turning to nasty rain, so forget this, I\xe2\x80\x99m leaving town this week.  Bye gloomy grungy pdx. Hell\xe2\x80\xa6 https://t.co/nKrz9ze1N0'"
2018-03-26 18:10:46,"b'Our awesome snow is turning to nasty rain, so forget this, I\xe2\x80\x99m leaving town this week.  Bye gloomy grungy pdx. Hell\xe2\x80\xa6 https://t.co/srnPLivj6O'"
2018-03-26 17:51:57,b'Check out this #job: Flight #Operations - Multimedia Developer #Intern - Fall 2018 at #SouthwestAirlines (#Dallas)\xe2\x80\xa6 https://t.co/iii2oC31FF'
2018-03-26 17:36:54,"b'#SouthwestAirlines is looking for a Ramp #Agent - #PartTime, apply now! (#Albany) #job https://t.co/BKVb7LkvDb https://t.co/9grMYNtmlF'"
2018-03-26 17:29:27,b'The adventure begins. #fly #flying #airplanes #airplane_lovers #airport #southwestairlines\xe2\x80\xa6 https://t.co/gtplZuAG4Y'
2018-03-26 17:23:11,"b'#SouthwestAirlines is looking for a #Contracts Transactional #Attorney, apply now! (#Dallas) #job\xe2\x80\xa6 https://t.co/0lFWf8rzlU'"
2018-03-26 17:20:58,"b'#SouthwestAirlines is hiring! Sr. #Data #Analyst in #Dallas, apply now! #job https://t.co/M58ifufO2W https://t.co/00cUqLZMtT'"
2018-03-26 17:17:42,"b'RT @AeroimagesChris: The 10,000th #737 awaits its B1 Flight later today. Scheduled as BOE17 \n\n#737MAX #10000th737 #southwestairlines https:\xe2\x80\xa6'"
2018-03-26 17:11:01,b'@SouthwestAir currently stuck in this lane trying to fly to a deposition because @fly2midway closes its business se\xe2\x80\xa6 https://t.co/pub3FNT93n'
2018-03-26 17:07:17,b'Some of that good old Southwest hospitality and LUV\xe2\x9c\x88\xef\xb8\x8f #SouthwestAirlines #Reno #Oakland #Boeing737-800\xe2\x80\xa6 https://t.co/kpkxaaBMPg'
2018-03-26 16:57:53,b'Apply now to work for #SouthwestAirlines as Customer #Service #Agent Part-Time! (#Oakland) #job\xe2\x80\xa6 https://t.co/baQi7Eenma'
2018-03-26 16:45:21,b'Apply now to work for #SouthwestAirlines as Ramp #Agent in #Hebron! #job https://t.co/4fPWvUYWhg https://t.co/K4xr2Ir2mR'
2018-03-26 16:38:31,b'#Contracts Transactional #Attorney needed in #Dallas at #SouthwestAirlines. Apply now! #job https://t.co/z5xoPD93aQ https://t.co/0cYBgo4Ojo'
2018-03-26 16:30:27,b'@PANYNJ only a State agency can get away with treating the public with one ladies &amp; mens room in an airport termina\xe2\x80\xa6 https://t.co/28XPwT1AN2'
2018-03-26 16:26:57,b'Apply now to work for #SouthwestAirlines as #Pilot - #First Officer in #Dallas! #job https://t.co/HCO6C88wx7 https://t.co/B29i4gL5kP'
2018-03-26 16:24:22,"b'#SouthwestAirlines is looking for a Ramp #Agent, apply now! (#Denver) #job https://t.co/mOCOznjlKP https://t.co/lbjbUVhpoI'"
2018-03-26 16:10:25,b'New #job opening at #SouthwestAirlines in #SanFrancisco! #Operations #Agent https://t.co/WxgUvx1ZbB https://t.co/y3kSZNY6z8'
2018-03-26 16:02:30,b'#Operations #Agent needed in #SanFrancisco at #SouthwestAirlines. Apply now! #job https://t.co/mwlgt4NrbS https://t.co/eaOyjhAXqN'
2018-03-26 15:42:11,b'@PANYNJ @SouthwestAir another day of torture at Treminal A #EWR security #SouthwestAirlines needs to move to a diff\xe2\x80\xa6 https://t.co/brpya9qXgJ'
2018-03-26 15:32:11,"b'RT @Vicki_Price: #SouthwestAirlines is looking for a Sr #Software Engineer (iOS #Tech Lead), apply now! (#Dallas) #job https://t.co/FmFKzu6\xe2\x80\xa6'"
2018-03-26 15:27:22,"b'#SouthwestAirlines is looking for a Sr #Software Engineer (iOS #Tech Lead), apply now! (#Dallas) #job\xe2\x80\xa6 https://t.co/hDql9HQHdG'"
2018-03-26 14:58:20,b'Apply now to work for #SouthwestAirlines as High School #Internship (Dallas) - #Summer 2018 in #Dallas! #job\xe2\x80\xa6 https://t.co/35f8fQfBqj'
2018-03-26 14:57:24,b'Apply now to work for #SouthwestAirlines as Ramp #Agent! (#Denver) #job https://t.co/XaPXmgohwm https://t.co/g7zIR4BL7u'
2018-03-26 14:37:36,"b'https://t.co/0AhXEzUJhw\n#175stories #SouthwestHeart #SouthwestAirlines \n""I burned through all my hope, thank God fo\xe2\x80\xa6 https://t.co/z4Dx1Cd3Df'"
2018-03-26 14:36:56,b'New #job opening at #SouthwestAirlines in #Albany! Ramp #Agent - #PartTime https://t.co/JIkt8OBdIF https://t.co/6aKnteQmiX'
2018-03-26 14:12:23,b'New #job opening at #SouthwestAirlines in #Dallas! #Contracts Transactional #Attorney https://t.co/9AbEzgHmMb https://t.co/YW86UgXonH'
2018-03-26 14:12:16,"b'Beautiful day for flying! Homebound on the 442 out of Beantown.  Cap\xe2\x80\x99n John, Hillary &amp;  the #SWA Team taking dear c\xe2\x80\xa6 https://t.co/pyPxkJkduf'"
2018-03-26 13:56:26,b'RT @TheKathyBray: @dannygberg @JohnGuandolo @realDonaldTrump @JewhadiTM @THEHermanCain @1776Stonewall @TomFitton @AmbJohnBolton @DHSgov @so\xe2\x80\xa6'
2018-03-26 13:43:05,"b""I'm N Houston Flying To Wichita By Way of Chicago WTF #SouthwestAirlines"""
2018-03-26 12:30:49,b'Southwest Airlines is #1. The BEST customer service on the planet.  Thank you for taking special care of your elder\xe2\x80\xa6 https://t.co/1qRnatiVhI'
2018-03-26 12:27:32,b'Bye Portland. For now. #goodbye #pdx #portlandoregon #southwestairlines @ Portland International\xe2\x80\xa6 https://t.co/SeIfieWls6'
2018-03-26 11:57:45,"b'RT @AeroimagesChris: The 10,000th #737 awaits its B1 Flight later today. Scheduled as BOE17 \n\n#737MAX #10000th737 #southwestairlines https:\xe2\x80\xa6'"
2018-03-26 11:46:59,"b'RT @AeroimagesChris: The 10,000th #737 awaits its B1 Flight later today. Scheduled as BOE17 \n\n#737MAX #10000th737 #southwestairlines https:\xe2\x80\xa6'"
2018-03-26 04:35:54,"b'Dear @SouthwestAir, thank you for your ""2 free checked bags"" &amp; ""no flight change fees"" policies! Those are hands do\xe2\x80\xa6 https://t.co/CQMeA9q09t'"
2018-03-26 04:25:19,b'@JohnGuandolo @UTT_USA @AmbJohnBolton @realDonaldTrump @USFreedomArmy @true_pundit @BlissTabitha @paulsperry_\xe2\x80\xa6 https://t.co/grOtbio7Du'
2018-03-26 04:16:08,b'RT @TheKathyBray: @dannygberg @JohnGuandolo @realDonaldTrump @JewhadiTM @THEHermanCain @1776Stonewall @TomFitton @AmbJohnBolton @DHSgov @so\xe2\x80\xa6'
2018-03-26 03:54:33,b'Another on-time delivery for @southwestair. Thanks for your consistency! #southwestairlines\xe2\x80\xa6 https://t.co/7y3enhYr6e'
2018-03-26 03:42:46,"b'@SouthwestAir is soon to be the proud owner of this aircraft, a #Boeing737MAX8 which is the 10,000th 737 ever built\xe2\x80\xa6 https://t.co/5BWAeG6fTZ'"
2018-03-26 03:14:11,"b'RT @AeroimagesChris: The 10,000th #737 awaits its B1 Flight later today. Scheduled as BOE17 \n\n#737MAX #10000th737 #southwestairlines https:\xe2\x80\xa6'"
2018-03-26 03:14:00,b'#Operations #Agent (#job) wanted in #SanFrancisco. #SouthwestAirlines https://t.co/z3H2ylkL7L https://t.co/FV3ZXshvYT'
2018-03-26 02:58:16,"b'that was a scorpien in my bag, no I do not know where it went. Thank you for holding my luggage #SouthwestAirlines'"
2018-03-26 02:50:16,"b'RT @AeroimagesChris: The 10,000th #737 awaits its B1 Flight later today. Scheduled as BOE17 \n\n#737MAX #10000th737 #southwestairlines https:\xe2\x80\xa6'"
2018-03-26 02:49:17,"b'#SouthwestAirlines is looking for a Sr. #Data #Analyst, apply now! (#Dallas) #job https://t.co/YLkmzjIz3s https://t.co/WJRDI3fzDe'"
2018-03-26 02:05:21,b'RT @ANightOwlBlog: Shoutout to Shannon and Shane on @SouthwestAir Flight 5302 to Phoenix last night for making our flight the Best. Flight.\xe2\x80\xa6'
2018-03-26 01:33:49,b'@SouthwestAir - just checked in EXACTLY 24 hours in advance of my flight and got B59. What gives?! Typically have s\xe2\x80\xa6 https://t.co/ViqlBoPlRD'
2018-03-26 01:17:54,"b'#SouthwestAirlines is looking for a Sr #Analyst, apply now! (#Dallas) #job https://t.co/vP3768aaRa https://t.co/XNCkQVVlYK'"
2018-03-26 01:02:59,"b'RT @AeroimagesChris: The 10,000th #737 awaits its B1 Flight later today. Scheduled as BOE17 \n\n#737MAX #10000th737 #southwestairlines https:\xe2\x80\xa6'"
2018-03-26 00:48:48,b'New #job opening at #SouthwestAirlines in #Dallas! Sr #AnalystEnterprise #Management and Technical Operations\xe2\x80\xa6 https://t.co/yOP0wswA3r'
2018-03-26 00:47:51,"b'#SouthwestAirlines is hiring a Customer #Service #Agent in #Omaha, apply now! #job https://t.co/Jh1Sa4E7D3 https://t.co/8NhsGnuXdX'"
2018-03-26 00:44:55,b'Never again #SouthwestAirlines from lax to STL got delayed from 2:30 to 5:30 and now till 6:30 wtf missed my car re\xe2\x80\xa6 https://t.co/qowL7mlz2i'
2018-03-26 00:41:03,"b'@Delta gets delayed, they gave us water, snacks and another plane. @SouthwestAir #flight4819 from #LAX delayed by 4\xe2\x80\xa6 https://t.co/HrRafxMexD'"
2018-03-26 00:38:56,"b'#SouthwestAirlines is hiring! #Associate Fuel #Category Manager in #Dallas, apply now! #job https://t.co/br1MxKXodC https://t.co/wsbUevx2EI'"
2018-03-26 00:22:53,b'Ok folks -went to check in on @SouthwestAir flt. Unable. Calld #SouthwestAirlines   Turns out THEY misspelled my na\xe2\x80\xa6 https://t.co/r38SjiL2N5'
2018-03-26 00:11:23,b'Flight #Operations - Multimedia Developer #Intern - Fall 2018 needed in #Dallas at #SouthwestAirlines. Apply now!\xe2\x80\xa6 https://t.co/FlOfdsWpC9'
2018-03-25 23:47:24,"b'RT @AeroimagesChris: The 10,000th #737 awaits its B1 Flight later today. Scheduled as BOE17 \n\n#737MAX #10000th737 #southwestairlines https:\xe2\x80\xa6'"
2018-03-25 23:41:41,"b'RT @AeroimagesChris: The 10,000th #737 awaits its B1 Flight later today. Scheduled as BOE17 \n\n#737MAX #10000th737 #southwestairlines https:\xe2\x80\xa6'"
2018-03-25 23:37:54,"b'#SouthwestAirlines is looking for a Flight #Operations - Multimedia Developer #Intern - Fall 2018, apply now! (\xe2\x80\xa6 https://t.co/5cVAI4J9tT'"
2018-03-25 23:36:46,"b'#SouthwestAirlines is hiring a Ramp #Agent in #Denver, apply now! #job https://t.co/rhkcVvHebh https://t.co/SdYm7U0cGZ'"
2018-03-25 23:23:17,"b'#SouthwestAirlines is looking for a Customer #Service #Agent Part-Time, apply now! (#Oakland) #job\xe2\x80\xa6 https://t.co/iupcKjkfjk'"
2018-03-25 23:15:03,"b'RT @AeroimagesChris: The 10,000th #737 awaits its B1 Flight later today. Scheduled as BOE17 \n\n#737MAX #10000th737 #southwestairlines https:\xe2\x80\xa6'"
2018-03-25 22:56:45,"b'RT @AeroimagesChris: The 10,000th #737 awaits its B1 Flight later today. Scheduled as BOE17 \n\n#737MAX #10000th737 #southwestairlines https:\xe2\x80\xa6'"
2018-03-25 22:52:21,b'Are you a Ramp #Agent Supvr in #Newark? #SouthwestAirlines is waiting for you! #job https://t.co/tD09XFFzss https://t.co/QMiin99cJn'
2018-03-25 22:36:51,b'Are you a Sr #Analyst in #Dallas? #SouthwestAirlines is waiting for you! #job https://t.co/vEmfez2tHe https://t.co/GLNixUV3rM'
2018-03-25 22:35:08,"b'RT @AeroimagesChris: The 10,000th #737 awaits its B1 Flight later today. Scheduled as BOE17 \n\n#737MAX #10000th737 #southwestairlines https:\xe2\x80\xa6'"
2018-03-25 22:33:26,"b'RT @AeroimagesChris: The 10,000th #737 awaits its B1 Flight later today. Scheduled as BOE17 \n\n#737MAX #10000th737 #southwestairlines https:\xe2\x80\xa6'"
2018-03-25 22:32:09,"b'RT @AeroimagesChris: The 10,000th #737 awaits its B1 Flight later today. Scheduled as BOE17 \n\n#737MAX #10000th737 #southwestairlines https:\xe2\x80\xa6'"
2018-03-25 22:31:22,"b'The 10,000th #737 awaits its B1 Flight later today. Scheduled as BOE17 \n\n#737MAX #10000th737 #southwestairlines https://t.co/wAgoZwDyvc'"
2018-03-25 22:30:15,b'Thanks to the wonderful agent @SouthwestAir that waived my cancel fee! Spring Break Vacay saved! #SouthwestAirlines. https://t.co/h6GUHpOn4i'
2018-03-25 22:27:44,b'Check out this #job: Ramp #Agent - #Parttime at #SouthwestAirlines (#Baltimore) https://t.co/mJNpqcqvI5 https://t.co/eUJXO2rG7B'
2018-03-25 22:21:44,"b'\xf0\x9f\x92\x99\xe2\x9d\xa4\xef\xb8\x8f Come fly with me, let\xe2\x80\x99s fly, let\xe2\x80\x99s fly away. If you can use some exotic booze, there\xe2\x80\x99s a bar in far Bombay\xf0\x9f\x8e\xb6 lov\xe2\x80\xa6 https://t.co/4n1hc3Et2R'"
2018-03-25 22:20:19,b'Ramp #Agent #PartTime (#job) wanted in #Oakland. #SouthwestAirlines https://t.co/sKlQp4HMQa https://t.co/HiVLAFZrye'
2018-03-25 22:04:16,b'Are you a Sr #Software Engineer (iOS #Tech Lead) in #Dallas? #SouthwestAirlines is waiting for you! #job\xe2\x80\xa6 https://t.co/BVoKbvlR3B'
2018-03-25 21:57:46,b'Check out this #job: Ramp #Agent - #PartTime at #SouthwestAirlines (#Albany) https://t.co/N90W2QVGiX https://t.co/klN1w1Y9Kb'
2018-03-25 21:55:14,"b'#SouthwestAirlines is looking for a Customer #Service #Agent Part-Time, apply now! (#Oakland) #job\xe2\x80\xa6 https://t.co/H0KuNVpxZ2'"
2018-03-25 21:50:46,"b'#SouthwestAirlines is hiring a Privacy and #Transaction #Attorney in #Dallas, apply now! #job\xe2\x80\xa6 https://t.co/YEwuKK7dK4'"
2018-03-25 21:49:15,b'Thank you #SouthwestAirlines for screwing me today with my luggage! I go on stage in 20 mins at the famous House Of\xe2\x80\xa6 https://t.co/6m9nMQxJwC'
2018-03-25 21:35:53,b'Great flight and great photo op this morning from Milwaukee. #SouthwestAirlines https://t.co/rw52ic4M3Q'
2018-03-25 20:50:23,b'Denise @SouthwestAir tells me she cannot help. SW misspelled my name and I could not check in for tomorrow s flt. T\xe2\x80\xa6 https://t.co/fuJg5tV8ba'
2018-03-25 20:49:17,b'Check out this #job: Ramp #Agent - #Parttime at #SouthwestAirlines in #Baltimore https://t.co/1jEKljAHDh https://t.co/biOPEwhb8f'
2018-03-25 20:35:17,b'Ramp #Agent needed in #Denver at #SouthwestAirlines. Apply now! #job https://t.co/syIw2EImFl https://t.co/tWYLDxq0GP'
2018-03-25 20:14:58,"b'#SouthwestAirlines is looking for a Senior Email #Developer, apply now! (#Dallas) #job https://t.co/03VhBXy5ZE https://t.co/n5wq7v6qP3'"
2018-03-25 19:56:04,"b'Hi @SouthwestAir. Did you ban @JohnGuandolo from your airline? If not, please do! #Southwestairlines'"
2018-03-25 19:53:00,b'Check out this #job: Solutions #ArchitectCrew Solutions at #SouthwestAirlines in #Dallas https://t.co/3f7UPMwFHQ https://t.co/OnR7AGueFs'
2018-03-25 19:46:19,"b'#SouthwestAirlines is hiring a Sr #Software Engineer (iOS #Tech Lead), apply now! (#Dallas) #job\xe2\x80\xa6 https://t.co/M4jQudcs4y'"
2018-03-25 19:39:57,b'@rickygervais @simonaford @jimmycarr #SouthWestAirlines flight safety \n\nhttps://t.co/I4N45d1bZc'
2018-03-25 19:30:26,b'So blessed to have such wonderful people in my life. #ThankYou #SouthwestAirlines'
2018-03-25 19:28:15,b'Ramp #Agent (#job) wanted in #Denver. #SouthwestAirlines https://t.co/GKGsSxc8Mx https://t.co/knuh19NTfp'
2018-03-25 19:26:13,b'Apply now to work for #SouthwestAirlines as #Contracts Transactional #Attorney in #Dallas! #job\xe2\x80\xa6 https://t.co/1rAwATx3va'
2018-03-25 19:24:13,"b'#SouthwestAirlines is hiring! #Business Consultant CoBrand #Acquisition in #Dallas, apply now! #job\xe2\x80\xa6 https://t.co/AdUQzwmZ4U'"
2018-03-25 19:10:33,b'RT @TheKathyBray: @dannygberg @JohnGuandolo @realDonaldTrump @JewhadiTM @THEHermanCain @1776Stonewall @TomFitton @AmbJohnBolton @DHSgov @so\xe2\x80\xa6'
2018-03-25 18:32:58,b'Are you a #Business Consultant CoBrand #Acquisition in #Dallas? #SouthwestAirlines is waiting for you! #job\xe2\x80\xa6 https://t.co/MZWsIhYUs9'
2018-03-25 18:20:44,"b'#SouthwestAirlines is looking for an OAK Ron #Check #Mechanic in #Oakland, apply now! #job https://t.co/8h0nLzQsDc https://t.co/Gx2GQ6e0Fz'"
2018-03-25 18:09:20,b'New #job opening at #SouthwestAirlines in #Omaha! Customer #Service #Agent https://t.co/1tM7aMoz4W https://t.co/HOKaoN2dhR'
2018-03-25 18:09:19,"b'#SouthwestAirlines is looking for a Sr #Analyst in #Dallas, apply now! #job https://t.co/H33OY7FKsv https://t.co/pupbjwWtvz'"
2018-03-25 17:53:21,b'Sharing this at cant_believe_its_not_chris \xe2\x80\x98s request. #SouthWestAirlines https://t.co/OMBKSO2rY6'
2018-03-25 17:33:55,b'Southwest is always expanding! Skybridge in DAL being built &amp; all employees names are listed. We are awesome. This\xe2\x80\xa6 https://t.co/ctKZOTjVfJ'
2018-03-25 17:27:43,"b'#SouthwestAirlines is hiring a Sr #AnalystEnterprise #Management and Technical Operations in #Dallas, apply now!\xe2\x80\xa6 https://t.co/HuXHRt8Bk0'"
2018-03-25 17:26:40,"b""#SouthwestAirlines flew the young,anti Trump crisis actors to various anti gun events for FREE...don't support SW Airlines"""
2018-03-25 17:06:06,"b'@Mommy_Points @AndazPapagayo Thanks all!  Now to get the wife on board! Oh, and a direct #southwestairlines flight from AUS to LIR.'"
2018-03-25 17:00:15,b'Are you a Ramp #Agent #PartTime in #Oakland? #SouthwestAirlines is waiting for you! #job https://t.co/hCy5E4cK7Q https://t.co/3G14rOgK9Q'
2018-03-25 16:52:13,b'Solutions #ArchitectCrew Solutions needed in #Dallas at #SouthwestAirlines. Apply now! #job https://t.co/3FwjMsUJ6n https://t.co/ozTkQTzZvF'
2018-03-25 16:45:52,b'Check out this #job: Ramp #Agent at #SouthwestAirlines in #SanJose https://t.co/i7iCSVLTZp https://t.co/8X3vj2fENa'
2018-03-25 16:37:17,"b'#SouthwestAirlines is looking for a Ramp #Agent #PartTime in #Oakland, apply now! #job https://t.co/pQlCP3BHPt https://t.co/FOQKi4Jp5F'"
2018-03-25 16:26:20,"b'Ramp #Agent - #PartTime needed in #Albany, apply now at #SouthwestAirlines! #job https://t.co/6A8RjB2IXE https://t.co/khHt0Kvzkx'"
2018-03-25 16:22:34,b'RT @ToddZiemek: Are you a Sr #Software Engineer (iOS #Tech Lead) in #Dallas? #SouthwestAirlines is waiting for you! #job https://t.co/E0Fh2\xe2\x80\xa6'
2018-03-25 16:19:54,b'Are you a Sr #Software Engineer (iOS #Tech Lead) in #Dallas? #SouthwestAirlines is waiting for you! #job\xe2\x80\xa6 https://t.co/QTS0U9LPAE'
2018-03-25 15:59:30,b'New #job opening at #SouthwestAirlines in #Dallas! Privacy and #Transaction #Attorney https://t.co/zWVd2Pq56D https://t.co/ZiwJQAuLlv'
2018-03-25 15:40:56,b'RT @ChrisDisaster: #Traveling #Safely with #Lithium #Batteries - Before you #fly watch the video at https://t.co/Og32qGvj2F #Airplanes #Air\xe2\x80\xa6'
2018-03-25 15:40:13,b'RT @ChrisDisaster: #Traveling #Safely with #Lithium #Batteries - Before you #fly watch the video at https://t.co/Og32qGvj2F #Airplanes #Air\xe2\x80\xa6'
2018-03-25 15:39:51,b'RT @ChrisDisaster: #Traveling #Safely with #Lithium #Batteries - Before you #fly watch the video at https://t.co/Og32qGvj2F #Airplanes #Air\xe2\x80\xa6'
2018-03-25 15:32:10,b'RT @ANightOwlBlog: Shoutout to Shannon and Shane on @SouthwestAir Flight 5302 to Phoenix last night for making our flight the Best. Flight.\xe2\x80\xa6'
2018-03-25 15:21:54,b'RT @ChrisDisaster: #Traveling #Safely with #Lithium #Batteries - Before you #fly watch the video at https://t.co/Og32qGvj2F #Airplanes #Air\xe2\x80\xa6'
2018-03-25 15:12:18,b'Shoutout to Shannon and Shane on @SouthwestAir Flight 5302 to Phoenix last night for making our flight the Best. Fl\xe2\x80\xa6 https://t.co/xQ4mHYXXOb'
2018-03-25 15:10:53,"b'#SouthwestAirlines is looking for a Solutions #Architect in #Dallas, apply now! #job https://t.co/aWbpiLQfCu https://t.co/qveyRLfeAx'"
2018-03-25 14:55:33,b'RT @ChrisDisaster: #Traveling #Safely with #Lithium #Batteries - Before you #fly watch the video at https://t.co/Og32qGvj2F #Airplanes #Air\xe2\x80\xa6'
2018-03-25 14:45:40,b'RT @ChrisDisaster: #Traveling #Safely with #Lithium #Batteries - Before you #fly watch the video at https://t.co/Og32qGvj2F #Airplanes #Air\xe2\x80\xa6'
2018-03-25 14:45:05,b'#Traveling #Safely with #Lithium #Batteries - Before you #fly watch the video at https://t.co/Og32qGvj2F #Airplanes\xe2\x80\xa6 https://t.co/WJr5jDYqUz'
2018-03-25 14:34:13,"b'Customer #Service #Agent needed in #Omaha, apply now at #SouthwestAirlines! #job https://t.co/Cvty6Ci0ID https://t.co/VaNhndWOUk'"
2018-03-25 13:39:56,b'He is the best little traveler! #travelswithlukas #proveauxworldtour #southwestairlines @\xe2\x80\xa6 https://t.co/BquMPb8bi2'
2018-03-25 12:13:12,"b'Tribute with #amazon #southwestairlines #etsy #libidex #westwardbound giftcards and #bitcoin no excuses, I make it\xe2\x80\xa6 https://t.co/n9DEO0v4bi'"
2018-03-25 11:51:45,b'It\xe2\x80\x99s too early! #proveauxworldtour #southwestairlines #memphisairport #mem #travelswithlukas @\xe2\x80\xa6 https://t.co/hfh0VCLng0'
2018-03-25 10:45:17,b'RT @TheKathyBray: @SouthwestAir Loyal #SouthwestAirlines girl here. \xe2\x9c\x8c\xf0\x9f\x8f\xbcThis is not enough. You MUST ban @JohnGuandolo from flying with you p\xe2\x80\xa6'
2018-03-25 10:21:33,"b'My @SouthwestAir experience today: flight was delayed 3+ hrs, crew didn\xe2\x80\x99t know their own carry-on smart luggage pol\xe2\x80\xa6 https://t.co/LTBd2iHtRD'"
2018-03-25 07:49:16,b'RT @TheKathyBray: @dannygberg @JohnGuandolo @realDonaldTrump @JewhadiTM @THEHermanCain @1776Stonewall @TomFitton @AmbJohnBolton @DHSgov @so\xe2\x80\xa6'
2018-03-25 05:54:48,b'RT @TheKathyBray: @SouthwestAir Loyal #SouthwestAirlines girl here. \xe2\x9c\x8c\xf0\x9f\x8f\xbcThis is not enough. You MUST ban @JohnGuandolo from flying with you p\xe2\x80\xa6'
2018-03-25 05:15:06,"b'@JohnGuandolo I think you are a crazy, hate mongering freak. How dare you post that #SouthwestAirlines employee pho\xe2\x80\xa6 https://t.co/5qCBqwFAWt'"
2018-03-25 04:33:29,b'RT @TheKathyBray: @dannygberg @JohnGuandolo @realDonaldTrump @JewhadiTM @THEHermanCain @1776Stonewall @TomFitton @AmbJohnBolton @DHSgov @so\xe2\x80\xa6'
2018-03-25 04:32:55,b'RT @TheKathyBray: @dannygberg @JohnGuandolo @realDonaldTrump @JewhadiTM @THEHermanCain @1776Stonewall @TomFitton @AmbJohnBolton @DHSgov @so\xe2\x80\xa6'
2018-03-25 03:41:01,b'Really Funny Southwest Airlines https://t.co/D0jvO3eINK via @YouTube #wannagetaway #southwest #southwestairlines #southwestair \xf0\x9f\x98\xad\xe2\x9c\x88\xef\xb8\x8f\xe2\x9c\x88\xef\xb8\x8f\xe2\x9c\x88\xef\xb8\x8f'
2018-03-25 03:33:55,b'@SouthwestAir Loyal #SouthwestAirlines girl here. \xe2\x9c\x8c\xf0\x9f\x8f\xbcThis is not enough. You MUST ban @JohnGuandolo from flying with\xe2\x80\xa6 https://t.co/00z7MHKpOF'
2018-03-25 03:30:45,"b'I hope they will make it right.  Byron Hickman.  I don\xe2\x80\x99t know you, but you stole from me.  #southwestairlines @SouthwestAir'"
2018-03-25 03:09:08,b'RT @TheKathyBray: @dannygberg @JohnGuandolo @realDonaldTrump @JewhadiTM @THEHermanCain @1776Stonewall @TomFitton @AmbJohnBolton @DHSgov @so\xe2\x80\xa6'
2018-03-25 03:08:01,b'RT @TheKathyBray: @dannygberg @JohnGuandolo @realDonaldTrump @JewhadiTM @THEHermanCain @1776Stonewall @TomFitton @AmbJohnBolton @DHSgov @so\xe2\x80\xa6'
2018-03-25 03:05:19,b'RT @TheKathyBray: @dannygberg @JohnGuandolo @realDonaldTrump @JewhadiTM @THEHermanCain @1776Stonewall @TomFitton @AmbJohnBolton @DHSgov @so\xe2\x80\xa6'
2018-03-25 03:01:40,b'Check out this #job: #Provisioning #Agent at #SouthwestAirlines (#FortLauderdale) https://t.co/DIav3450f4 https://t.co/IBjacZrVZw'
2018-03-25 03:00:29,b'RT @TheKathyBray: @dannygberg @JohnGuandolo @realDonaldTrump @JewhadiTM @THEHermanCain @1776Stonewall @TomFitton @AmbJohnBolton @DHSgov @so\xe2\x80\xa6'
2018-03-25 02:58:37,b'RT @TheKathyBray: @dannygberg @JohnGuandolo @realDonaldTrump @JewhadiTM @THEHermanCain @1776Stonewall @TomFitton @AmbJohnBolton @DHSgov @so\xe2\x80\xa6'
2018-03-25 02:55:15,b'RT @TheKathyBray: @dannygberg @JohnGuandolo @realDonaldTrump @JewhadiTM @THEHermanCain @1776Stonewall @TomFitton @AmbJohnBolton @DHSgov @so\xe2\x80\xa6'
2018-03-25 02:53:16,b'RT @TheKathyBray: @dannygberg @JohnGuandolo @realDonaldTrump @JewhadiTM @THEHermanCain @1776Stonewall @TomFitton @AmbJohnBolton @DHSgov @so\xe2\x80\xa6'
2018-03-25 02:50:52,b'RT @TheKathyBray: @dannygberg @JohnGuandolo @realDonaldTrump @JewhadiTM @THEHermanCain @1776Stonewall @TomFitton @AmbJohnBolton @DHSgov @so\xe2\x80\xa6'
2018-03-25 02:49:49,b'RT @TheKathyBray: @dannygberg @JohnGuandolo @realDonaldTrump @JewhadiTM @THEHermanCain @1776Stonewall @TomFitton @AmbJohnBolton @DHSgov @so\xe2\x80\xa6'
2018-03-25 02:44:13,"b'Ramp #Agent needed in #SanJose, apply now at #SouthwestAirlines! #job https://t.co/6oo7nXBlqP https://t.co/lGDDBGoV13'"
2018-03-25 02:41:14,b'RT @TheKathyBray: @dannygberg @JohnGuandolo @realDonaldTrump @JewhadiTM @THEHermanCain @1776Stonewall @TomFitton @AmbJohnBolton @DHSgov @so\xe2\x80\xa6'
2018-03-25 02:39:52,b'RT @TheKathyBray: @dannygberg @JohnGuandolo @realDonaldTrump @JewhadiTM @THEHermanCain @1776Stonewall @TomFitton @AmbJohnBolton @DHSgov @so\xe2\x80\xa6'
2018-03-25 02:39:38,b'RT @TheKathyBray: @dannygberg @JohnGuandolo @realDonaldTrump @JewhadiTM @THEHermanCain @1776Stonewall @TomFitton @AmbJohnBolton @DHSgov @so\xe2\x80\xa6'
2018-03-25 02:39:01,b'RT @TheKathyBray: @dannygberg @JohnGuandolo @realDonaldTrump @JewhadiTM @THEHermanCain @1776Stonewall @TomFitton @AmbJohnBolton @DHSgov @so\xe2\x80\xa6'
2018-03-25 02:38:09,b'RT @TheKathyBray: @dannygberg @JohnGuandolo @realDonaldTrump @JewhadiTM @THEHermanCain @1776Stonewall @TomFitton @AmbJohnBolton @DHSgov @so\xe2\x80\xa6'
2018-03-25 02:34:46,b'RT @TheKathyBray: @dannygberg @JohnGuandolo @realDonaldTrump @JewhadiTM @THEHermanCain @1776Stonewall @TomFitton @AmbJohnBolton @DHSgov @so\xe2\x80\xa6'
2018-03-25 02:27:56,b'RT @TheKathyBray: @dannygberg @JohnGuandolo @realDonaldTrump @JewhadiTM @THEHermanCain @1776Stonewall @TomFitton @AmbJohnBolton @DHSgov @so\xe2\x80\xa6'
2018-03-25 02:27:22,b'RT @TheKathyBray: @dannygberg @JohnGuandolo @realDonaldTrump @JewhadiTM @THEHermanCain @1776Stonewall @TomFitton @AmbJohnBolton @DHSgov @so\xe2\x80\xa6'
2018-03-25 02:26:56,b'RT @TheKathyBray: @dannygberg @JohnGuandolo @realDonaldTrump @JewhadiTM @THEHermanCain @1776Stonewall @TomFitton @AmbJohnBolton @DHSgov @so\xe2\x80\xa6'
2018-03-25 02:25:44,b'RT @TheKathyBray: @dannygberg @JohnGuandolo @realDonaldTrump @JewhadiTM @THEHermanCain @1776Stonewall @TomFitton @AmbJohnBolton @DHSgov @so\xe2\x80\xa6'
2018-03-25 02:23:22,b'RT @TheKathyBray: @dannygberg @JohnGuandolo @realDonaldTrump @JewhadiTM @THEHermanCain @1776Stonewall @TomFitton @AmbJohnBolton @DHSgov @so\xe2\x80\xa6'
2018-03-25 02:21:27,"b'@SouthwestAir please address this, no way one of your employees should be treated like this.  @JohnGuandolo should\xe2\x80\xa6 https://t.co/YM7ifdPSRE'"
2018-03-25 02:21:20,b'RT @TheKathyBray: @dannygberg @JohnGuandolo @realDonaldTrump @JewhadiTM @THEHermanCain @1776Stonewall @TomFitton @AmbJohnBolton @DHSgov @so\xe2\x80\xa6'
2018-03-25 02:20:34,b'RT @TheKathyBray: @dannygberg @JohnGuandolo @realDonaldTrump @JewhadiTM @THEHermanCain @1776Stonewall @TomFitton @AmbJohnBolton @DHSgov @so\xe2\x80\xa6'
2018-03-25 02:19:17,b'New #job opening at #SouthwestAirlines in #Dallas! Privacy and #Transaction #Attorney https://t.co/xQXpxswevt https://t.co/2ZWPyp1Nhv'
2018-03-25 02:18:53,b'RT @TheKathyBray: @dannygberg @JohnGuandolo @realDonaldTrump @JewhadiTM @THEHermanCain @1776Stonewall @TomFitton @AmbJohnBolton @DHSgov @so\xe2\x80\xa6'
2018-03-25 02:17:00,b'RT @TheKathyBray: @dannygberg @JohnGuandolo @realDonaldTrump @JewhadiTM @THEHermanCain @1776Stonewall @TomFitton @AmbJohnBolton @DHSgov @so\xe2\x80\xa6'
2018-03-25 02:16:44,b'RT @TheKathyBray: @dannygberg @JohnGuandolo @realDonaldTrump @JewhadiTM @THEHermanCain @1776Stonewall @TomFitton @AmbJohnBolton @DHSgov @so\xe2\x80\xa6'
2018-03-25 02:16:00,b'RT @TheKathyBray: @dannygberg @JohnGuandolo @realDonaldTrump @JewhadiTM @THEHermanCain @1776Stonewall @TomFitton @AmbJohnBolton @DHSgov @so\xe2\x80\xa6'
2018-03-25 02:15:50,b'RT @TheKathyBray: @dannygberg @JohnGuandolo @realDonaldTrump @JewhadiTM @THEHermanCain @1776Stonewall @TomFitton @AmbJohnBolton @DHSgov @so\xe2\x80\xa6'
2018-03-25 02:15:34,b'RT @TheKathyBray: @dannygberg @JohnGuandolo @realDonaldTrump @JewhadiTM @THEHermanCain @1776Stonewall @TomFitton @AmbJohnBolton @DHSgov @so\xe2\x80\xa6'
2018-03-25 02:13:29,b'RT @TheKathyBray: @dannygberg @JohnGuandolo @realDonaldTrump @JewhadiTM @THEHermanCain @1776Stonewall @TomFitton @AmbJohnBolton @DHSgov @so\xe2\x80\xa6'
2018-03-25 02:10:04,b'RT @TheKathyBray: @dannygberg @JohnGuandolo @realDonaldTrump @JewhadiTM @THEHermanCain @1776Stonewall @TomFitton @AmbJohnBolton @DHSgov @so\xe2\x80\xa6'
2018-03-25 02:02:14,b'RT @TheKathyBray: @dannygberg @JohnGuandolo @realDonaldTrump @JewhadiTM @THEHermanCain @1776Stonewall @TomFitton @AmbJohnBolton @DHSgov @so\xe2\x80\xa6'
2018-03-25 01:44:39,b'.@SouthwestAir please ensure the passenger below who is disparaging your employee is unwelcome on future\xe2\x80\xa6 https://t.co/9gFEAaeROW'
2018-03-25 01:38:56,b'RT @TheKathyBray: @dannygberg @JohnGuandolo @realDonaldTrump @JewhadiTM @THEHermanCain @1776Stonewall @TomFitton @AmbJohnBolton @DHSgov @so\xe2\x80\xa6'
2018-03-25 01:38:44,b'RT @TheKathyBray: @dannygberg @JohnGuandolo @realDonaldTrump @JewhadiTM @THEHermanCain @1776Stonewall @TomFitton @AmbJohnBolton @DHSgov @so\xe2\x80\xa6'
2018-03-25 01:38:37,b'RT @TheKathyBray: @dannygberg @JohnGuandolo @realDonaldTrump @JewhadiTM @THEHermanCain @1776Stonewall @TomFitton @AmbJohnBolton @DHSgov @so\xe2\x80\xa6'
2018-03-25 01:37:49,b'RT @TheKathyBray: @dannygberg @JohnGuandolo @realDonaldTrump @JewhadiTM @THEHermanCain @1776Stonewall @TomFitton @AmbJohnBolton @DHSgov @so\xe2\x80\xa6'
2018-03-25 01:37:21,b'RT @TheKathyBray: @dannygberg @JohnGuandolo @realDonaldTrump @JewhadiTM @THEHermanCain @1776Stonewall @TomFitton @AmbJohnBolton @DHSgov @so\xe2\x80\xa6'
2018-03-25 01:37:10,b'Check out this #job: Provisioning #Agent #PartTime at #SouthwestAirlines in #SanJose https://t.co/3NVNoX70oJ https://t.co/mHP2RshxsB'
2018-03-25 01:35:48,b'RT @TheKathyBray: @dannygberg @JohnGuandolo @realDonaldTrump @JewhadiTM @THEHermanCain @1776Stonewall @TomFitton @AmbJohnBolton @DHSgov @so\xe2\x80\xa6'
2018-03-25 01:34:26,b'RT @TheKathyBray: @dannygberg @JohnGuandolo @realDonaldTrump @JewhadiTM @THEHermanCain @1776Stonewall @TomFitton @AmbJohnBolton @DHSgov @so\xe2\x80\xa6'
2018-03-25 01:33:51,b'RT @TheKathyBray: @dannygberg @JohnGuandolo @realDonaldTrump @JewhadiTM @THEHermanCain @1776Stonewall @TomFitton @AmbJohnBolton @DHSgov @so\xe2\x80\xa6'
2018-03-25 01:33:21,b'RT @TheKathyBray: @dannygberg @JohnGuandolo @realDonaldTrump @JewhadiTM @THEHermanCain @1776Stonewall @TomFitton @AmbJohnBolton @DHSgov @so\xe2\x80\xa6'
2018-03-25 01:33:01,b'RT @TheKathyBray: @dannygberg @JohnGuandolo @realDonaldTrump @JewhadiTM @THEHermanCain @1776Stonewall @TomFitton @AmbJohnBolton @DHSgov @so\xe2\x80\xa6'
2018-03-25 01:32:57,b'RT @TheKathyBray: @dannygberg @JohnGuandolo @realDonaldTrump @JewhadiTM @THEHermanCain @1776Stonewall @TomFitton @AmbJohnBolton @DHSgov @so\xe2\x80\xa6'
2018-03-25 01:32:24,b'RT @TheKathyBray: @dannygberg @JohnGuandolo @realDonaldTrump @JewhadiTM @THEHermanCain @1776Stonewall @TomFitton @AmbJohnBolton @DHSgov @so\xe2\x80\xa6'
2018-03-25 01:30:56,"b'#SouthwestAirlines is hiring a Sr #Analyst in #Dallas, apply now! #job https://t.co/emjpfhqeJE https://t.co/nalfDf4l6H'"
2018-03-25 01:30:40,b'RT @TheKathyBray: @dannygberg @JohnGuandolo @realDonaldTrump @JewhadiTM @THEHermanCain @1776Stonewall @TomFitton @AmbJohnBolton @DHSgov @so\xe2\x80\xa6'
2018-03-25 01:30:23,b'RT @TheKathyBray: @dannygberg @JohnGuandolo @realDonaldTrump @JewhadiTM @THEHermanCain @1776Stonewall @TomFitton @AmbJohnBolton @DHSgov @so\xe2\x80\xa6'
2018-03-25 01:29:42,b'RT @TheKathyBray: @dannygberg @JohnGuandolo @realDonaldTrump @JewhadiTM @THEHermanCain @1776Stonewall @TomFitton @AmbJohnBolton @DHSgov @so\xe2\x80\xa6'
2018-03-25 01:28:53,b'RT @TheKathyBray: @dannygberg @JohnGuandolo @realDonaldTrump @JewhadiTM @THEHermanCain @1776Stonewall @TomFitton @AmbJohnBolton @DHSgov @so\xe2\x80\xa6'
2018-03-25 01:25:19,b'RT @TheKathyBray: @dannygberg @JohnGuandolo @realDonaldTrump @JewhadiTM @THEHermanCain @1776Stonewall @TomFitton @AmbJohnBolton @DHSgov @so\xe2\x80\xa6'
2018-03-25 01:24:36,b'RT @TheKathyBray: @dannygberg @JohnGuandolo @realDonaldTrump @JewhadiTM @THEHermanCain @1776Stonewall @TomFitton @AmbJohnBolton @DHSgov @so\xe2\x80\xa6'
2018-03-25 01:24:16,b'RT @TheKathyBray: @dannygberg @JohnGuandolo @realDonaldTrump @JewhadiTM @THEHermanCain @1776Stonewall @TomFitton @AmbJohnBolton @DHSgov @so\xe2\x80\xa6'
2018-03-25 01:23:42,b'RT @TheKathyBray: @dannygberg @JohnGuandolo @realDonaldTrump @JewhadiTM @THEHermanCain @1776Stonewall @TomFitton @AmbJohnBolton @DHSgov @so\xe2\x80\xa6'
2018-03-25 01:22:47,b'RT @TheKathyBray: @dannygberg @JohnGuandolo @realDonaldTrump @JewhadiTM @THEHermanCain @1776Stonewall @TomFitton @AmbJohnBolton @DHSgov @so\xe2\x80\xa6'
2018-03-25 01:21:44,"b'#SouthwestAirlines is looking for a Provisioning #Agent (#PartTime) in #LasVegas, apply now! #job\xe2\x80\xa6 https://t.co/NfI7nAYdQj'"
2018-03-25 01:20:57,b'RT @TheKathyBray: @dannygberg @JohnGuandolo @realDonaldTrump @JewhadiTM @THEHermanCain @1776Stonewall @TomFitton @AmbJohnBolton @DHSgov @so\xe2\x80\xa6'
2018-03-25 01:20:50,b'RT @TheKathyBray: @dannygberg @JohnGuandolo @realDonaldTrump @JewhadiTM @THEHermanCain @1776Stonewall @TomFitton @AmbJohnBolton @DHSgov @so\xe2\x80\xa6'
2018-03-25 01:20:27,b'RT @TheKathyBray: @dannygberg @JohnGuandolo @realDonaldTrump @JewhadiTM @THEHermanCain @1776Stonewall @TomFitton @AmbJohnBolton @DHSgov @so\xe2\x80\xa6'
2018-03-25 01:20:01,b'RT @TheKathyBray: @dannygberg @JohnGuandolo @realDonaldTrump @JewhadiTM @THEHermanCain @1776Stonewall @TomFitton @AmbJohnBolton @DHSgov @so\xe2\x80\xa6'
2018-03-25 01:18:44,b'RT @TheKathyBray: @dannygberg @JohnGuandolo @realDonaldTrump @JewhadiTM @THEHermanCain @1776Stonewall @TomFitton @AmbJohnBolton @DHSgov @so\xe2\x80\xa6'
2018-03-25 01:17:16,b'RT @TheKathyBray: @dannygberg @JohnGuandolo @realDonaldTrump @JewhadiTM @THEHermanCain @1776Stonewall @TomFitton @AmbJohnBolton @DHSgov @so\xe2\x80\xa6'
2018-03-25 01:15:18,b'RT @TheKathyBray: @dannygberg @JohnGuandolo @realDonaldTrump @JewhadiTM @THEHermanCain @1776Stonewall @TomFitton @AmbJohnBolton @DHSgov @so\xe2\x80\xa6'
2018-03-25 01:13:41,b'RT @TheKathyBray: @dannygberg @JohnGuandolo @realDonaldTrump @JewhadiTM @THEHermanCain @1776Stonewall @TomFitton @AmbJohnBolton @DHSgov @so\xe2\x80\xa6'
2018-03-25 01:11:30,b'RT @TheKathyBray: @dannygberg @JohnGuandolo @realDonaldTrump @JewhadiTM @THEHermanCain @1776Stonewall @TomFitton @AmbJohnBolton @DHSgov @so\xe2\x80\xa6'
2018-03-25 01:09:56,b'RT @TheKathyBray: @dannygberg @JohnGuandolo @realDonaldTrump @JewhadiTM @THEHermanCain @1776Stonewall @TomFitton @AmbJohnBolton @DHSgov @so\xe2\x80\xa6'
2018-03-25 01:09:03,b'RT @TheKathyBray: @dannygberg @JohnGuandolo @realDonaldTrump @JewhadiTM @THEHermanCain @1776Stonewall @TomFitton @AmbJohnBolton @DHSgov @so\xe2\x80\xa6'
2018-03-25 01:08:39,b'RT @TheKathyBray: @dannygberg @JohnGuandolo @realDonaldTrump @JewhadiTM @THEHermanCain @1776Stonewall @TomFitton @AmbJohnBolton @DHSgov @so\xe2\x80\xa6'
2018-03-25 01:06:49,b'RT @TheKathyBray: @dannygberg @JohnGuandolo @realDonaldTrump @JewhadiTM @THEHermanCain @1776Stonewall @TomFitton @AmbJohnBolton @DHSgov @so\xe2\x80\xa6'
2018-03-25 01:02:50,b'RT @TheKathyBray: @dannygberg @JohnGuandolo @realDonaldTrump @JewhadiTM @THEHermanCain @1776Stonewall @TomFitton @AmbJohnBolton @DHSgov @so\xe2\x80\xa6'
2018-03-25 00:58:33,b'RT @TheKathyBray: @dannygberg @JohnGuandolo @realDonaldTrump @JewhadiTM @THEHermanCain @1776Stonewall @TomFitton @AmbJohnBolton @DHSgov @so\xe2\x80\xa6'
2018-03-25 00:48:49,b'RT @TheKathyBray: @dannygberg @JohnGuandolo @realDonaldTrump @JewhadiTM @THEHermanCain @1776Stonewall @TomFitton @AmbJohnBolton @DHSgov @so\xe2\x80\xa6'
2018-03-25 00:48:44,"b'#SouthwestAirlines is looking for a Ramp #Agent Supvr, apply now! (#Newark) #job https://t.co/411KBHDrqF https://t.co/SPw0CB1maa'"
2018-03-25 00:47:17,b'RT @TheKathyBray: @dannygberg @JohnGuandolo @realDonaldTrump @JewhadiTM @THEHermanCain @1776Stonewall @TomFitton @AmbJohnBolton @DHSgov @so\xe2\x80\xa6'
2018-03-25 00:47:15,b'RT @TheKathyBray: @dannygberg @JohnGuandolo @realDonaldTrump @JewhadiTM @THEHermanCain @1776Stonewall @TomFitton @AmbJohnBolton @DHSgov @so\xe2\x80\xa6'
2018-03-25 00:45:11,b'RT @TheKathyBray: @dannygberg @JohnGuandolo @realDonaldTrump @JewhadiTM @THEHermanCain @1776Stonewall @TomFitton @AmbJohnBolton @DHSgov @so\xe2\x80\xa6'
2018-03-25 00:44:35,b'RT @TheKathyBray: @dannygberg @JohnGuandolo @realDonaldTrump @JewhadiTM @THEHermanCain @1776Stonewall @TomFitton @AmbJohnBolton @DHSgov @so\xe2\x80\xa6'
2018-03-25 00:40:09,"b'#SouthwestAirlines is looking for a #Business Consultant CoBrand #Acquisition in #Dallas, apply now! #job\xe2\x80\xa6 https://t.co/vKQ1oDU3Xr'"
2018-03-25 00:39:50,b'RT @TheKathyBray: @dannygberg @JohnGuandolo @realDonaldTrump @JewhadiTM @THEHermanCain @1776Stonewall @TomFitton @AmbJohnBolton @DHSgov @so\xe2\x80\xa6'
2018-03-25 00:39:37,b'RT @TheKathyBray: @dannygberg @JohnGuandolo @realDonaldTrump @JewhadiTM @THEHermanCain @1776Stonewall @TomFitton @AmbJohnBolton @DHSgov @so\xe2\x80\xa6'
2018-03-25 00:38:14,b'RT @TheKathyBray: @dannygberg @JohnGuandolo @realDonaldTrump @JewhadiTM @THEHermanCain @1776Stonewall @TomFitton @AmbJohnBolton @DHSgov @so\xe2\x80\xa6'
2018-03-25 00:34:38,b'RT @TheKathyBray: @dannygberg @JohnGuandolo @realDonaldTrump @JewhadiTM @THEHermanCain @1776Stonewall @TomFitton @AmbJohnBolton @DHSgov @so\xe2\x80\xa6'
2018-03-25 00:34:11,"b'Solutions #ArchitectCrew Solutions needed in #Dallas, apply now at #SouthwestAirlines! #job https://t.co/ePC20N79Ps https://t.co/iveAkErkN4'"
2018-03-25 00:32:50,b'RT @TheKathyBray: @dannygberg @JohnGuandolo @realDonaldTrump @JewhadiTM @THEHermanCain @1776Stonewall @TomFitton @AmbJohnBolton @DHSgov @so\xe2\x80\xa6'
2018-03-25 00:30:05,b'RT @TheKathyBray: @dannygberg @JohnGuandolo @realDonaldTrump @JewhadiTM @THEHermanCain @1776Stonewall @TomFitton @AmbJohnBolton @DHSgov @so\xe2\x80\xa6'
2018-03-25 00:30:05,b'RT @TheKathyBray: @dannygberg @JohnGuandolo @realDonaldTrump @JewhadiTM @THEHermanCain @1776Stonewall @TomFitton @AmbJohnBolton @DHSgov @so\xe2\x80\xa6'
2018-03-25 00:22:28,b'RT @TheKathyBray: @dannygberg @JohnGuandolo @realDonaldTrump @JewhadiTM @THEHermanCain @1776Stonewall @TomFitton @AmbJohnBolton @DHSgov @so\xe2\x80\xa6'
2018-03-25 00:22:04,b'RT @TheKathyBray: @dannygberg @JohnGuandolo @realDonaldTrump @JewhadiTM @THEHermanCain @1776Stonewall @TomFitton @AmbJohnBolton @DHSgov @so\xe2\x80\xa6'
2018-03-25 00:19:23,b'RT @TheKathyBray: @dannygberg @JohnGuandolo @realDonaldTrump @JewhadiTM @THEHermanCain @1776Stonewall @TomFitton @AmbJohnBolton @DHSgov @so\xe2\x80\xa6'
2018-03-25 00:18:39,b'RT @TheKathyBray: @dannygberg @JohnGuandolo @realDonaldTrump @JewhadiTM @THEHermanCain @1776Stonewall @TomFitton @AmbJohnBolton @DHSgov @so\xe2\x80\xa6'
2018-03-25 00:14:46,b'RT @TheKathyBray: @dannygberg @JohnGuandolo @realDonaldTrump @JewhadiTM @THEHermanCain @1776Stonewall @TomFitton @AmbJohnBolton @DHSgov @so\xe2\x80\xa6'
2018-03-25 00:12:46,b'RT @TheKathyBray: @dannygberg @JohnGuandolo @realDonaldTrump @JewhadiTM @THEHermanCain @1776Stonewall @TomFitton @AmbJohnBolton @DHSgov @so\xe2\x80\xa6'
2018-03-25 00:09:12,"b'#SouthwestAirlines is hiring a Sr #AnalystEnterprise #Management and Technical Operations in #Dallas, apply now!\xe2\x80\xa6 https://t.co/KZmyRqvL5W'"
2018-03-25 00:08:10,"b'RT @robinslarson: #SouthwestAirlines is looking for a Sr #Software Engineer (iOS #Tech Lead) in #Dallas, apply now! #job https://t.co/23Yix\xe2\x80\xa6'"
2018-03-25 00:00:52,"b'#SouthwestAirlines is looking for a Sr #Software Engineer (iOS #Tech Lead) in #Dallas, apply now! #job\xe2\x80\xa6 https://t.co/UdksuyqUVx'"
