"Table 1.1.6. Real Gross Domestic Product, Chained Dollars"
"[Billions of chained (2009) dollars] Seasonally adjusted at annual rates" 
"Bureau of Economic Analysis" 
"Last Revised on: February 28, 2018 - Next Release Date March 28, 2018"
"Line","","1947","1947","1947","1947","1948","1948","1948","1948","1949","1949","1949","1949","1950","1950","1950","1950","1951","1951","1951","1951","1952","1952","1952","1952","1953","1953","1953","1953","1954","1954","1954","1954","1955","1955","1955","1955","1956","1956","1956","1956","1957","1957","1957","1957","1958","1958","1958","1958","1959","1959","1959","1959","1960","1960","1960","1960","1961","1961","1961","1961","1962","1962","1962","1962","1963","1963","1963","1963","1964","1964","1964","1964","1965","1965","1965","1965","1966","1966","1966","1966","1967","1967","1967","1967","1968","1968","1968","1968","1969","1969","1969","1969","1970","1970","1970","1970","1971","1971","1971","1971","1972","1972","1972","1972","1973","1973","1973","1973","1974","1974","1974","1974","1975","1975","1975","1975","1976","1976","1976","1976","1977","1977","1977","1977","1978","1978","1978","1978","1979","1979","1979","1979","1980","1980","1980","1980","1981","1981","1981","1981","1982","1982","1982","1982","1983","1983","1983","1983","1984","1984","1984","1984","1985","1985","1985","1985","1986","1986","1986","1986","1987","1987","1987","1987","1988","1988","1988","1988","1989","1989","1989","1989","1990","1990","1990","1990","1991","1991","1991","1991","1992","1992","1992","1992","1993","1993","1993","1993","1994","1994","1994","1994","1995","1995","1995","1995","1996","1996","1996","1996","1997","1997","1997","1997","1998","1998","1998","1998","1999","1999","1999","1999","2000","2000","2000","2000","2001","2001","2001","2001","2002","2002","2002","2002","2003","2003","2003","2003","2004","2004","2004","2004","2005","2005","2005","2005","2006","2006","2006","2006","2007","2007","2007","2007","2008","2008","2008","2008","2009","2009","2009","2009","2010","2010","2010","2010","2011","2011","2011","2011","2012","2012","2012","2012","2013","2013","2013","2013","2014","2014","2014","2014","2015","2015","2015","2015","2016","2016","2016","2016","2017","2017","2017","2017"
"Line","","Q1","Q2","Q3","Q4","Q1","Q2","Q3","Q4","Q1","Q2","Q3","Q4","Q1","Q2","Q3","Q4","Q1","Q2","Q3","Q4","Q1","Q2","Q3","Q4","Q1","Q2","Q3","Q4","Q1","Q2","Q3","Q4","Q1","Q2","Q3","Q4","Q1","Q2","Q3","Q4","Q1","Q2","Q3","Q4","Q1","Q2","Q3","Q4","Q1","Q2","Q3","Q4","Q1","Q2","Q3","Q4","Q1","Q2","Q3","Q4","Q1","Q2","Q3","Q4","Q1","Q2","Q3","Q4","Q1","Q2","Q3","Q4","Q1","Q2","Q3","Q4","Q1","Q2","Q3","Q4","Q1","Q2","Q3","Q4","Q1","Q2","Q3","Q4","Q1","Q2","Q3","Q4","Q1","Q2","Q3","Q4","Q1","Q2","Q3","Q4","Q1","Q2","Q3","Q4","Q1","Q2","Q3","Q4","Q1","Q2","Q3","Q4","Q1","Q2","Q3","Q4","Q1","Q2","Q3","Q4","Q1","Q2","Q3","Q4","Q1","Q2","Q3","Q4","Q1","Q2","Q3","Q4","Q1","Q2","Q3","Q4","Q1","Q2","Q3","Q4","Q1","Q2","Q3","Q4","Q1","Q2","Q3","Q4","Q1","Q2","Q3","Q4","Q1","Q2","Q3","Q4","Q1","Q2","Q3","Q4","Q1","Q2","Q3","Q4","Q1","Q2","Q3","Q4","Q1","Q2","Q3","Q4","Q1","Q2","Q3","Q4","Q1","Q2","Q3","Q4","Q1","Q2","Q3","Q4","Q1","Q2","Q3","Q4","Q1","Q2","Q3","Q4","Q1","Q2","Q3","Q4","Q1","Q2","Q3","Q4","Q1","Q2","Q3","Q4","Q1","Q2","Q3","Q4","Q1","Q2","Q3","Q4","Q1","Q2","Q3","Q4","Q1","Q2","Q3","Q4","Q1","Q2","Q3","Q4","Q1","Q2","Q3","Q4","Q1","Q2","Q3","Q4","Q1","Q2","Q3","Q4","Q1","Q2","Q3","Q4","Q1","Q2","Q3","Q4","Q1","Q2","Q3","Q4","Q1","Q2","Q3","Q4","Q1","Q2","Q3","Q4","Q1","Q2","Q3","Q4","Q1","Q2","Q3","Q4","Q1","Q2","Q3","Q4","Q1","Q2","Q3","Q4","Q1","Q2","Q3","Q4","Q1","Q2","Q3","Q4","Q1","Q2","Q3","Q4"
"1","        Gross domestic product",1934.5,1932.3,1930.3,1960.7,1989.5,2021.9,2033.2,2035.3,2007.5,2000.8,2022.8,2004.7,2084.6,2147.6,2230.4,2273.4,2304.5,2344.5,2392.8,2398.1,2423.5,2428.5,2446.1,2526.4,2573.4,2593.5,2578.9,2539.8,2528.0,2530.7,2559.4,2609.3,2683.8,2727.5,2764.1,2780.8,2770.0,2792.9,2790.6,2836.2,2854.5,2848.2,2875.9,2846.4,2772.7,2790.9,2855.5,2922.3,2976.6,3049.0,3043.1,3055.1,3123.2,3111.3,3119.1,3081.3,3102.3,3159.9,3212.6,3277.7,3336.8,3372.7,3404.8,3418.0,3456.1,3501.1,3569.5,3595.0,3672.7,3716.4,3766.9,3780.2,3873.5,3926.4,4006.2,4100.6,4201.9,4219.1,4249.2,4285.6,4324.9,4328.7,4366.1,4401.2,4490.6,4566.4,4599.3,4619.8,4691.6,4706.7,4736.1,4715.5,4707.1,4715.4,4757.2,4708.3,4834.3,4861.9,4900.0,4914.3,5002.4,5118.3,5165.4,5251.2,5380.5,5441.5,5411.9,5462.4,5417.0,5431.3,5378.7,5357.2,5292.4,5333.2,5421.4,5494.4,5618.5,5661.0,5689.8,5732.5,5799.2,5913.0,6017.6,6018.2,6039.2,6274.0,6335.3,6420.3,6433.0,6440.8,6487.1,6503.9,6524.9,6392.6,6382.9,6501.2,6635.7,6587.3,6662.9,6585.1,6475.0,6510.2,6486.8,6493.1,6578.2,6728.3,6860.0,7001.5,7140.6,7266.0,7337.5,7396.0,7469.5,7537.9,7655.2,7712.6,7784.1,7819.8,7898.6,7939.5,7995.0,8084.7,8158.0,8292.7,8339.3,8449.5,8498.3,8610.9,8697.7,8766.1,8831.5,8850.2,8947.1,8981.7,8983.9,8907.4,8865.6,8934.4,8977.3,9016.4,9123.0,9223.5,9313.2,9406.5,9424.1,9480.1,9526.3,9653.5,9748.2,9881.4,9939.7,10052.5,10086.9,10122.1,10208.8,10281.2,10348.7,10529.4,10626.8,10739.1,10820.9,10984.2,11124.0,11210.3,11321.2,11431.0,11580.6,11770.7,11864.7,11962.5,12113.1,12323.3,12359.1,12592.5,12607.7,12679.3,12643.3,12710.3,12670.1,12705.3,12822.3,12893.0,12955.8,12964.0,13031.2,13152.1,13372.4,13528.7,13606.5,13706.2,13830.8,13950.4,14099.1,14172.7,14291.8,14373.4,14546.1,14589.6,14602.6,14716.9,14726.0,14838.7,14938.5,14991.8,14889.5,14963.4,14891.6,14577.0,14375.0,14355.6,14402.5,14541.9,14604.8,14745.9,14845.5,14939.0,14881.3,14989.6,15021.1,15190.3,15291.0,15362.4,15380.8,15384.3,15491.9,15521.6,15641.3,15793.9,15757.6,15935.8,16139.5,16220.2,16350.0,16460.9,16527.6,16547.6,16571.6,16663.5,16778.1,16851.4,16903.2,17031.1,17163.9,17271.7
"2","Personal consumption expenditures",1199.4,1219.3,1223.3,1223.6,1229.8,1244.1,1245.9,1255.8,1257.9,1277.1,1280.0,1298.8,1320.4,1342.1,1411.0,1368.4,1401.5,1361.9,1377.7,1385.8,1388.9,1416.1,1423.0,1473.3,1490.8,1499.8,1496.3,1486.4,1491.8,1511.3,1531.8,1564.0,1599.1,1629.7,1649.8,1670.5,1673.2,1678.8,1682.6,1705.8,1717.5,1720.5,1734.1,1734.9,1711.1,1725.1,1753.5,1777.1,1809.4,1837.3,1856.5,1858.6,1876.3,1900.1,1892.5,1894.9,1894.4,1922.6,1932.0,1970.7,1991.7,2016.1,2032.5,2061.3,2075.2,2095.1,2123.7,2141.4,2183.6,2222.0,2262.8,2269.2,2319.8,2345.5,2385.9,2452.9,2489.1,2495.4,2523.8,2534.2,2548.9,2583.7,2596.9,2612.7,2674.8,2715.6,2766.6,2779.1,2810.2,2828.2,2841.9,2864.6,2882.3,2895.6,2921.1,2913.1,2968.9,2996.1,3020.0,3070.2,3110.8,3170.2,3219.1,3294.6,3354.8,3353.4,3365.3,3355.5,3326.2,3337.9,3351.6,3302.5,3330.1,3385.7,3434.1,3470.5,3539.9,3572.4,3610.3,3657.5,3699.3,3719.7,3755.2,3811.8,3833.8,3915.6,3932.0,3963.5,3983.6,3981.3,4020.4,4031.2,4025.0,3934.5,3976.9,4029.6,4050.8,4050.1,4066.4,4035.9,4062.6,4077.6,4109.1,4184.1,4224.8,4308.4,4384.0,4453.1,4490.9,4554.9,4589.9,4650.6,4729.7,4774.1,4865.8,4878.3,4919.6,4974.6,5064.7,5097.1,5097.9,5168.6,5228.5,5239.5,5332.7,5371.8,5417.7,5479.7,5505.0,5530.9,5585.9,5610.5,5658.7,5676.4,5699.3,5656.2,5636.7,5684.0,5711.6,5710.1,5817.3,5857.2,5920.6,5991.1,6013.8,6067.8,6134.8,6189.1,6260.1,6308.6,6357.5,6425.9,6442.9,6500.7,6560.3,6606.4,6667.7,6740.1,6780.7,6834.0,6906.1,6937.4,7056.1,7139.9,7213.6,7341.0,7437.5,7546.8,7618.7,7731.5,7819.3,7934.1,8054.9,8132.2,8211.3,8284.4,8319.4,8340.8,8371.2,8499.1,8524.6,8568.1,8628.0,8674.4,8712.5,8809.5,8939.4,9008.8,9096.4,9155.5,9243.0,9337.8,9409.2,9511.5,9585.2,9621.3,9729.2,9781.0,9838.1,9938.4,9990.7,10024.6,10069.2,10081.8,10061.0,10077.9,10005.1,9884.7,9850.8,9806.4,9865.9,9864.8,9917.7,9998.4,10063.1,10166.1,10217.1,10237.7,10282.2,10316.8,10379.0,10396.6,10424.1,10453.2,10502.3,10523.9,10573.1,10662.2,10713.4,10805.1,10909.9,11045.2,11145.3,11227.9,11304.6,11379.3,11430.5,11537.7,11618.1,11702.1,11758.0,11853.0,11916.6,12027.9
"3","    Goods","---","---","---","---","---","---","---","---","---","---","---","---","---","---","---","---","---","---","---","---","---","---","---","---","---","---","---","---","---","---","---","---","---","---","---","---","---","---","---","---","---","---","---","---","---","---","---","---","---","---","---","---","---","---","---","---","---","---","---","---","---","---","---","---","---","---","---","---","---","---","---","---","---","---","---","---","---","---","---","---","---","---","---","---","---","---","---","---","---","---","---","---","---","---","---","---","---","---","---","---","---","---","---","---","---","---","---","---","---","---","---","---","---","---","---","---","---","---","---","---","---","---","---","---","---","---","---","---","---","---","---","---","---","---","---","---","---","---","---","---","---","---","---","---","---","---","---","---","---","---","---","---","---","---","---","---","---","---","---","---","---","---","---","---","---","---","---","---","---","---","---","---","---","---","---","---","---","---","---","---","---","---","---","---","---","---","---","---","---","---","---","---","---","---","---","---","---","---","---","---","---","---","---","---","---","---","---","---",2393.6,2449.8,2478.8,2521.3,2559.1,2572.6,2599.4,2621.9,2628.0,2635.1,2653.9,2749.5,2742.6,2753.6,2788.3,2796.2,2811.7,2872.2,2953.5,2980.4,3012.8,3029.5,3066.0,3099.4,3136.5,3177.8,3195.5,3198.8,3262.2,3267.8,3294.5,3345.6,3363.5,3376.3,3392.3,3394.9,3348.7,3360.4,3296.6,3185.5,3188.8,3166.9,3222.9,3215.2,3247.0,3288.0,3319.1,3380.5,3404.9,3398.2,3405.5,3438.5,3480.1,3489.8,3513.5,3533.6,3582.9,3594.3,3620.5,3656.3,3677.9,3733.5,3774.8,3827.8,3867.2,3910.2,3952.0,3979.9,4000.4,4059.1,4090.8,4138.4,4145.4,4199.9,4246.0,4323.5
"4","        Durable goods","---","---","---","---","---","---","---","---","---","---","---","---","---","---","---","---","---","---","---","---","---","---","---","---","---","---","---","---","---","---","---","---","---","---","---","---","---","---","---","---","---","---","---","---","---","---","---","---","---","---","---","---","---","---","---","---","---","---","---","---","---","---","---","---","---","---","---","---","---","---","---","---","---","---","---","---","---","---","---","---","---","---","---","---","---","---","---","---","---","---","---","---","---","---","---","---","---","---","---","---","---","---","---","---","---","---","---","---","---","---","---","---","---","---","---","---","---","---","---","---","---","---","---","---","---","---","---","---","---","---","---","---","---","---","---","---","---","---","---","---","---","---","---","---","---","---","---","---","---","---","---","---","---","---","---","---","---","---","---","---","---","---","---","---","---","---","---","---","---","---","---","---","---","---","---","---","---","---","---","---","---","---","---","---","---","---","---","---","---","---","---","---","---","---","---","---","---","---","---","---","---","---","---","---","---","---","---","---",664.0,695.8,712.5,721.0,761.2,747.2,759.8,765.1,777.7,777.0,785.9,851.4,841.0,849.2,874.1,862.0,864.7,904.4,944.7,956.8,972.7,982.2,1001.3,1015.5,1026.3,1055.4,1067.3,1038.8,1081.3,1080.2,1095.1,1109.6,1122.0,1138.3,1150.9,1155.5,1122.5,1119.0,1084.7,1006.8,1008.6,1002.6,1050.6,1031.5,1045.2,1076.3,1093.8,1127.4,1141.8,1134.2,1148.6,1181.5,1213.8,1222.1,1242.2,1266.7,1297.1,1303.9,1316.9,1332.9,1350.9,1393.6,1419.6,1448.2,1475.6,1506.3,1524.9,1540.6,1544.4,1576.2,1611.9,1647.9,1647.3,1677.8,1712.9,1769.1
"5","        Nondurable goods","---","---","---","---","---","---","---","---","---","---","---","---","---","---","---","---","---","---","---","---","---","---","---","---","---","---","---","---","---","---","---","---","---","---","---","---","---","---","---","---","---","---","---","---","---","---","---","---","---","---","---","---","---","---","---","---","---","---","---","---","---","---","---","---","---","---","---","---","---","---","---","---","---","---","---","---","---","---","---","---","---","---","---","---","---","---","---","---","---","---","---","---","---","---","---","---","---","---","---","---","---","---","---","---","---","---","---","---","---","---","---","---","---","---","---","---","---","---","---","---","---","---","---","---","---","---","---","---","---","---","---","---","---","---","---","---","---","---","---","---","---","---","---","---","---","---","---","---","---","---","---","---","---","---","---","---","---","---","---","---","---","---","---","---","---","---","---","---","---","---","---","---","---","---","---","---","---","---","---","---","---","---","---","---","---","---","---","---","---","---","---","---","---","---","---","---","---","---","---","---","---","---","---","---","---","---","---","---",1780.2,1796.8,1805.1,1841.8,1825.7,1862.0,1874.3,1892.3,1881.0,1889.8,1898.6,1914.7,1921.7,1922.7,1927.4,1952.6,1966.0,1980.3,2017.0,2030.9,2046.3,2052.6,2068.5,2087.2,2114.0,2123.2,2127.9,2164.2,2182.1,2189.3,2200.3,2237.0,2241.6,2237.1,2240.2,2238.4,2226.2,2241.8,2212.2,2178.6,2180.2,2164.4,2172.5,2183.5,2201.6,2212.1,2226.0,2254.5,2265.1,2265.6,2259.7,2262.4,2273.9,2275.9,2281.1,2279.4,2300.4,2305.4,2319.2,2339.6,2344.8,2362.0,2379.4,2405.7,2420.2,2435.2,2459.2,2472.5,2488.6,2517.5,2517.9,2533.2,2540.2,2566.6,2581.5,2609.1
"6","    Services","---","---","---","---","---","---","---","---","---","---","---","---","---","---","---","---","---","---","---","---","---","---","---","---","---","---","---","---","---","---","---","---","---","---","---","---","---","---","---","---","---","---","---","---","---","---","---","---","---","---","---","---","---","---","---","---","---","---","---","---","---","---","---","---","---","---","---","---","---","---","---","---","---","---","---","---","---","---","---","---","---","---","---","---","---","---","---","---","---","---","---","---","---","---","---","---","---","---","---","---","---","---","---","---","---","---","---","---","---","---","---","---","---","---","---","---","---","---","---","---","---","---","---","---","---","---","---","---","---","---","---","---","---","---","---","---","---","---","---","---","---","---","---","---","---","---","---","---","---","---","---","---","---","---","---","---","---","---","---","---","---","---","---","---","---","---","---","---","---","---","---","---","---","---","---","---","---","---","---","---","---","---","---","---","---","---","---","---","---","---","---","---","---","---","---","---","---","---","---","---","---","---","---","---","---","---","---","---",5245.4,5297.5,5356.2,5427.4,5510.8,5577.3,5629.2,5679.9,5709.6,5723.7,5733.7,5756.8,5791.9,5825.2,5848.2,5887.4,5909.4,5942.3,5986.9,6029.0,6084.0,6126.8,6177.1,6238.4,6271.5,6331.8,6388.4,6421.9,6464.4,6511.3,6541.2,6589.5,6623.8,6644.9,6673.4,6683.6,6710.5,6715.5,6708.1,6700.3,6662.5,6639.5,6642.7,6649.4,6670.6,6710.3,6744.0,6785.6,6812.0,6839.2,6876.6,6877.7,6898.0,6906.0,6909.7,6918.8,6918.6,6929.0,6952.2,7005.6,7035.3,7072.3,7135.9,7218.7,7279.6,7320.6,7356.7,7403.7,7434.7,7485.7,7534.9,7573.8,7621.0,7664.4,7685.5,7725.0
"7","Gross private domestic investment",222.7,205.6,199.6,238.2,262.6,278.9,281.7,268.3,228.0,197.7,214.1,203.6,251.9,278.9,302.9,341.3,306.5,313.6,290.5,267.3,274.3,253.6,267.2,286.5,292.6,294.3,288.1,267.3,265.4,264.8,277.6,289.7,318.7,337.9,343.1,351.1,341.1,338.4,335.4,332.2,327.1,326.8,334.2,308.5,287.7,281.9,303.5,329.4,347.4,374.4,350.2,361.6,398.0,360.9,360.0,320.1,328.4,351.4,378.7,385.0,405.7,402.5,409.4,397.4,418.3,425.0,438.0,443.4,460.0,458.3,469.0,473.5,518.6,520.0,538.1,541.6,584.9,576.2,572.0,575.3,561.2,540.9,556.8,568.8,580.2,602.4,586.0,592.3,627.2,623.5,636.2,605.5,587.4,588.7,598.3,566.5,632.5,650.5,658.4,640.6,682.9,721.6,731.9,736.5,779.6,812.9,783.4,811.3,765.0,761.9,722.4,726.8,609.7,591.6,637.5,655.2,718.5,746.9,749.5,755.1,790.1,846.8,889.6,867.3,884.2,941.6,969.1,991.5,993.1,992.2,975.5,958.2,951.6,870.7,813.3,889.2,971.7,931.3,983.5,948.4,854.9,853.8,845.7,780.3,807.5,879.1,934.2,1025.1,1124.2,1160.7,1185.8,1170.4,1138.3,1157.7,1149.8,1192.2,1191.9,1171.0,1139.5,1143.0,1173.8,1174.4,1174.6,1254.6,1194.4,1222.9,1229.7,1248.4,1290.7,1278.3,1266.9,1257.7,1270.0,1270.4,1245.6,1176.3,1137.1,1137.2,1159.8,1201.0,1178.9,1245.7,1255.8,1294.2,1324.6,1332.1,1323.1,1392.5,1446.2,1517.1,1492.2,1553.5,1570.3,1537.7,1528.6,1566.7,1590.6,1667.7,1744.5,1743.9,1781.6,1880.0,1913.6,1940.7,2027.1,2013.4,2067.2,2125.5,2186.1,2188.0,2242.8,2308.6,2287.8,2424.5,2394.1,2395.6,2285.3,2277.1,2236.6,2126.9,2202.8,2224.9,2224.6,2220.7,2239.5,2251.3,2330.9,2413.1,2414.5,2500.9,2539.4,2590.6,2664.4,2630.5,2657.9,2737.6,2773.8,2755.7,2727.6,2663.0,2638.5,2674.7,2658.1,2605.2,2517.5,2472.6,2403.8,2190.0,1937.7,1820.5,1804.7,1949.6,2012.9,2116.9,2185.7,2166.1,2125.9,2208.0,2214.0,2373.7,2429.6,2489.1,2482.0,2462.2,2543.0,2574.3,2656.8,2692.0,2652.5,2750.6,2826.4,2817.3,2905.4,2911.3,2925.5,2879.2,2849.8,2830.2,2847.2,2905.7,2897.0,2924.7,2976.5,3002.5
"8","    Fixed investment","---","---","---","---","---","---","---","---","---","---","---","---","---","---","---","---","---","---","---","---","---","---","---","---","---","---","---","---","---","---","---","---","---","---","---","---","---","---","---","---","---","---","---","---","---","---","---","---","---","---","---","---","---","---","---","---","---","---","---","---","---","---","---","---","---","---","---","---","---","---","---","---","---","---","---","---","---","---","---","---","---","---","---","---","---","---","---","---","---","---","---","---","---","---","---","---","---","---","---","---","---","---","---","---","---","---","---","---","---","---","---","---","---","---","---","---","---","---","---","---","---","---","---","---","---","---","---","---","---","---","---","---","---","---","---","---","---","---","---","---","---","---","---","---","---","---","---","---","---","---","---","---","---","---","---","---","---","---","---","---","---","---","---","---","---","---","---","---","---","---","---","---","---","---","---","---","---","---","---","---","---","---","---","---","---","---","---","---","---","---","---","---","---","---","---","---","---","---","---","---","---","---","---","---","---","---","---","---",2101.6,2151.2,2200.4,2210.5,2272.0,2322.9,2332.4,2337.5,2325.4,2294.7,2276.1,2223.8,2210.7,2205.2,2197.8,2190.9,2206.8,2254.4,2325.9,2370.9,2362.5,2422.8,2472.0,2518.2,2558.8,2599.2,2640.4,2645.5,2700.7,2676.8,2649.6,2622.8,2618.2,2624.9,2609.0,2586.3,2539.1,2503.4,2424.1,2263.8,2089.3,2011.0,2008.4,1994.1,1997.9,2062.8,2060.8,2103.1,2098.4,2140.2,2227.5,2280.6,2360.4,2399.8,2400.4,2441.0,2482.7,2508.8,2526.7,2567.2,2599.4,2663.0,2722.5,2724.2,2751.5,2783.4,2806.6,2789.4,2787.8,2797.5,2808.2,2820.3,2875.7,2898.5,2915.8,2972.8
"9","        Nonresidential","---","---","---","---","---","---","---","---","---","---","---","---","---","---","---","---","---","---","---","---","---","---","---","---","---","---","---","---","---","---","---","---","---","---","---","---","---","---","---","---","---","---","---","---","---","---","---","---","---","---","---","---","---","---","---","---","---","---","---","---","---","---","---","---","---","---","---","---","---","---","---","---","---","---","---","---","---","---","---","---","---","---","---","---","---","---","---","---","---","---","---","---","---","---","---","---","---","---","---","---","---","---","---","---","---","---","---","---","---","---","---","---","---","---","---","---","---","---","---","---","---","---","---","---","---","---","---","---","---","---","---","---","---","---","---","---","---","---","---","---","---","---","---","---","---","---","---","---","---","---","---","---","---","---","---","---","---","---","---","---","---","---","---","---","---","---","---","---","---","---","---","---","---","---","---","---","---","---","---","---","---","---","---","---","---","---","---","---","---","---","---","---","---","---","---","---","---","---","---","---","---","---","---","---","---","---","---","---",1459.0,1497.3,1539.3,1544.9,1599.9,1650.5,1667.9,1672.3,1658.8,1621.2,1600.0,1553.6,1522.1,1501.9,1493.0,1475.1,1478.6,1514.3,1544.7,1566.8,1549.4,1583.8,1626.9,1661.4,1681.9,1706.1,1737.4,1744.3,1808.7,1831.3,1853.1,1865.2,1897.2,1934.4,1964.4,1997.6,1998.1,1986.6,1933.0,1820.1,1688.3,1634.0,1613.1,1598.4,1615.0,1659.3,1692.8,1728.1,1724.1,1761.0,1840.8,1883.1,1938.1,1973.7,1963.4,1981.4,2006.7,2019.0,2029.6,2076.3,2112.6,2160.6,2215.1,2202.4,2214.7,2230.7,2238.8,2209.9,2187.5,2205.3,2224.0,2224.9,2263.6,2300.6,2326.9,2364.4
"10","            Structures","---","---","---","---","---","---","---","---","---","---","---","---","---","---","---","---","---","---","---","---","---","---","---","---","---","---","---","---","---","---","---","---","---","---","---","---","---","---","---","---","---","---","---","---","---","---","---","---","---","---","---","---","---","---","---","---","---","---","---","---","---","---","---","---","---","---","---","---","---","---","---","---","---","---","---","---","---","---","---","---","---","---","---","---","---","---","---","---","---","---","---","---","---","---","---","---","---","---","---","---","---","---","---","---","---","---","---","---","---","---","---","---","---","---","---","---","---","---","---","---","---","---","---","---","---","---","---","---","---","---","---","---","---","---","---","---","---","---","---","---","---","---","---","---","---","---","---","---","---","---","---","---","---","---","---","---","---","---","---","---","---","---","---","---","---","---","---","---","---","---","---","---","---","---","---","---","---","---","---","---","---","---","---","---","---","---","---","---","---","---","---","---","---","---","---","---","---","---","---","---","---","---","---","---","---","---","---","---",497.6,492.4,492.2,497.3,507.8,529.0,547.6,549.5,534.0,536.9,541.2,489.4,463.4,438.0,417.3,411.4,408.5,419.3,417.5,418.0,409.3,411.6,417.9,417.7,423.1,420.9,418.6,422.3,437.8,450.9,458.9,458.4,474.8,500.6,524.0,536.8,539.0,547.7,543.7,530.3,490.5,453.3,422.6,386.5,359.7,369.8,364.4,371.2,343.0,366.7,388.2,400.9,419.5,429.9,425.5,417.5,412.0,422.3,439.3,441.6,463.5,477.0,474.9,480.5,477.9,483.3,463.8,436.7,439.1,439.7,454.6,452.1,468.0,476.0,467.4,470.3
"11","            Equipment","---","---","---","---","---","---","---","---","---","---","---","---","---","---","---","---","---","---","---","---","---","---","---","---","---","---","---","---","---","---","---","---","---","---","---","---","---","---","---","---","---","---","---","---","---","---","---","---","---","---","---","---","---","---","---","---","---","---","---","---","---","---","---","---","---","---","---","---","---","---","---","---","---","---","---","---","---","---","---","---","---","---","---","---","---","---","---","---","---","---","---","---","---","---","---","---","---","---","---","---","---","---","---","---","---","---","---","---","---","---","---","---","---","---","---","---","---","---","---","---","---","---","---","---","---","---","---","---","---","---","---","---","---","---","---","---","---","---","---","---","---","---","---","---","---","---","---","---","---","---","---","---","---","---","---","---","---","---","---","---","---","---","---","---","---","---","---","---","---","---","---","---","---","---","---","---","---","---","---","---","---","---","---","---","---","---","---","---","---","---","---","---","---","---","---","---","---","---","---","---","---","---","---","---","---","---","---","---",635.4,658.0,680.3,675.9,706.4,732.5,735.1,733.7,728.1,697.8,679.7,677.0,665.5,657.9,659.4,649.2,649.5,671.3,691.0,704.3,692.8,719.9,744.6,767.4,774.2,791.0,817.9,823.4,866.5,869.6,871.9,875.2,886.1,896.2,900.9,910.0,899.4,876.6,831.6,736.8,653.9,631.6,639.9,651.9,697.7,735.2,766.2,787.8,810.6,819.3,871.0,890.8,924.4,944.0,936.0,952.6,972.7,979.6,966.6,1010.5,1012.6,1039.1,1085.8,1052.3,1073.2,1075.3,1101.3,1088.3,1050.7,1049.0,1043.4,1048.0,1059.4,1082.0,1110.1,1141.4
"12","            Intellectual property products","---","---","---","---","---","---","---","---","---","---","---","---","---","---","---","---","---","---","---","---","---","---","---","---","---","---","---","---","---","---","---","---","---","---","---","---","---","---","---","---","---","---","---","---","---","---","---","---","---","---","---","---","---","---","---","---","---","---","---","---","---","---","---","---","---","---","---","---","---","---","---","---","---","---","---","---","---","---","---","---","---","---","---","---","---","---","---","---","---","---","---","---","---","---","---","---","---","---","---","---","---","---","---","---","---","---","---","---","---","---","---","---","---","---","---","---","---","---","---","---","---","---","---","---","---","---","---","---","---","---","---","---","---","---","---","---","---","---","---","---","---","---","---","---","---","---","---","---","---","---","---","---","---","---","---","---","---","---","---","---","---","---","---","---","---","---","---","---","---","---","---","---","---","---","---","---","---","---","---","---","---","---","---","---","---","---","---","---","---","---","---","---","---","---","---","---","---","---","---","---","---","---","---","---","---","---","---","---",371.3,385.3,400.3,407.6,419.4,425.3,427.5,432.0,435.1,430.2,426.6,420.1,419.8,425.8,430.1,427.9,433.0,436.6,446.2,452.9,454.7,457.8,468.6,478.4,487.0,495.0,499.9,498.0,503.8,511.0,522.9,532.1,537.0,538.9,541.1,552.4,561.2,563.3,558.2,552.5,543.6,549.4,550.9,559.8,557.6,554.7,563.0,570.0,571.9,576.3,583.5,593.3,596.1,601.7,603.7,613.8,625.2,620.1,625.5,627.2,637.9,645.8,657.8,670.9,666.1,674.1,678.9,692.2,702.8,721.5,729.0,728.3,738.6,745.3,754.8,759.4
"13","        Residential","---","---","---","---","---","---","---","---","---","---","---","---","---","---","---","---","---","---","---","---","---","---","---","---","---","---","---","---","---","---","---","---","---","---","---","---","---","---","---","---","---","---","---","---","---","---","---","---","---","---","---","---","---","---","---","---","---","---","---","---","---","---","---","---","---","---","---","---","---","---","---","---","---","---","---","---","---","---","---","---","---","---","---","---","---","---","---","---","---","---","---","---","---","---","---","---","---","---","---","---","---","---","---","---","---","---","---","---","---","---","---","---","---","---","---","---","---","---","---","---","---","---","---","---","---","---","---","---","---","---","---","---","---","---","---","---","---","---","---","---","---","---","---","---","---","---","---","---","---","---","---","---","---","---","---","---","---","---","---","---","---","---","---","---","---","---","---","---","---","---","---","---","---","---","---","---","---","---","---","---","---","---","---","---","---","---","---","---","---","---","---","---","---","---","---","---","---","---","---","---","---","---","---","---","---","---","---","---",623.0,632.7,637.4,642.1,645.3,641.9,632.0,632.6,635.3,645.2,649.2,645.0,666.2,682.7,684.7,697.1,709.8,721.0,762.3,785.0,794.2,819.5,825.3,836.7,856.4,872.3,881.9,879.9,871.7,827.8,781.6,745.2,711.2,682.7,639.2,586.1,540.0,516.3,490.9,443.6,401.0,377.0,395.4,395.7,383.0,403.5,368.1,375.1,374.4,379.3,386.8,397.6,422.5,426.3,437.3,459.8,475.9,489.5,496.8,491.1,487.6,503.0,508.5,521.8,536.1,551.1,565.2,575.3,593.7,586.5,579.8,589.8,605.5,594.1,587.0,605.3
"14","    Change in private inventories",5.5,-3.8,-14.9,-2.5,12.4,23.7,27.7,21.4,-2.2,-19.3,-4.2,-19.3,8.1,11.8,15.5,49.6,30.8,44.8,29.5,12.7,15.9,-3.9,17.6,17.7,14.3,14.0,8.5,-7.3,-6.5,-10.4,-8.3,-3.1,12.4,18.3,16.7,23.0,19.4,13.5,10.4,9.2,5.0,7.2,10.5,-9.8,-12.3,-10.7,5.4,14.2,11.5,29.2,3.5,17.1,42.8,12.2,17.3,-20.1,-9.2,7.9,26.2,21.8,34.4,21.6,25.4,15.1,29.6,19.5,23.2,16.9,18.1,17.3,20.8,19.9,45.5,32.8,36.9,29.7,52.0,50.0,44.5,61.2,57.3,25.2,33.9,33.0,30.1,52.8,28.8,23.9,40.1,33.5,38.7,21.0,3.8,17.8,17.9,-14.9,42.1,35.8,34.1,-2.0,12.3,40.3,43.1,17.3,28.4,55.5,26.5,61.4,29.9,39.3,12.6,46.3,-18.7,-32.7,-5.2,0.3,34.6,52.0,47.0,17.2,29.3,43.7,76.6,40.3,48.2,47.2,48.1,57.2,43.3,49.0,18.0,13.0,14.3,12.2,-52.9,-15.0,61.1,15.3,63.1,32.1,-30.1,-5.9,6.6,-57.5,-53.5,-8.4,-2.9,30.4,96.9,91.1,95.1,59.9,18.5,27.1,22.8,41.9,37.2,18.1,-10.4,-8.8,40.1,22.5,-1.9,84.5,18.6,25.8,21.4,29.5,58.2,44.6,12.3,17.9,16.4,41.1,26.9,-12.6,-20.0,-23.7,1.0,34.8,2.6,25.3,23.2,26.6,46.0,31.0,2.1,17.3,54.7,98.7,61.6,86.6,72.4,41.3,9.4,15.1,2.0,29.6,65.5,38.2,51.4,112.9,80.9,94.0,127.9,49.6,67.4,71.1,97.5,45.3,51.5,107.5,23.6,108.7,68.7,63.9,-37.9,-12.8,-36.9,-97.4,-3.8,26.5,32.4,35.1,36.3,-0.2,7.6,46.6,56.4,81.9,71.1,76.2,111.3,33.0,18.2,94.8,78.6,84.4,81.9,41.4,19.6,49.4,50.2,23.0,-20.2,-26.4,-20.7,-67.4,-144.5,-190.1,-206.1,-49.6,9.8,48.8,116.2,58.1,25.1,57.5,-13.0,80.8,56.0,76.6,70.6,15.5,49.6,52.6,109.0,103.6,38.7,69.9,85.6,76.9,132.2,105.6,96.2,68.2,40.6,12.2,17.6,63.1,1.2,5.5,38.5,8.0
"15","Net exports of goods and services","---","---","---","---","---","---","---","---","---","---","---","---","---","---","---","---","---","---","---","---","---","---","---","---","---","---","---","---","---","---","---","---","---","---","---","---","---","---","---","---","---","---","---","---","---","---","---","---","---","---","---","---","---","---","---","---","---","---","---","---","---","---","---","---","---","---","---","---","---","---","---","---","---","---","---","---","---","---","---","---","---","---","---","---","---","---","---","---","---","---","---","---","---","---","---","---","---","---","---","---","---","---","---","---","---","---","---","---","---","---","---","---","---","---","---","---","---","---","---","---","---","---","---","---","---","---","---","---","---","---","---","---","---","---","---","---","---","---","---","---","---","---","---","---","---","---","---","---","---","---","---","---","---","---","---","---","---","---","---","---","---","---","---","---","---","---","---","---","---","---","---","---","---","---","---","---","---","---","---","---","---","---","---","---","---","---","---","---","---","---","---","---","---","---","---","---","---","---","---","---","---","---","---","---","---","---","---","---",-340.4,-371.1,-393.9,-402.9,-449.0,-464.9,-493.5,-503.8,-494.0,-483.8,-508.7,-521.8,-546.0,-567.7,-585.1,-638.4,-620.3,-649.7,-642.1,-655.4,-676.1,-740.0,-753.0,-769.9,-774.1,-773.5,-777.7,-803.9,-799.0,-799.1,-819.7,-759.3,-771.0,-753.7,-703.2,-622.6,-623.7,-550.4,-526.9,-530.3,-451.3,-366.3,-383.6,-380.4,-408.8,-469.7,-498.4,-458.1,-466.2,-455.2,-454.3,-461.7,-462.7,-452.7,-446.8,-426.0,-414.4,-421.1,-416.1,-368.1,-411.0,-426.2,-416.7,-456.9,-524.1,-526.2,-559.3,-571.5,-584.2,-572.4,-557.3,-631.1,-622.2,-613.6,-597.5,-652.2
"16","    Exports",91.0,89.8,85.3,75.6,72.2,65.4,67.0,64.6,72.3,71.7,65.7,56.9,56.0,56.6,58.1,62.8,66.0,72.4,74.2,73.5,77.4,68.9,63.5,63.9,62.8,63.2,65.8,63.6,60.7,69.5,67.2,70.3,73.0,71.2,75.9,76.3,79.9,85.3,88.1,92.1,98.1,95.2,92.5,89.7,80.8,81.2,81.5,81.2,86.6,89.5,92.3,89.8,101.1,107.5,104.8,106.9,106.2,104.7,104.2,107.4,107.1,117.4,110.8,108.4,111.0,124.0,117.3,123.2,130.8,133.0,131.9,135.9,121.2,144.0,135.7,145.5,143.0,149.2,143.6,148.3,151.2,149.8,146.2,150.4,154.7,157.8,167.1,165.0,145.2,177.8,173.6,179.5,180.9,188.9,188.3,190.1,190.8,190.4,198.3,181.7,201.4,195.5,207.4,216.1,232.0,243.2,244.0,256.0,259.2,271.8,257.2,263.9,265.8,258.0,253.7,268.0,266.2,268.9,276.7,279.5,275.0,282.4,284.6,275.5,281.9,311.3,314.7,327.2,327.5,328.4,340.2,361.6,371.7,378.7,377.9,375.6,382.7,384.8,376.6,378.4,362.0,364.1,348.0,332.1,337.4,338.4,343.5,350.5,357.8,366.7,374.8,382.4,383.4,382.5,377.0,388.3,400.5,404.8,414.1,429.5,429.8,447.5,466.9,484.3,511.2,525.5,535.9,552.2,568.7,593.6,599.7,608.7,635.2,643.1,648.0,653.7,657.7,681.6,697.8,713.5,726.4,726.7,742.1,745.9,747.6,756.5,754.5,778.9,786.5,813.1,843.5,863.0,879.6,891.9,930.5,943.8,955.2,970.7,978.6,1039.6,1059.4,1101.7,1127.2,1125.7,1130.9,1118.5,1113.3,1154.5,1126.4,1137.9,1171.3,1200.9,1219.2,1254.7,1285.5,1274.3,1254.5,1213.0,1154.1,1118.0,1140.9,1172.1,1180.5,1164.5,1157.6,1156.2,1187.0,1239.2,1276.6,1293.1,1300.6,1332.1,1352.6,1377.6,1379.2,1418.1,1471.0,1498.5,1495.5,1562.1,1587.7,1615.7,1665.6,1716.7,1737.9,1790.0,1766.1,1669.2,1535.3,1539.4,1593.3,1682.9,1708.2,1748.1,1797.5,1852.6,1862.3,1890.7,1910.6,1929.7,1942.6,1964.4,1974.1,1971.7,1991.1,2015.5,2031.0,2088.6,2075.8,2121.8,2125.1,2150.8,2126.4,2145.8,2124.1,2111.9,2098.1,2112.5,2145.3,2124.4,2162.3,2181.1,2192.4,2230.5
"17","        Goods","---","---","---","---","---","---","---","---","---","---","---","---","---","---","---","---","---","---","---","---","---","---","---","---","---","---","---","---","---","---","---","---","---","---","---","---","---","---","---","---","---","---","---","---","---","---","---","---","---","---","---","---","---","---","---","---","---","---","---","---","---","---","---","---","---","---","---","---","---","---","---","---","---","---","---","---","---","---","---","---","---","---","---","---","---","---","---","---","---","---","---","---","---","---","---","---","---","---","---","---","---","---","---","---","---","---","---","---","---","---","---","---","---","---","---","---","---","---","---","---","---","---","---","---","---","---","---","---","---","---","---","---","---","---","---","---","---","---","---","---","---","---","---","---","---","---","---","---","---","---","---","---","---","---","---","---","---","---","---","---","---","---","---","---","---","---","---","---","---","---","---","---","---","---","---","---","---","---","---","---","---","---","---","---","---","---","---","---","---","---","---","---","---","---","---","---","---","---","---","---","---","---","---","---","---","---","---","---",793.8,805.1,826.0,852.6,869.3,895.5,928.4,915.7,902.1,866.1,818.4,800.3,798.9,826.9,832.3,813.1,815.4,815.5,832.7,869.0,886.0,899.3,907.8,924.8,942.5,971.7,970.2,997.8,1041.9,1056.9,1058.3,1091.0,1105.6,1122.8,1155.8,1181.7,1211.8,1249.0,1241.2,1144.1,1027.6,1020.8,1070.9,1141.2,1173.7,1204.1,1229.9,1265.4,1274.0,1289.5,1300.5,1326.2,1332.2,1347.6,1355.0,1341.9,1350.5,1372.3,1384.2,1435.7,1413.5,1450.0,1457.9,1474.2,1441.6,1460.6,1442.2,1428.2,1429.2,1439.1,1467.2,1454.5,1492.3,1500.4,1507.3,1550.7
"18","        Services","---","---","---","---","---","---","---","---","---","---","---","---","---","---","---","---","---","---","---","---","---","---","---","---","---","---","---","---","---","---","---","---","---","---","---","---","---","---","---","---","---","---","---","---","---","---","---","---","---","---","---","---","---","---","---","---","---","---","---","---","---","---","---","---","---","---","---","---","---","---","---","---","---","---","---","---","---","---","---","---","---","---","---","---","---","---","---","---","---","---","---","---","---","---","---","---","---","---","---","---","---","---","---","---","---","---","---","---","---","---","---","---","---","---","---","---","---","---","---","---","---","---","---","---","---","---","---","---","---","---","---","---","---","---","---","---","---","---","---","---","---","---","---","---","---","---","---","---","---","---","---","---","---","---","---","---","---","---","---","---","---","---","---","---","---","---","---","---","---","---","---","---","---","---","---","---","---","---","---","---","---","---","---","---","---","---","---","---","---","---","---","---","---","---","---","---","---","---","---","---","---","---","---","---","---","---","---","---",331.7,331.7,344.2,346.8,348.3,357.6,354.9,356.7,350.4,345.3,334.4,316.1,341.1,344.0,347.0,350.6,341.1,339.6,353.4,369.3,390.1,393.1,391.9,406.6,409.3,404.8,407.9,419.2,427.8,440.4,435.8,470.1,481.2,492.0,508.9,534.4,525.0,539.8,523.4,524.9,507.6,518.7,522.5,541.7,534.2,543.6,567.2,587.0,588.0,601.2,610.3,603.0,610.1,616.4,618.6,629.9,640.7,643.1,646.6,652.6,662.0,671.6,667.1,676.5,684.1,684.9,681.3,682.6,668.8,673.3,678.5,670.6,672.2,682.3,686.6,683.4
"19","    Imports",54.7,55.7,49.4,52.1,58.8,61.1,64.3,63.2,61.3,60.4,58.0,58.8,60.5,63.8,78.8,78.9,78.9,76.3,69.8,68.0,75.9,75.5,80.1,87.3,85.2,89.6,89.2,84.9,80.0,87.1,81.9,82.7,87.5,92.5,94.1,97.5,101.6,101.0,101.9,97.2,105.0,105.8,103.8,104.1,105.7,110.2,108.5,114.2,117.1,122.8,124.0,120.8,125.4,126.3,122.6,116.8,116.3,117.7,125.5,128.4,132.4,135.2,137.0,138.6,135.4,138.6,142.1,141.7,141.5,144.7,148.6,152.6,147.1,164.5,165.2,173.2,177.7,182.1,192.3,194.5,197.5,196.0,198.5,209.0,221.3,224.7,238.2,236.2,213.9,256.1,252.8,250.0,249.2,254.1,253.5,257.5,254.4,273.6,279.7,260.7,298.8,288.2,294.2,307.5,321.7,312.4,303.8,306.0,295.7,311.3,305.9,302.8,272.4,250.6,271.5,286.0,303.9,317.1,330.0,340.9,357.1,360.3,355.3,360.4,384.5,385.8,390.8,396.2,395.1,397.2,391.1,399.7,400.0,371.0,344.3,362.8,378.3,378.9,374.6,385.3,374.3,368.2,385.3,370.2,378.6,407.7,439.5,461.1,498.1,519.0,532.4,548.0,535.9,562.3,556.8,578.7,578.1,602.7,619.4,624.2,620.5,636.0,648.3,663.2,660.1,652.5,667.9,688.3,691.5,694.8,693.8,706.4,728.8,727.6,724.6,705.2,697.1,709.5,729.5,745.6,751.0,763.4,775.4,794.0,811.2,827.9,838.8,872.5,892.9,926.1,952.2,979.0,1000.4,1009.9,1013.4,1026.4,1059.7,1083.4,1118.6,1140.6,1189.3,1229.3,1274.6,1302.1,1351.0,1381.9,1400.5,1445.7,1466.9,1509.0,1565.2,1603.8,1668.1,1719.6,1779.0,1778.1,1748.5,1696.8,1662.8,1639.8,1686.9,1739.8,1765.6,1802.9,1777.9,1805.9,1829.1,1894.6,1952.7,2033.0,2053.6,2102.0,2126.8,2151.2,2156.9,2222.0,2269.9,2297.6,2315.2,2321.4,2358.7,2369.4,2368.7,2339.3,2361.6,2340.4,2293.0,2199.5,1986.7,1905.7,1977.0,2063.4,2116.9,2217.8,2296.0,2310.7,2328.5,2345.9,2364.9,2391.3,2405.3,2417.0,2420.9,2397.8,2405.5,2436.6,2447.1,2456.6,2486.8,2548.0,2541.8,2607.7,2650.5,2672.0,2683.4,2683.5,2682.3,2684.9,2702.6,2755.5,2784.5,2794.8,2790.0,2882.7
"20","        Goods","---","---","---","---","---","---","---","---","---","---","---","---","---","---","---","---","---","---","---","---","---","---","---","---","---","---","---","---","---","---","---","---","---","---","---","---","---","---","---","---","---","---","---","---","---","---","---","---","---","---","---","---","---","---","---","---","---","---","---","---","---","---","---","---","---","---","---","---","---","---","---","---","---","---","---","---","---","---","---","---","---","---","---","---","---","---","---","---","---","---","---","---","---","---","---","---","---","---","---","---","---","---","---","---","---","---","---","---","---","---","---","---","---","---","---","---","---","---","---","---","---","---","---","---","---","---","---","---","---","---","---","---","---","---","---","---","---","---","---","---","---","---","---","---","---","---","---","---","---","---","---","---","---","---","---","---","---","---","---","---","---","---","---","---","---","---","---","---","---","---","---","---","---","---","---","---","---","---","---","---","---","---","---","---","---","---","---","---","---","---","---","---","---","---","---","---","---","---","---","---","---","---","---","---","---","---","---","---",1222.5,1265.0,1314.2,1346.1,1399.3,1439.4,1488.8,1494.2,1467.1,1410.5,1383.7,1372.4,1398.1,1457.6,1483.8,1504.9,1487.6,1526.8,1530.7,1587.0,1631.0,1698.2,1722.4,1765.0,1787.5,1805.8,1810.0,1868.3,1900.1,1924.6,1944.9,1931.9,1965.1,1970.7,1968.4,1939.3,1950.1,1932.4,1883.8,1785.1,1594.1,1515.6,1585.1,1666.4,1719.4,1814.2,1880.4,1893.0,1917.7,1921.3,1931.8,1957.8,1969.9,1978.1,1981.2,1959.4,1968.0,1996.1,2004.7,2012.8,2041.3,2095.2,2089.6,2146.1,2187.3,2203.8,2207.7,2205.8,2203.2,2204.6,2211.4,2260.7,2286.7,2294.3,2292.9,2384.0
"21","        Services","---","---","---","---","---","---","---","---","---","---","---","---","---","---","---","---","---","---","---","---","---","---","---","---","---","---","---","---","---","---","---","---","---","---","---","---","---","---","---","---","---","---","---","---","---","---","---","---","---","---","---","---","---","---","---","---","---","---","---","---","---","---","---","---","---","---","---","---","---","---","---","---","---","---","---","---","---","---","---","---","---","---","---","---","---","---","---","---","---","---","---","---","---","---","---","---","---","---","---","---","---","---","---","---","---","---","---","---","---","---","---","---","---","---","---","---","---","---","---","---","---","---","---","---","---","---","---","---","---","---","---","---","---","---","---","---","---","---","---","---","---","---","---","---","---","---","---","---","---","---","---","---","---","---","---","---","---","---","---","---","---","---","---","---","---","---","---","---","---","---","---","---","---","---","---","---","---","---","---","---","---","---","---","---","---","---","---","---","---","---","---","---","---","---","---","---","---","---","---","---","---","---","---","---","---","---","---","---",241.1,240.3,247.0,253.4,264.5,276.0,286.0,279.1,276.8,282.7,275.5,263.5,285.0,278.1,277.5,293.8,286.2,275.0,294.0,303.1,317.1,330.1,326.4,332.1,334.2,340.3,341.7,348.2,364.7,367.7,364.7,384.8,388.7,394.0,395.7,395.6,407.8,404.2,406.8,414.2,392.6,390.0,391.9,396.9,397.2,402.7,414.6,416.6,408.7,423.5,432.4,432.4,434.1,437.9,438.6,437.7,436.5,439.3,441.2,442.6,443.9,450.9,450.3,459.7,461.3,466.3,473.7,475.7,477.0,478.2,488.6,492.4,495.5,498.2,494.8,497.1
"22","Government consumption expenditures and gross investment",478.7,482.8,485.9,482.5,488.6,505.0,515.0,533.8,548.6,572.5,577.6,565.8,557.1,566.6,557.3,597.2,660.9,748.8,830.9,874.8,900.5,930.7,940.0,955.6,985.5,1005.9,995.2,992.4,967.3,934.3,914.3,908.6,909.2,900.5,906.1,888.3,888.1,905.9,898.3,920.7,940.7,935.7,943.5,959.3,950.8,974.7,980.6,1000.7,989.4,1001.7,1010.3,1002.1,985.2,995.8,1020.0,1026.8,1042.0,1044.4,1066.4,1089.7,1110.7,1116.0,1141.7,1149.6,1134.1,1135.1,1185.4,1173.7,1177.3,1187.9,1189.4,1189.0,1187.7,1202.0,1241.7,1265.4,1289.0,1313.4,1349.1,1372.4,1429.8,1424.2,1440.2,1451.4,1477.2,1485.0,1489.7,1491.0,1494.7,1490.0,1493.5,1473.9,1466.9,1450.2,1456.5,1457.2,1436.1,1432.8,1432.4,1422.6,1429.3,1438.0,1409.3,1420.1,1431.6,1424.5,1406.4,1415.8,1442.4,1451.6,1453.5,1459.9,1476.1,1466.2,1489.5,1503.4,1506.5,1491.4,1483.9,1484.4,1497.3,1512.0,1515.4,1512.1,1513.9,1554.1,1566.4,1580.6,1566.9,1583.0,1585.1,1595.4,1620.2,1625.9,1601.9,1601.8,1622.8,1627.9,1621.6,1639.9,1638.2,1648.9,1659.3,1685.8,1701.9,1719.1,1747.3,1718.0,1738.1,1777.1,1791.8,1826.0,1848.0,1891.0,1935.4,1941.8,1958.0,1997.8,2043.4,2031.5,2044.3,2062.9,2067.7,2092.8,2078.6,2086.1,2087.5,2126.8,2117.2,2151.8,2169.8,2181.5,2215.8,2221.2,2219.9,2240.2,2251.2,2259.2,2250.8,2242.3,2259.7,2256.8,2268.4,2263.5,2237.8,2240.3,2245.1,2250.0,2222.1,2235.1,2272.7,2252.2,2256.8,2268.6,2262.4,2242.1,2246.8,2282.8,2285.2,2301.9,2301.3,2325.3,2329.0,2332.5,2319.0,2366.0,2387.6,2409.4,2418.1,2431.7,2460.3,2496.7,2476.2,2506.4,2501.2,2509.0,2546.3,2596.4,2594.6,2632.4,2671.3,2696.9,2717.8,2737.1,2728.3,2771.2,2771.2,2786.3,2793.9,2809.9,2820.7,2808.2,2814.1,2818.9,2841.0,2830.7,2853.5,2864.1,2870.4,2889.1,2882.7,2907.0,2928.0,2939.8,2952.0,2975.0,3016.2,3035.9,3040.5,3096.0,3113.0,3106.8,3084.3,3106.2,3103.5,3071.5,3012.2,3009.0,2990.0,2978.3,2963.7,2949.4,2940.9,2912.3,2880.6,2866.2,2852.0,2831.5,2827.2,2834.7,2849.5,2845.0,2855.7,2879.9,2888.3,2890.2,2903.2,2896.3,2899.9,2901.2,2896.6,2895.2,2900.0,2920.6
"23","    Federal","---","---","---","---","---","---","---","---","---","---","---","---","---","---","---","---","---","---","---","---","---","---","---","---","---","---","---","---","---","---","---","---","---","---","---","---","---","---","---","---","---","---","---","---","---","---","---","---","---","---","---","---","---","---","---","---","---","---","---","---","---","---","---","---","---","---","---","---","---","---","---","---","---","---","---","---","---","---","---","---","---","---","---","---","---","---","---","---","---","---","---","---","---","---","---","---","---","---","---","---","---","---","---","---","---","---","---","---","---","---","---","---","---","---","---","---","---","---","---","---","---","---","---","---","---","---","---","---","---","---","---","---","---","---","---","---","---","---","---","---","---","---","---","---","---","---","---","---","---","---","---","---","---","---","---","---","---","---","---","---","---","---","---","---","---","---","---","---","---","---","---","---","---","---","---","---","---","---","---","---","---","---","---","---","---","---","---","---","---","---","---","---","---","---","---","---","---","---","---","---","---","---","---","---","---","---","---","---",801.2,805.2,819.4,835.6,804.6,832.8,818.9,814.6,832.3,848.7,855.9,862.6,884.0,904.7,919.0,935.7,935.9,982.8,977.1,996.0,1003.0,1013.0,1030.7,1021.8,1027.6,1029.8,1048.6,1033.2,1058.9,1057.7,1058.0,1069.0,1054.5,1071.2,1091.6,1097.5,1115.2,1135.7,1169.1,1189.3,1180.1,1218.9,1235.6,1236.2,1247.8,1273.4,1285.0,1276.4,1241.2,1246.0,1233.3,1225.2,1223.9,1214.8,1216.2,1199.0,1166.1,1150.5,1135.5,1119.1,1118.1,1113.7,1122.1,1106.1,1110.3,1115.1,1112.0,1118.9,1114.6,1112.1,1116.5,1115.2,1108.4,1113.7,1117.4,1126.4
"24","        National defense","---","---","---","---","---","---","---","---","---","---","---","---","---","---","---","---","---","---","---","---","---","---","---","---","---","---","---","---","---","---","---","---","---","---","---","---","---","---","---","---","---","---","---","---","---","---","---","---","---","---","---","---","---","---","---","---","---","---","---","---","---","---","---","---","---","---","---","---","---","---","---","---","---","---","---","---","---","---","---","---","---","---","---","---","---","---","---","---","---","---","---","---","---","---","---","---","---","---","---","---","---","---","---","---","---","---","---","---","---","---","---","---","---","---","---","---","---","---","---","---","---","---","---","---","---","---","---","---","---","---","---","---","---","---","---","---","---","---","---","---","---","---","---","---","---","---","---","---","---","---","---","---","---","---","---","---","---","---","---","---","---","---","---","---","---","---","---","---","---","---","---","---","---","---","---","---","---","---","---","---","---","---","---","---","---","---","---","---","---","---","---","---","---","---","---","---","---","---","---","---","---","---","---","---","---","---","---","---",503.6,508.9,522.6,532.8,500.9,522.8,512.6,512.7,519.6,528.4,534.2,537.8,549.9,562.8,572.4,584.1,583.7,625.3,617.3,635.5,640.9,648.0,668.4,653.4,659.1,664.6,679.1,659.3,672.6,678.0,674.2,690.5,676.6,691.0,706.9,708.0,719.7,733.6,764.5,774.5,757.5,788.4,804.9,802.3,798.6,811.0,825.9,818.6,788.4,801.3,805.1,785.3,777.9,769.2,770.8,754.7,731.1,721.2,709.0,701.5,691.8,689.0,693.1,673.5,671.8,675.2,667.4,673.4,668.9,665.4,669.6,664.1,658.6,666.2,670.2,679.4
"25","        Nondefense","---","---","---","---","---","---","---","---","---","---","---","---","---","---","---","---","---","---","---","---","---","---","---","---","---","---","---","---","---","---","---","---","---","---","---","---","---","---","---","---","---","---","---","---","---","---","---","---","---","---","---","---","---","---","---","---","---","---","---","---","---","---","---","---","---","---","---","---","---","---","---","---","---","---","---","---","---","---","---","---","---","---","---","---","---","---","---","---","---","---","---","---","---","---","---","---","---","---","---","---","---","---","---","---","---","---","---","---","---","---","---","---","---","---","---","---","---","---","---","---","---","---","---","---","---","---","---","---","---","---","---","---","---","---","---","---","---","---","---","---","---","---","---","---","---","---","---","---","---","---","---","---","---","---","---","---","---","---","---","---","---","---","---","---","---","---","---","---","---","---","---","---","---","---","---","---","---","---","---","---","---","---","---","---","---","---","---","---","---","---","---","---","---","---","---","---","---","---","---","---","---","---","---","---","---","---","---","---",297.6,296.4,297.0,303.0,303.5,310.0,306.2,301.9,312.6,320.1,321.5,324.5,333.9,341.7,346.4,351.4,352.1,357.5,359.8,360.6,362.1,365.0,362.4,368.5,368.6,365.3,369.6,374.0,386.4,379.8,383.8,378.5,378.0,380.2,384.7,389.6,395.5,402.1,404.5,414.8,422.6,430.4,430.7,433.9,449.2,462.4,459.1,457.7,452.7,444.7,428.2,439.9,446.0,445.6,445.4,444.2,435.0,429.2,426.4,417.6,426.1,424.5,428.8,432.2,438.0,439.5,444.0,445.0,445.1,446.1,446.4,450.3,449.0,446.9,446.6,446.6
"26","    State and local","---","---","---","---","---","---","---","---","---","---","---","---","---","---","---","---","---","---","---","---","---","---","---","---","---","---","---","---","---","---","---","---","---","---","---","---","---","---","---","---","---","---","---","---","---","---","---","---","---","---","---","---","---","---","---","---","---","---","---","---","---","---","---","---","---","---","---","---","---","---","---","---","---","---","---","---","---","---","---","---","---","---","---","---","---","---","---","---","---","---","---","---","---","---","---","---","---","---","---","---","---","---","---","---","---","---","---","---","---","---","---","---","---","---","---","---","---","---","---","---","---","---","---","---","---","---","---","---","---","---","---","---","---","---","---","---","---","---","---","---","---","---","---","---","---","---","---","---","---","---","---","---","---","---","---","---","---","---","---","---","---","---","---","---","---","---","---","---","---","---","---","---","---","---","---","---","---","---","---","---","---","---","---","---","---","---","---","---","---","---","---","---","---","---","---","---","---","---","---","---","---","---","---","---","---","---","---","---",1624.5,1634.0,1648.0,1668.1,1680.8,1681.2,1691.0,1703.6,1722.9,1756.8,1747.3,1778.9,1795.9,1799.8,1805.9,1807.9,1798.5,1791.7,1798.0,1793.0,1793.3,1799.0,1791.0,1787.7,1787.6,1790.2,1792.9,1798.6,1794.9,1806.9,1813.0,1820.6,1829.0,1836.4,1836.7,1842.5,1836.9,1839.3,1847.1,1846.6,1860.4,1877.1,1877.4,1870.6,1836.5,1832.8,1818.5,1795.2,1771.1,1763.0,1756.8,1753.1,1739.8,1734.5,1724.7,1713.3,1714.1,1715.2,1715.7,1711.5,1708.2,1719.9,1726.4,1737.4,1743.9,1763.1,1774.4,1769.7,1786.6,1782.3,1781.6,1784.1,1786.2,1779.6,1780.7,1792.4
"27","Residual",-2.6,-9.5,-14.4,-7.1,-4.9,-10.4,-12.1,-24.0,-38.0,-57.8,-56.6,-61.6,-40.3,-32.8,-20.1,-17.4,-51.5,-75.9,-110.7,-135.3,-141.7,-165.3,-167.5,-165.6,-173.1,-180.1,-177.3,-185.0,-177.2,-162.1,-149.6,-140.6,-128.7,-119.3,-116.7,-107.9,-110.7,-114.5,-111.9,-117.4,-123.9,-124.2,-124.6,-141.9,-152.0,-161.8,-155.1,-151.9,-139.1,-131.1,-142.2,-136.2,-112.0,-126.7,-135.6,-150.6,-152.4,-145.5,-143.2,-146.7,-146.0,-144.1,-152.6,-160.1,-147.1,-139.5,-152.8,-145.0,-137.5,-140.1,-137.6,-134.8,-126.7,-120.6,-130.0,-131.6,-126.4,-133.0,-147.0,-150.1,-168.7,-173.9,-175.5,-173.1,-175.0,-169.7,-171.9,-171.4,-171.8,-156.7,-156.3,-158.0,-161.2,-153.9,-153.5,-161.1,-139.6,-134.3,-129.4,-140.1,-123.2,-118.8,-108.1,-108.6,-95.8,-80.1,-83.4,-70.2,-80.1,-80.6,-100.1,-93.1,-116.9,-117.7,-121.9,-116.7,-108.7,-101.5,-100.6,-103.1,-105.4,-87.6,-71.9,-88.1,-90.1,-62.8,-56.1,-46.3,-43.0,-46.9,-43.0,-42.8,-43.6,-46.2,-42.8,-32.2,-14.0,-27.9,-10.6,-32.2,-68.4,-66.0,-90.0,-119.0,-114.8,-109.0,-109.5,-84.1,-72.3,-74.4,-72.4,-85.4,-94.0,-105.1,-116.0,-109.3,-107.8,-125.7,-143.7,-137.4,-130.3,-132.7,-131.4,-115.3,-117.5,-104.3,-104.6,-107.9,-92.4,-93.7,-97.0,-101.8,-103.8,-101.8,-104.3,-113.8,-120.0,-118.1,-113.2,-104.9,-108.3,-99.5,-98.3,-94.2,-88.5,-88.7,-92.4,-84.5,-73.8,-66.4,-74.0,-63.1,-62.3,-66.9,-59.6,-51.4,-51.9,-48.5,-43.6,-39.7,-38.2,-30.9,-27.3,-26.4,-18.4,-26.0,-24.5,-19.8,-137.3,-112.1,-99.0,-101.1,-80.1,-83.1,-84.8,-87.0,-83.3,-101.0,-104.5,-73.4,-80.0,-74.5,-60.5,-67.1,-63.0,-50.7,-37.3,-32.1,-28.2,-22.2,-16.3,-11.0,-10.1,-0.4,3.7,-2.3,1.1,-4.6,-6.7,-5.5,-6.7,-7.1,-10.3,-15.3,-20.1,-17.6,-7.2,-10.1,-9.8,-1.9,4.6,6.8,4.0,-1.8,-1.8,-5.0,-10.4,-3.4,-17.0,-12.0,-15.1,-17.4,-19.9,-26.5,-26.5,-26.4,-20.2,-21.6,-30.3,-35.7,-41.3,-42.8,-41.8,-43.7,-46.5,-47.1,-41.4,-48.2,-54.2,-55.2,-54.0,-63.5,-77.4,-87.2
"Legend / Footnotes:"
"Note. Chained (2009) dollar series are calculated as the product of the chain-type quantity index and the 2009 current-dollar value of the corresponding series, divided by 100. Because the formula for the chain-type quantity indexes uses weights of more than one period, the corresponding chained-dollar estimates are usually not additive. The residual line is the difference between the first line and the sum of the most detailed lines."
